2025-07-27 12:14:26,353 - EnhancedCBTCollector - INFO - Collecting from nhs_cbt (Priority: 1)
2025-07-27 12:14:26,354 - EnhancedCBTCollector - INFO - Starting enhanced collection from nhs_cbt: https://www.nhs.uk/mental-health/talking-therapies-medicine-treatments/talking-therapies-and-counselling/cognitive-behavioural-therapy-cbt/
2025-07-27 12:14:26,422 - EnhancedCBTCollector - INFO - Collected high-quality content from https://www.nhs.uk/mental-health/talking-therapies-medicine-treatments/talking-therapies-and-counselling/cognitive-behavioural-therapy-cbt/ (Score: 65)
2025-07-27 12:14:28,437 - EnhancedCBTCollector - INFO - Starting enhanced collection from nhs_cbt: https://www.nhs.uk/mental-health/talking-therapies-medicine-treatments/
2025-07-27 12:14:28,470 - EnhancedCBTCollector - WARNING - Content from https://www.nhs.uk/mental-health/talking-therapies-medicine-treatments/ failed quality assessment (Score: 20)
2025-07-27 12:14:30,473 - EnhancedCBTCollector - INFO - Starting enhanced collection from nhs_cbt: https://www.nhs.uk/mental-health/talking-therapies-medicine-treatments/talking-therapies-and-counselling/nhs-talking-therapies/
2025-07-27 12:14:30,530 - EnhancedCBTCollector - INFO - Collected high-quality content from https://www.nhs.uk/mental-health/talking-therapies-medicine-treatments/talking-therapies-and-counselling/nhs-talking-therapies/ (Score: 70)
2025-07-27 12:14:32,533 - EnhancedCBTCollector - INFO - Starting enhanced collection from nhs_cbt: https://www.nhs.uk/mental-health/talking-therapies-medicine-treatments/
2025-07-27 12:14:32,586 - EnhancedCBTCollector - WARNING - Content from https://www.nhs.uk/mental-health/talking-therapies-medicine-treatments/ failed quality assessment (Score: 20)
2025-07-27 12:14:34,603 - EnhancedCBTCollector - INFO - Starting enhanced collection from nhs_cbt: https://www.nhs.uk/mental-health/talking-therapies-medicine-treatments/talking-therapies-and-counselling/nhs-talking-therapies/
2025-07-27 12:14:34,639 - EnhancedCBTCollector - INFO - Collected high-quality content from https://www.nhs.uk/mental-health/talking-therapies-medicine-treatments/talking-therapies-and-counselling/nhs-talking-therapies/ (Score: 70)
2025-07-27 12:14:36,652 - EnhancedCBTCollector - INFO - Starting enhanced collection from nhs_cbt: https://www.nhs.uk/mental-health/talking-therapies-medicine-treatments/
2025-07-27 12:14:36,712 - EnhancedCBTCollector - WARNING - Content from https://www.nhs.uk/mental-health/talking-therapies-medicine-treatments/ failed quality assessment (Score: 20)
2025-07-27 12:14:38,722 - EnhancedCBTCollector - INFO - Starting enhanced collection from nhs_cbt: https://www.nhs.uk/mental-health/talking-therapies-medicine-treatments/talking-therapies-and-counselling/nhs-talking-therapies/
2025-07-27 12:14:38,760 - EnhancedCBTCollector - INFO - Collected high-quality content from https://www.nhs.uk/mental-health/talking-therapies-medicine-treatments/talking-therapies-and-counselling/nhs-talking-therapies/ (Score: 70)
2025-07-27 12:14:40,775 - EnhancedCBTCollector - INFO - Starting enhanced collection from nhs_cbt: https://www.nhs.uk/mental-health/talking-therapies-medicine-treatments/
2025-07-27 12:14:40,806 - EnhancedCBTCollector - WARNING - Content from https://www.nhs.uk/mental-health/talking-therapies-medicine-treatments/ failed quality assessment (Score: 20)
2025-07-27 12:14:42,816 - EnhancedCBTCollector - INFO - Starting enhanced collection from nhs_cbt: https://www.nhs.uk/mental-health/talking-therapies-medicine-treatments/talking-therapies-and-counselling/nhs-talking-therapies/
2025-07-27 12:14:42,855 - EnhancedCBTCollector - INFO - Collected high-quality content from https://www.nhs.uk/mental-health/talking-therapies-medicine-treatments/talking-therapies-and-counselling/nhs-talking-therapies/ (Score: 70)
2025-07-27 12:14:44,871 - EnhancedCBTCollector - INFO - Starting enhanced collection from nhs_cbt: https://www.nhs.uk/mental-health/talking-therapies-medicine-treatments/
2025-07-27 12:14:44,900 - EnhancedCBTCollector - WARNING - Content from https://www.nhs.uk/mental-health/talking-therapies-medicine-treatments/ failed quality assessment (Score: 20)
2025-07-27 12:14:46,909 - EnhancedCBTCollector - INFO - Starting enhanced collection from nhs_cbt: https://www.nhs.uk/mental-health/talking-therapies-medicine-treatments/talking-therapies-and-counselling/nhs-talking-therapies/
2025-07-27 12:14:46,948 - EnhancedCBTCollector - INFO - Collected high-quality content from https://www.nhs.uk/mental-health/talking-therapies-medicine-treatments/talking-therapies-and-counselling/nhs-talking-therapies/ (Score: 70)
2025-07-27 12:14:48,952 - EnhancedCBTCollector - INFO - Starting enhanced collection from nhs_cbt: https://www.nhs.uk/mental-health/talking-therapies-medicine-treatments/
2025-07-27 12:14:48,991 - EnhancedCBTCollector - WARNING - Content from https://www.nhs.uk/mental-health/talking-therapies-medicine-treatments/ failed quality assessment (Score: 20)
2025-07-27 12:14:50,993 - EnhancedCBTCollector - INFO - Starting enhanced collection from nhs_cbt: https://www.nhs.uk/mental-health/talking-therapies-medicine-treatments/talking-therapies-and-counselling/nhs-talking-therapies/
2025-07-27 12:14:51,024 - EnhancedCBTCollector - INFO - Collected high-quality content from https://www.nhs.uk/mental-health/talking-therapies-medicine-treatments/talking-therapies-and-counselling/nhs-talking-therapies/ (Score: 70)
2025-07-27 12:14:53,033 - EnhancedCBTCollector - INFO - Starting enhanced collection from nhs_cbt: https://www.nhs.uk/mental-health/talking-therapies-medicine-treatments/
2025-07-27 12:14:53,061 - EnhancedCBTCollector - WARNING - Content from https://www.nhs.uk/mental-health/talking-therapies-medicine-treatments/ failed quality assessment (Score: 20)
2025-07-27 12:14:55,077 - EnhancedCBTCollector - INFO - Starting enhanced collection from nhs_cbt: https://www.nhs.uk/mental-health/talking-therapies-medicine-treatments/talking-therapies-and-counselling/nhs-talking-therapies/
2025-07-27 12:14:55,112 - EnhancedCBTCollector - INFO - Collected high-quality content from https://www.nhs.uk/mental-health/talking-therapies-medicine-treatments/talking-therapies-and-counselling/nhs-talking-therapies/ (Score: 70)
2025-07-27 12:14:57,128 - EnhancedCBTCollector - INFO - Starting enhanced collection from nhs_cbt: https://www.nhs.uk/mental-health/talking-therapies-medicine-treatments/
2025-07-27 12:14:57,156 - EnhancedCBTCollector - WARNING - Content from https://www.nhs.uk/mental-health/talking-therapies-medicine-treatments/ failed quality assessment (Score: 20)
2025-07-27 12:14:59,164 - EnhancedCBTCollector - INFO - Starting enhanced collection from nhs_cbt: https://www.nhs.uk/mental-health/talking-therapies-medicine-treatments/talking-therapies-and-counselling/nhs-talking-therapies/
2025-07-27 12:14:59,198 - EnhancedCBTCollector - INFO - Collected high-quality content from https://www.nhs.uk/mental-health/talking-therapies-medicine-treatments/talking-therapies-and-counselling/nhs-talking-therapies/ (Score: 70)
2025-07-27 12:15:01,204 - EnhancedCBTCollector - INFO - Starting enhanced collection from nhs_cbt: https://www.nhs.uk/mental-health/talking-therapies-medicine-treatments/
2025-07-27 12:15:01,233 - EnhancedCBTCollector - WARNING - Content from https://www.nhs.uk/mental-health/talking-therapies-medicine-treatments/ failed quality assessment (Score: 20)
2025-07-27 12:15:03,239 - EnhancedCBTCollector - INFO - Starting enhanced collection from nhs_cbt: https://www.nhs.uk/mental-health/talking-therapies-medicine-treatments/talking-therapies-and-counselling/nhs-talking-therapies/
2025-07-27 12:15:03,359 - EnhancedCBTCollector - INFO - Collected high-quality content from https://www.nhs.uk/mental-health/talking-therapies-medicine-treatments/talking-therapies-and-counselling/nhs-talking-therapies/ (Score: 70)
2025-07-27 12:15:05,367 - EnhancedCBTCollector - INFO - Starting enhanced collection from nhs_cbt: https://www.nhs.uk/mental-health/talking-therapies-medicine-treatments/
2025-07-27 12:15:05,395 - EnhancedCBTCollector - WARNING - Content from https://www.nhs.uk/mental-health/talking-therapies-medicine-treatments/ failed quality assessment (Score: 20)
2025-07-27 12:15:07,408 - EnhancedCBTCollector - INFO - Starting enhanced collection from nhs_cbt: https://www.nhs.uk/mental-health/talking-therapies-medicine-treatments/talking-therapies-and-counselling/nhs-talking-therapies/
2025-07-27 12:15:07,450 - EnhancedCBTCollector - INFO - Collected high-quality content from https://www.nhs.uk/mental-health/talking-therapies-medicine-treatments/talking-therapies-and-counselling/nhs-talking-therapies/ (Score: 70)
2025-07-27 12:15:09,461 - EnhancedCBTCollector - INFO - Starting enhanced collection from nhs_cbt: https://www.nhs.uk/mental-health/talking-therapies-medicine-treatments/
2025-07-27 12:15:09,496 - EnhancedCBTCollector - WARNING - Content from https://www.nhs.uk/mental-health/talking-therapies-medicine-treatments/ failed quality assessment (Score: 20)
2025-07-27 12:15:11,506 - EnhancedCBTCollector - INFO - Starting enhanced collection from nhs_cbt: https://www.nhs.uk/mental-health/talking-therapies-medicine-treatments/talking-therapies-and-counselling/nhs-talking-therapies/
2025-07-27 12:15:11,563 - EnhancedCBTCollector - INFO - Collected high-quality content from https://www.nhs.uk/mental-health/talking-therapies-medicine-treatments/talking-therapies-and-counselling/nhs-talking-therapies/ (Score: 70)
2025-07-27 12:15:13,579 - EnhancedCBTCollector - INFO - Starting enhanced collection from nhs_cbt: https://www.nhs.uk/mental-health/talking-therapies-medicine-treatments/
2025-07-27 12:15:13,608 - EnhancedCBTCollector - WARNING - Content from https://www.nhs.uk/mental-health/talking-therapies-medicine-treatments/ failed quality assessment (Score: 20)
2025-07-27 12:15:15,617 - EnhancedCBTCollector - INFO - Starting enhanced collection from nhs_cbt: https://www.nhs.uk/mental-health/talking-therapies-medicine-treatments/talking-therapies-and-counselling/nhs-talking-therapies/
2025-07-27 12:15:15,675 - EnhancedCBTCollector - INFO - Collected high-quality content from https://www.nhs.uk/mental-health/talking-therapies-medicine-treatments/talking-therapies-and-counselling/nhs-talking-therapies/ (Score: 70)
2025-07-27 12:15:17,682 - EnhancedCBTCollector - INFO - Starting enhanced collection from nhs_cbt: https://www.nhs.uk/mental-health/talking-therapies-medicine-treatments/
2025-07-27 12:15:17,714 - EnhancedCBTCollector - WARNING - Content from https://www.nhs.uk/mental-health/talking-therapies-medicine-treatments/ failed quality assessment (Score: 20)
2025-07-27 12:15:19,722 - EnhancedCBTCollector - INFO - Starting enhanced collection from nhs_cbt: https://www.nhs.uk/mental-health/talking-therapies-medicine-treatments/talking-therapies-and-counselling/nhs-talking-therapies/
2025-07-27 12:15:19,753 - EnhancedCBTCollector - INFO - Collected high-quality content from https://www.nhs.uk/mental-health/talking-therapies-medicine-treatments/talking-therapies-and-counselling/nhs-talking-therapies/ (Score: 70)
2025-07-27 12:15:21,761 - EnhancedCBTCollector - INFO - Starting enhanced collection from nhs_cbt: https://www.nhs.uk/mental-health/talking-therapies-medicine-treatments/
2025-07-27 12:15:21,794 - EnhancedCBTCollector - WARNING - Content from https://www.nhs.uk/mental-health/talking-therapies-medicine-treatments/ failed quality assessment (Score: 20)
2025-07-27 12:15:23,797 - EnhancedCBTCollector - INFO - Starting enhanced collection from nhs_cbt: https://www.nhs.uk/mental-health/talking-therapies-medicine-treatments/talking-therapies-and-counselling/nhs-talking-therapies/
2025-07-27 12:15:23,832 - EnhancedCBTCollector - INFO - Collected high-quality content from https://www.nhs.uk/mental-health/talking-therapies-medicine-treatments/talking-therapies-and-counselling/nhs-talking-therapies/ (Score: 70)
2025-07-27 12:15:25,842 - EnhancedCBTCollector - INFO - Starting enhanced collection from nhs_cbt: https://www.nhs.uk/mental-health/talking-therapies-medicine-treatments/
2025-07-27 12:15:25,871 - EnhancedCBTCollector - WARNING - Content from https://www.nhs.uk/mental-health/talking-therapies-medicine-treatments/ failed quality assessment (Score: 20)
2025-07-27 12:15:27,880 - EnhancedCBTCollector - INFO - Starting enhanced collection from nhs_cbt: https://www.nhs.uk/mental-health/talking-therapies-medicine-treatments/talking-therapies-and-counselling/nhs-talking-therapies/
2025-07-27 12:15:27,912 - EnhancedCBTCollector - INFO - Collected high-quality content from https://www.nhs.uk/mental-health/talking-therapies-medicine-treatments/talking-therapies-and-counselling/nhs-talking-therapies/ (Score: 70)
2025-07-27 12:15:29,923 - EnhancedCBTCollector - INFO - Starting enhanced collection from nhs_cbt: https://www.nhs.uk/mental-health/talking-therapies-medicine-treatments/
2025-07-27 12:15:29,957 - EnhancedCBTCollector - WARNING - Content from https://www.nhs.uk/mental-health/talking-therapies-medicine-treatments/ failed quality assessment (Score: 20)
2025-07-27 12:15:31,961 - EnhancedCBTCollector - INFO - Starting enhanced collection from nhs_cbt: https://www.nhs.uk/mental-health/talking-therapies-medicine-treatments/talking-therapies-and-counselling/nhs-talking-therapies/
2025-07-27 12:15:32,000 - EnhancedCBTCollector - INFO - Collected high-quality content from https://www.nhs.uk/mental-health/talking-therapies-medicine-treatments/talking-therapies-and-counselling/nhs-talking-therapies/ (Score: 70)
2025-07-27 12:15:34,012 - EnhancedCBTCollector - INFO - Starting enhanced collection from nhs_cbt: https://www.nhs.uk/mental-health/talking-therapies-medicine-treatments/
2025-07-27 12:15:34,039 - EnhancedCBTCollector - WARNING - Content from https://www.nhs.uk/mental-health/talking-therapies-medicine-treatments/ failed quality assessment (Score: 20)
2025-07-27 12:15:36,050 - EnhancedCBTCollector - INFO - Starting enhanced collection from nhs_cbt: https://www.nhs.uk/mental-health/talking-therapies-medicine-treatments/talking-therapies-and-counselling/nhs-talking-therapies/
2025-07-27 12:15:36,085 - EnhancedCBTCollector - INFO - Collected high-quality content from https://www.nhs.uk/mental-health/talking-therapies-medicine-treatments/talking-therapies-and-counselling/nhs-talking-therapies/ (Score: 70)
2025-07-27 12:15:38,092 - EnhancedCBTCollector - INFO - Starting enhanced collection from nhs_cbt: https://www.nhs.uk/mental-health/talking-therapies-medicine-treatments/
2025-07-27 12:15:38,120 - EnhancedCBTCollector - WARNING - Content from https://www.nhs.uk/mental-health/talking-therapies-medicine-treatments/ failed quality assessment (Score: 20)
2025-07-27 12:15:40,133 - EnhancedCBTCollector - INFO - Starting enhanced collection from nhs_cbt: https://www.nhs.uk/mental-health/talking-therapies-medicine-treatments/talking-therapies-and-counselling/nhs-talking-therapies/
2025-07-27 12:15:40,166 - EnhancedCBTCollector - INFO - Collected high-quality content from https://www.nhs.uk/mental-health/talking-therapies-medicine-treatments/talking-therapies-and-counselling/nhs-talking-therapies/ (Score: 70)
2025-07-27 12:15:42,173 - EnhancedCBTCollector - INFO - Starting enhanced collection from nhs_cbt: https://www.nhs.uk/mental-health/talking-therapies-medicine-treatments/
2025-07-27 12:15:42,201 - EnhancedCBTCollector - WARNING - Content from https://www.nhs.uk/mental-health/talking-therapies-medicine-treatments/ failed quality assessment (Score: 20)
2025-07-27 12:15:44,215 - EnhancedCBTCollector - INFO - Starting enhanced collection from nhs_cbt: https://www.nhs.uk/mental-health/talking-therapies-medicine-treatments/talking-therapies-and-counselling/nhs-talking-therapies/
2025-07-27 12:15:44,248 - EnhancedCBTCollector - INFO - Collected high-quality content from https://www.nhs.uk/mental-health/talking-therapies-medicine-treatments/talking-therapies-and-counselling/nhs-talking-therapies/ (Score: 70)
2025-07-27 12:15:46,250 - EnhancedCBTCollector - INFO - Starting enhanced collection from nhs_cbt: https://www.nhs.uk/mental-health/talking-therapies-medicine-treatments/
2025-07-27 12:15:46,302 - EnhancedCBTCollector - WARNING - Content from https://www.nhs.uk/mental-health/talking-therapies-medicine-treatments/ failed quality assessment (Score: 20)
2025-07-27 12:15:48,307 - EnhancedCBTCollector - INFO - Starting enhanced collection from nhs_cbt: https://www.nhs.uk/mental-health/talking-therapies-medicine-treatments/talking-therapies-and-counselling/nhs-talking-therapies/
2025-07-27 12:15:48,363 - EnhancedCBTCollector - INFO - Collected high-quality content from https://www.nhs.uk/mental-health/talking-therapies-medicine-treatments/talking-therapies-and-counselling/nhs-talking-therapies/ (Score: 70)
2025-07-27 12:15:50,372 - EnhancedCBTCollector - INFO - Starting enhanced collection from nhs_cbt: https://www.nhs.uk/mental-health/talking-therapies-medicine-treatments/
2025-07-27 12:15:50,401 - EnhancedCBTCollector - WARNING - Content from https://www.nhs.uk/mental-health/talking-therapies-medicine-treatments/ failed quality assessment (Score: 20)
2025-07-27 12:15:52,413 - EnhancedCBTCollector - INFO - Starting enhanced collection from nhs_cbt: https://www.nhs.uk/mental-health/talking-therapies-medicine-treatments/talking-therapies-and-counselling/nhs-talking-therapies/
2025-07-27 12:15:52,454 - EnhancedCBTCollector - INFO - Collected high-quality content from https://www.nhs.uk/mental-health/talking-therapies-medicine-treatments/talking-therapies-and-counselling/nhs-talking-therapies/ (Score: 70)
2025-07-27 12:15:54,456 - EnhancedCBTCollector - INFO - Starting enhanced collection from nhs_cbt: https://www.nhs.uk/mental-health/talking-therapies-medicine-treatments/
2025-07-27 12:15:54,508 - EnhancedCBTCollector - WARNING - Content from https://www.nhs.uk/mental-health/talking-therapies-medicine-treatments/ failed quality assessment (Score: 20)
2025-07-27 12:15:56,513 - EnhancedCBTCollector - INFO - Starting enhanced collection from nhs_cbt: https://www.nhs.uk/mental-health/talking-therapies-medicine-treatments/talking-therapies-and-counselling/nhs-talking-therapies/
2025-07-27 12:15:56,569 - EnhancedCBTCollector - INFO - Collected high-quality content from https://www.nhs.uk/mental-health/talking-therapies-medicine-treatments/talking-therapies-and-counselling/nhs-talking-therapies/ (Score: 70)
2025-07-27 12:15:58,584 - EnhancedCBTCollector - INFO - Starting enhanced collection from nhs_cbt: https://www.nhs.uk/mental-health/talking-therapies-medicine-treatments/
2025-07-27 12:15:58,636 - EnhancedCBTCollector - WARNING - Content from https://www.nhs.uk/mental-health/talking-therapies-medicine-treatments/ failed quality assessment (Score: 20)
2025-07-27 12:16:00,649 - EnhancedCBTCollector - INFO - Starting enhanced collection from nhs_cbt: https://www.nhs.uk/mental-health/talking-therapies-medicine-treatments/talking-therapies-and-counselling/nhs-talking-therapies/
2025-07-27 12:16:00,682 - EnhancedCBTCollector - INFO - Collected high-quality content from https://www.nhs.uk/mental-health/talking-therapies-medicine-treatments/talking-therapies-and-counselling/nhs-talking-therapies/ (Score: 70)
2025-07-27 12:16:02,690 - EnhancedCBTCollector - INFO - Starting enhanced collection from nhs_cbt: https://www.nhs.uk/mental-health/talking-therapies-medicine-treatments/
2025-07-27 12:16:02,717 - EnhancedCBTCollector - WARNING - Content from https://www.nhs.uk/mental-health/talking-therapies-medicine-treatments/ failed quality assessment (Score: 20)
2025-07-27 12:16:04,726 - EnhancedCBTCollector - INFO - Starting enhanced collection from nhs_cbt: https://www.nhs.uk/mental-health/talking-therapies-medicine-treatments/talking-therapies-and-counselling/nhs-talking-therapies/
2025-07-27 12:16:04,761 - EnhancedCBTCollector - INFO - Collected high-quality content from https://www.nhs.uk/mental-health/talking-therapies-medicine-treatments/talking-therapies-and-counselling/nhs-talking-therapies/ (Score: 70)
2025-07-27 12:16:06,776 - EnhancedCBTCollector - INFO - Starting enhanced collection from nhs_cbt: https://www.nhs.uk/mental-health/talking-therapies-medicine-treatments/
2025-07-27 12:16:06,829 - EnhancedCBTCollector - WARNING - Content from https://www.nhs.uk/mental-health/talking-therapies-medicine-treatments/ failed quality assessment (Score: 20)
2025-07-27 12:16:08,843 - EnhancedCBTCollector - INFO - Starting enhanced collection from nhs_cbt: https://www.nhs.uk/mental-health/talking-therapies-medicine-treatments/talking-therapies-and-counselling/nhs-talking-therapies/
2025-07-27 12:16:08,900 - EnhancedCBTCollector - INFO - Collected high-quality content from https://www.nhs.uk/mental-health/talking-therapies-medicine-treatments/talking-therapies-and-counselling/nhs-talking-therapies/ (Score: 70)
2025-07-27 12:16:10,912 - EnhancedCBTCollector - INFO - Starting enhanced collection from nhs_cbt: https://www.nhs.uk/mental-health/talking-therapies-medicine-treatments/
2025-07-27 12:16:10,964 - EnhancedCBTCollector - WARNING - Content from https://www.nhs.uk/mental-health/talking-therapies-medicine-treatments/ failed quality assessment (Score: 20)
2025-07-27 12:16:12,968 - EnhancedCBTCollector - INFO - Starting enhanced collection from nhs_cbt: https://www.nhs.uk/mental-health/talking-therapies-medicine-treatments/talking-therapies-and-counselling/nhs-talking-therapies/
2025-07-27 12:16:13,007 - EnhancedCBTCollector - INFO - Collected high-quality content from https://www.nhs.uk/mental-health/talking-therapies-medicine-treatments/talking-therapies-and-counselling/nhs-talking-therapies/ (Score: 70)
2025-07-27 12:16:15,009 - EnhancedCBTCollector - INFO - Starting enhanced collection from nhs_cbt: https://www.nhs.uk/mental-health/talking-therapies-medicine-treatments/
2025-07-27 12:16:15,045 - EnhancedCBTCollector - WARNING - Content from https://www.nhs.uk/mental-health/talking-therapies-medicine-treatments/ failed quality assessment (Score: 20)
2025-07-27 12:16:17,051 - EnhancedCBTCollector - INFO - Starting enhanced collection from nhs_cbt: https://www.nhs.uk/mental-health/talking-therapies-medicine-treatments/talking-therapies-and-counselling/nhs-talking-therapies/
2025-07-27 12:16:17,090 - EnhancedCBTCollector - INFO - Collected high-quality content from https://www.nhs.uk/mental-health/talking-therapies-medicine-treatments/talking-therapies-and-counselling/nhs-talking-therapies/ (Score: 70)
2025-07-27 12:16:19,092 - EnhancedCBTCollector - INFO - Starting enhanced collection from nhs_cbt: https://www.nhs.uk/mental-health/talking-therapies-medicine-treatments/
2025-07-27 12:16:19,120 - EnhancedCBTCollector - WARNING - Content from https://www.nhs.uk/mental-health/talking-therapies-medicine-treatments/ failed quality assessment (Score: 20)
2025-07-27 12:16:21,132 - EnhancedCBTCollector - INFO - Starting enhanced collection from nhs_cbt: https://www.nhs.uk/mental-health/talking-therapies-medicine-treatments/talking-therapies-and-counselling/nhs-talking-therapies/
2025-07-27 12:16:21,190 - EnhancedCBTCollector - INFO - Collected high-quality content from https://www.nhs.uk/mental-health/talking-therapies-medicine-treatments/talking-therapies-and-counselling/nhs-talking-therapies/ (Score: 70)
2025-07-27 12:16:23,204 - EnhancedCBTCollector - INFO - Starting enhanced collection from nhs_cbt: https://www.nhs.uk/mental-health/talking-therapies-medicine-treatments/
2025-07-27 12:16:23,232 - EnhancedCBTCollector - WARNING - Content from https://www.nhs.uk/mental-health/talking-therapies-medicine-treatments/ failed quality assessment (Score: 20)
2025-07-27 12:16:25,237 - EnhancedCBTCollector - INFO - Starting enhanced collection from nhs_cbt: https://www.nhs.uk/mental-health/talking-therapies-medicine-treatments/talking-therapies-and-counselling/nhs-talking-therapies/
2025-07-27 12:16:25,269 - EnhancedCBTCollector - INFO - Collected high-quality content from https://www.nhs.uk/mental-health/talking-therapies-medicine-treatments/talking-therapies-and-counselling/nhs-talking-therapies/ (Score: 70)
2025-07-27 12:16:27,282 - EnhancedCBTCollector - INFO - Starting enhanced collection from nhs_cbt: https://www.nhs.uk/mental-health/talking-therapies-medicine-treatments/
2025-07-27 12:16:27,310 - EnhancedCBTCollector - WARNING - Content from https://www.nhs.uk/mental-health/talking-therapies-medicine-treatments/ failed quality assessment (Score: 20)
2025-07-27 12:16:29,316 - EnhancedCBTCollector - INFO - Starting enhanced collection from nhs_cbt: https://www.nhs.uk/mental-health/talking-therapies-medicine-treatments/talking-therapies-and-counselling/nhs-talking-therapies/
2025-07-27 12:16:29,350 - EnhancedCBTCollector - INFO - Collected high-quality content from https://www.nhs.uk/mental-health/talking-therapies-medicine-treatments/talking-therapies-and-counselling/nhs-talking-therapies/ (Score: 70)
2025-07-27 12:16:31,366 - EnhancedCBTCollector - INFO - Starting enhanced collection from nhs_cbt: https://www.nhs.uk/mental-health/talking-therapies-medicine-treatments/
2025-07-27 12:16:31,418 - EnhancedCBTCollector - WARNING - Content from https://www.nhs.uk/mental-health/talking-therapies-medicine-treatments/ failed quality assessment (Score: 20)
2025-07-27 12:16:33,422 - EnhancedCBTCollector - INFO - Starting enhanced collection from nhs_cbt: https://www.nhs.uk/mental-health/talking-therapies-medicine-treatments/talking-therapies-and-counselling/nhs-talking-therapies/
2025-07-27 12:16:33,455 - EnhancedCBTCollector - INFO - Collected high-quality content from https://www.nhs.uk/mental-health/talking-therapies-medicine-treatments/talking-therapies-and-counselling/nhs-talking-therapies/ (Score: 70)
2025-07-27 12:16:46,116 - EnhancedCBTCollector - INFO - Collecting from nhs_cbt (Priority: 1)
2025-07-27 12:16:46,116 - EnhancedCBTCollector - INFO - Starting enhanced collection from nhs_cbt: https://www.nhs.uk/mental-health/talking-therapies-medicine-treatments/talking-therapies-and-counselling/cognitive-behavioural-therapy-cbt/
2025-07-27 12:16:46,157 - EnhancedCBTCollector - INFO - Collected high-quality content from https://www.nhs.uk/mental-health/talking-therapies-medicine-treatments/talking-therapies-and-counselling/cognitive-behavioural-therapy-cbt/ (Score: 65)
2025-07-27 12:16:48,163 - EnhancedCBTCollector - INFO - Starting enhanced collection from nhs_cbt: https://www.nhs.uk/mental-health/talking-therapies-medicine-treatments/
2025-07-27 12:16:48,191 - EnhancedCBTCollector - WARNING - Content from https://www.nhs.uk/mental-health/talking-therapies-medicine-treatments/ failed quality assessment (Score: 20)
2025-07-27 12:16:50,204 - EnhancedCBTCollector - INFO - Starting enhanced collection from nhs_cbt: https://www.nhs.uk/mental-health/talking-therapies-medicine-treatments/talking-therapies-and-counselling/nhs-talking-therapies/
2025-07-27 12:16:50,236 - EnhancedCBTCollector - INFO - Collected high-quality content from https://www.nhs.uk/mental-health/talking-therapies-medicine-treatments/talking-therapies-and-counselling/nhs-talking-therapies/ (Score: 70)
2025-07-27 12:16:52,242 - EnhancedCBTCollector - INFO - Starting enhanced collection from nhs_cbt: https://www.nhs.uk/mental-health/talking-therapies-medicine-treatments/
2025-07-27 12:16:52,295 - EnhancedCBTCollector - WARNING - Content from https://www.nhs.uk/mental-health/talking-therapies-medicine-treatments/ failed quality assessment (Score: 20)
2025-07-27 12:16:54,308 - EnhancedCBTCollector - INFO - Starting enhanced collection from nhs_cbt: https://www.nhs.uk/mental-health/talking-therapies-medicine-treatments/talking-therapies-and-counselling/nhs-talking-therapies/
2025-07-27 12:16:54,341 - EnhancedCBTCollector - INFO - Collected high-quality content from https://www.nhs.uk/mental-health/talking-therapies-medicine-treatments/talking-therapies-and-counselling/nhs-talking-therapies/ (Score: 70)
2025-07-27 12:16:56,354 - EnhancedCBTCollector - INFO - Starting enhanced collection from nhs_cbt: https://www.nhs.uk/mental-health/talking-therapies-medicine-treatments/
2025-07-27 12:16:56,385 - EnhancedCBTCollector - WARNING - Content from https://www.nhs.uk/mental-health/talking-therapies-medicine-treatments/ failed quality assessment (Score: 20)
2025-07-27 12:16:58,389 - EnhancedCBTCollector - INFO - Starting enhanced collection from nhs_cbt: https://www.nhs.uk/mental-health/talking-therapies-medicine-treatments/talking-therapies-and-counselling/nhs-talking-therapies/
2025-07-27 12:16:58,427 - EnhancedCBTCollector - INFO - Collected high-quality content from https://www.nhs.uk/mental-health/talking-therapies-medicine-treatments/talking-therapies-and-counselling/nhs-talking-therapies/ (Score: 70)
2025-07-27 12:17:00,442 - EnhancedCBTCollector - INFO - Starting enhanced collection from nhs_cbt: https://www.nhs.uk/mental-health/talking-therapies-medicine-treatments/
2025-07-27 12:17:00,495 - EnhancedCBTCollector - WARNING - Content from https://www.nhs.uk/mental-health/talking-therapies-medicine-treatments/ failed quality assessment (Score: 20)
2025-07-27 12:17:02,508 - EnhancedCBTCollector - INFO - Starting enhanced collection from nhs_cbt: https://www.nhs.uk/mental-health/talking-therapies-medicine-treatments/talking-therapies-and-counselling/nhs-talking-therapies/
2025-07-27 12:17:02,547 - EnhancedCBTCollector - INFO - Collected high-quality content from https://www.nhs.uk/mental-health/talking-therapies-medicine-treatments/talking-therapies-and-counselling/nhs-talking-therapies/ (Score: 70)
2025-07-27 12:17:04,560 - EnhancedCBTCollector - INFO - Starting enhanced collection from nhs_cbt: https://www.nhs.uk/mental-health/talking-therapies-medicine-treatments/
2025-07-27 12:17:04,598 - EnhancedCBTCollector - WARNING - Content from https://www.nhs.uk/mental-health/talking-therapies-medicine-treatments/ failed quality assessment (Score: 20)
2025-07-27 12:17:06,609 - EnhancedCBTCollector - INFO - Starting enhanced collection from nhs_cbt: https://www.nhs.uk/mental-health/talking-therapies-medicine-treatments/talking-therapies-and-counselling/nhs-talking-therapies/
2025-07-27 12:17:06,643 - EnhancedCBTCollector - INFO - Collected high-quality content from https://www.nhs.uk/mental-health/talking-therapies-medicine-treatments/talking-therapies-and-counselling/nhs-talking-therapies/ (Score: 70)
2025-07-27 12:17:08,645 - EnhancedCBTCollector - INFO - Starting enhanced collection from nhs_cbt: https://www.nhs.uk/mental-health/talking-therapies-medicine-treatments/
2025-07-27 12:17:08,698 - EnhancedCBTCollector - WARNING - Content from https://www.nhs.uk/mental-health/talking-therapies-medicine-treatments/ failed quality assessment (Score: 20)
2025-07-27 12:17:10,712 - EnhancedCBTCollector - INFO - Starting enhanced collection from nhs_cbt: https://www.nhs.uk/mental-health/talking-therapies-medicine-treatments/talking-therapies-and-counselling/nhs-talking-therapies/
2025-07-27 12:17:10,744 - EnhancedCBTCollector - INFO - Collected high-quality content from https://www.nhs.uk/mental-health/talking-therapies-medicine-treatments/talking-therapies-and-counselling/nhs-talking-therapies/ (Score: 70)
2025-07-27 12:17:12,750 - EnhancedCBTCollector - INFO - Starting enhanced collection from nhs_cbt: https://www.nhs.uk/mental-health/talking-therapies-medicine-treatments/
2025-07-27 12:17:12,786 - EnhancedCBTCollector - WARNING - Content from https://www.nhs.uk/mental-health/talking-therapies-medicine-treatments/ failed quality assessment (Score: 20)
2025-07-27 12:17:14,801 - EnhancedCBTCollector - INFO - Starting enhanced collection from nhs_cbt: https://www.nhs.uk/mental-health/talking-therapies-medicine-treatments/talking-therapies-and-counselling/nhs-talking-therapies/
2025-07-27 12:17:14,833 - EnhancedCBTCollector - INFO - Collected high-quality content from https://www.nhs.uk/mental-health/talking-therapies-medicine-treatments/talking-therapies-and-counselling/nhs-talking-therapies/ (Score: 70)
2025-07-27 12:17:16,843 - EnhancedCBTCollector - INFO - Starting enhanced collection from nhs_cbt: https://www.nhs.uk/mental-health/talking-therapies-medicine-treatments/
2025-07-27 12:17:16,870 - EnhancedCBTCollector - WARNING - Content from https://www.nhs.uk/mental-health/talking-therapies-medicine-treatments/ failed quality assessment (Score: 20)
2025-07-27 12:17:18,875 - EnhancedCBTCollector - INFO - Starting enhanced collection from nhs_cbt: https://www.nhs.uk/mental-health/talking-therapies-medicine-treatments/talking-therapies-and-counselling/nhs-talking-therapies/
2025-07-27 12:17:18,907 - EnhancedCBTCollector - INFO - Collected high-quality content from https://www.nhs.uk/mental-health/talking-therapies-medicine-treatments/talking-therapies-and-counselling/nhs-talking-therapies/ (Score: 70)
2025-07-27 12:17:20,916 - EnhancedCBTCollector - INFO - Starting enhanced collection from nhs_cbt: https://www.nhs.uk/mental-health/talking-therapies-medicine-treatments/
2025-07-27 12:17:20,969 - EnhancedCBTCollector - WARNING - Content from https://www.nhs.uk/mental-health/talking-therapies-medicine-treatments/ failed quality assessment (Score: 20)
2025-07-27 12:17:22,985 - EnhancedCBTCollector - INFO - Starting enhanced collection from nhs_cbt: https://www.nhs.uk/mental-health/talking-therapies-medicine-treatments/talking-therapies-and-counselling/nhs-talking-therapies/
2025-07-27 12:17:23,112 - EnhancedCBTCollector - INFO - Collected high-quality content from https://www.nhs.uk/mental-health/talking-therapies-medicine-treatments/talking-therapies-and-counselling/nhs-talking-therapies/ (Score: 70)
2025-07-27 12:17:25,129 - EnhancedCBTCollector - INFO - Starting enhanced collection from nhs_cbt: https://www.nhs.uk/mental-health/talking-therapies-medicine-treatments/
2025-07-27 12:17:25,180 - EnhancedCBTCollector - WARNING - Content from https://www.nhs.uk/mental-health/talking-therapies-medicine-treatments/ failed quality assessment (Score: 20)
2025-07-27 12:17:27,193 - EnhancedCBTCollector - INFO - Starting enhanced collection from nhs_cbt: https://www.nhs.uk/mental-health/talking-therapies-medicine-treatments/talking-therapies-and-counselling/nhs-talking-therapies/
2025-07-27 12:17:27,228 - EnhancedCBTCollector - INFO - Collected high-quality content from https://www.nhs.uk/mental-health/talking-therapies-medicine-treatments/talking-therapies-and-counselling/nhs-talking-therapies/ (Score: 70)
2025-07-27 12:17:29,234 - EnhancedCBTCollector - INFO - Starting enhanced collection from nhs_cbt: https://www.nhs.uk/mental-health/talking-therapies-medicine-treatments/
2025-07-27 12:17:29,291 - EnhancedCBTCollector - WARNING - Content from https://www.nhs.uk/mental-health/talking-therapies-medicine-treatments/ failed quality assessment (Score: 20)
2025-07-27 12:17:31,303 - EnhancedCBTCollector - INFO - Starting enhanced collection from nhs_cbt: https://www.nhs.uk/mental-health/talking-therapies-medicine-treatments/talking-therapies-and-counselling/nhs-talking-therapies/
2025-07-27 12:17:31,337 - EnhancedCBTCollector - INFO - Collected high-quality content from https://www.nhs.uk/mental-health/talking-therapies-medicine-treatments/talking-therapies-and-counselling/nhs-talking-therapies/ (Score: 70)
2025-07-27 12:17:33,353 - EnhancedCBTCollector - INFO - Starting enhanced collection from nhs_cbt: https://www.nhs.uk/mental-health/talking-therapies-medicine-treatments/
2025-07-27 12:17:33,381 - EnhancedCBTCollector - WARNING - Content from https://www.nhs.uk/mental-health/talking-therapies-medicine-treatments/ failed quality assessment (Score: 20)
2025-07-27 12:17:35,397 - EnhancedCBTCollector - INFO - Starting enhanced collection from nhs_cbt: https://www.nhs.uk/mental-health/talking-therapies-medicine-treatments/talking-therapies-and-counselling/nhs-talking-therapies/
2025-07-27 12:17:35,430 - EnhancedCBTCollector - INFO - Collected high-quality content from https://www.nhs.uk/mental-health/talking-therapies-medicine-treatments/talking-therapies-and-counselling/nhs-talking-therapies/ (Score: 70)
2025-07-27 12:17:37,433 - EnhancedCBTCollector - INFO - Starting enhanced collection from nhs_cbt: https://www.nhs.uk/mental-health/talking-therapies-medicine-treatments/
2025-07-27 12:17:37,487 - EnhancedCBTCollector - WARNING - Content from https://www.nhs.uk/mental-health/talking-therapies-medicine-treatments/ failed quality assessment (Score: 20)
2025-07-27 12:17:39,500 - EnhancedCBTCollector - INFO - Starting enhanced collection from nhs_cbt: https://www.nhs.uk/mental-health/talking-therapies-medicine-treatments/talking-therapies-and-counselling/nhs-talking-therapies/
2025-07-27 12:17:39,557 - EnhancedCBTCollector - INFO - Collected high-quality content from https://www.nhs.uk/mental-health/talking-therapies-medicine-treatments/talking-therapies-and-counselling/nhs-talking-therapies/ (Score: 70)
2025-07-27 12:17:41,571 - EnhancedCBTCollector - INFO - Starting enhanced collection from nhs_cbt: https://www.nhs.uk/mental-health/talking-therapies-medicine-treatments/
2025-07-27 12:17:41,600 - EnhancedCBTCollector - WARNING - Content from https://www.nhs.uk/mental-health/talking-therapies-medicine-treatments/ failed quality assessment (Score: 20)
2025-07-27 12:17:43,614 - EnhancedCBTCollector - INFO - Starting enhanced collection from nhs_cbt: https://www.nhs.uk/mental-health/talking-therapies-medicine-treatments/talking-therapies-and-counselling/nhs-talking-therapies/
2025-07-27 12:17:43,650 - EnhancedCBTCollector - INFO - Collected high-quality content from https://www.nhs.uk/mental-health/talking-therapies-medicine-treatments/talking-therapies-and-counselling/nhs-talking-therapies/ (Score: 70)
2025-07-27 12:17:45,660 - EnhancedCBTCollector - INFO - Starting enhanced collection from nhs_cbt: https://www.nhs.uk/mental-health/talking-therapies-medicine-treatments/
2025-07-27 12:17:45,711 - EnhancedCBTCollector - WARNING - Content from https://www.nhs.uk/mental-health/talking-therapies-medicine-treatments/ failed quality assessment (Score: 20)
2025-07-27 12:17:47,715 - EnhancedCBTCollector - INFO - Starting enhanced collection from nhs_cbt: https://www.nhs.uk/mental-health/talking-therapies-medicine-treatments/talking-therapies-and-counselling/nhs-talking-therapies/
2025-07-27 12:17:47,772 - EnhancedCBTCollector - INFO - Collected high-quality content from https://www.nhs.uk/mental-health/talking-therapies-medicine-treatments/talking-therapies-and-counselling/nhs-talking-therapies/ (Score: 70)
2025-07-27 12:17:49,786 - EnhancedCBTCollector - INFO - Starting enhanced collection from nhs_cbt: https://www.nhs.uk/mental-health/talking-therapies-medicine-treatments/
2025-07-27 12:17:49,843 - EnhancedCBTCollector - WARNING - Content from https://www.nhs.uk/mental-health/talking-therapies-medicine-treatments/ failed quality assessment (Score: 20)
2025-07-27 12:17:51,855 - EnhancedCBTCollector - INFO - Starting enhanced collection from nhs_cbt: https://www.nhs.uk/mental-health/talking-therapies-medicine-treatments/talking-therapies-and-counselling/nhs-talking-therapies/
2025-07-27 12:17:51,912 - EnhancedCBTCollector - INFO - Collected high-quality content from https://www.nhs.uk/mental-health/talking-therapies-medicine-treatments/talking-therapies-and-counselling/nhs-talking-therapies/ (Score: 70)
2025-07-27 12:17:53,924 - EnhancedCBTCollector - INFO - Starting enhanced collection from nhs_cbt: https://www.nhs.uk/mental-health/talking-therapies-medicine-treatments/
2025-07-27 12:17:53,952 - EnhancedCBTCollector - WARNING - Content from https://www.nhs.uk/mental-health/talking-therapies-medicine-treatments/ failed quality assessment (Score: 20)
2025-07-27 12:17:55,960 - EnhancedCBTCollector - INFO - Starting enhanced collection from nhs_cbt: https://www.nhs.uk/mental-health/talking-therapies-medicine-treatments/talking-therapies-and-counselling/nhs-talking-therapies/
2025-07-27 12:17:55,993 - EnhancedCBTCollector - INFO - Collected high-quality content from https://www.nhs.uk/mental-health/talking-therapies-medicine-treatments/talking-therapies-and-counselling/nhs-talking-therapies/ (Score: 70)
2025-07-27 12:17:58,002 - EnhancedCBTCollector - INFO - Starting enhanced collection from nhs_cbt: https://www.nhs.uk/mental-health/talking-therapies-medicine-treatments/
2025-07-27 12:17:58,035 - EnhancedCBTCollector - WARNING - Content from https://www.nhs.uk/mental-health/talking-therapies-medicine-treatments/ failed quality assessment (Score: 20)
2025-07-27 12:18:00,040 - EnhancedCBTCollector - INFO - Starting enhanced collection from nhs_cbt: https://www.nhs.uk/mental-health/talking-therapies-medicine-treatments/talking-therapies-and-counselling/nhs-talking-therapies/
2025-07-27 12:18:00,074 - EnhancedCBTCollector - INFO - Collected high-quality content from https://www.nhs.uk/mental-health/talking-therapies-medicine-treatments/talking-therapies-and-counselling/nhs-talking-therapies/ (Score: 70)
2025-07-27 12:18:02,079 - EnhancedCBTCollector - INFO - Starting enhanced collection from nhs_cbt: https://www.nhs.uk/mental-health/talking-therapies-medicine-treatments/
2025-07-27 12:18:02,122 - EnhancedCBTCollector - WARNING - Content from https://www.nhs.uk/mental-health/talking-therapies-medicine-treatments/ failed quality assessment (Score: 20)
2025-07-27 12:18:04,135 - EnhancedCBTCollector - INFO - Starting enhanced collection from nhs_cbt: https://www.nhs.uk/mental-health/talking-therapies-medicine-treatments/talking-therapies-and-counselling/nhs-talking-therapies/
2025-07-27 12:18:04,166 - EnhancedCBTCollector - INFO - Collected high-quality content from https://www.nhs.uk/mental-health/talking-therapies-medicine-treatments/talking-therapies-and-counselling/nhs-talking-therapies/ (Score: 70)
2025-07-27 12:18:06,172 - EnhancedCBTCollector - INFO - Starting enhanced collection from nhs_cbt: https://www.nhs.uk/mental-health/talking-therapies-medicine-treatments/
2025-07-27 12:18:06,199 - EnhancedCBTCollector - WARNING - Content from https://www.nhs.uk/mental-health/talking-therapies-medicine-treatments/ failed quality assessment (Score: 20)
2025-07-27 12:18:08,211 - EnhancedCBTCollector - INFO - Starting enhanced collection from nhs_cbt: https://www.nhs.uk/mental-health/talking-therapies-medicine-treatments/talking-therapies-and-counselling/nhs-talking-therapies/
2025-07-27 12:18:08,248 - EnhancedCBTCollector - INFO - Collected high-quality content from https://www.nhs.uk/mental-health/talking-therapies-medicine-treatments/talking-therapies-and-counselling/nhs-talking-therapies/ (Score: 70)
2025-07-27 12:18:10,253 - EnhancedCBTCollector - INFO - Starting enhanced collection from nhs_cbt: https://www.nhs.uk/mental-health/talking-therapies-medicine-treatments/
2025-07-27 12:18:10,282 - EnhancedCBTCollector - WARNING - Content from https://www.nhs.uk/mental-health/talking-therapies-medicine-treatments/ failed quality assessment (Score: 20)
2025-07-27 12:18:12,296 - EnhancedCBTCollector - INFO - Starting enhanced collection from nhs_cbt: https://www.nhs.uk/mental-health/talking-therapies-medicine-treatments/talking-therapies-and-counselling/nhs-talking-therapies/
2025-07-27 12:18:12,330 - EnhancedCBTCollector - INFO - Collected high-quality content from https://www.nhs.uk/mental-health/talking-therapies-medicine-treatments/talking-therapies-and-counselling/nhs-talking-therapies/ (Score: 70)
2025-07-27 12:18:14,340 - EnhancedCBTCollector - INFO - Starting enhanced collection from nhs_cbt: https://www.nhs.uk/mental-health/talking-therapies-medicine-treatments/
2025-07-27 12:18:14,374 - EnhancedCBTCollector - WARNING - Content from https://www.nhs.uk/mental-health/talking-therapies-medicine-treatments/ failed quality assessment (Score: 20)
2025-07-27 12:18:16,378 - EnhancedCBTCollector - INFO - Starting enhanced collection from nhs_cbt: https://www.nhs.uk/mental-health/talking-therapies-medicine-treatments/talking-therapies-and-counselling/nhs-talking-therapies/
2025-07-27 12:18:16,410 - EnhancedCBTCollector - INFO - Collected high-quality content from https://www.nhs.uk/mental-health/talking-therapies-medicine-treatments/talking-therapies-and-counselling/nhs-talking-therapies/ (Score: 70)
2025-07-27 12:18:18,419 - EnhancedCBTCollector - INFO - Starting enhanced collection from nhs_cbt: https://www.nhs.uk/mental-health/talking-therapies-medicine-treatments/
2025-07-27 12:18:18,448 - EnhancedCBTCollector - WARNING - Content from https://www.nhs.uk/mental-health/talking-therapies-medicine-treatments/ failed quality assessment (Score: 20)
2025-07-27 12:18:20,455 - EnhancedCBTCollector - INFO - Starting enhanced collection from nhs_cbt: https://www.nhs.uk/mental-health/talking-therapies-medicine-treatments/talking-therapies-and-counselling/nhs-talking-therapies/
2025-07-27 12:18:20,513 - EnhancedCBTCollector - INFO - Collected high-quality content from https://www.nhs.uk/mental-health/talking-therapies-medicine-treatments/talking-therapies-and-counselling/nhs-talking-therapies/ (Score: 70)
2025-07-27 12:18:22,525 - EnhancedCBTCollector - INFO - Starting enhanced collection from nhs_cbt: https://www.nhs.uk/mental-health/talking-therapies-medicine-treatments/
2025-07-27 12:18:22,554 - EnhancedCBTCollector - WARNING - Content from https://www.nhs.uk/mental-health/talking-therapies-medicine-treatments/ failed quality assessment (Score: 20)
2025-07-27 12:18:24,560 - EnhancedCBTCollector - INFO - Starting enhanced collection from nhs_cbt: https://www.nhs.uk/mental-health/talking-therapies-medicine-treatments/talking-therapies-and-counselling/nhs-talking-therapies/
2025-07-27 12:18:24,594 - EnhancedCBTCollector - INFO - Collected high-quality content from https://www.nhs.uk/mental-health/talking-therapies-medicine-treatments/talking-therapies-and-counselling/nhs-talking-therapies/ (Score: 70)
2025-07-27 12:18:26,599 - EnhancedCBTCollector - INFO - Starting enhanced collection from nhs_cbt: https://www.nhs.uk/mental-health/talking-therapies-medicine-treatments/
2025-07-27 12:18:26,627 - EnhancedCBTCollector - WARNING - Content from https://www.nhs.uk/mental-health/talking-therapies-medicine-treatments/ failed quality assessment (Score: 20)
2025-07-27 12:18:28,641 - EnhancedCBTCollector - INFO - Starting enhanced collection from nhs_cbt: https://www.nhs.uk/mental-health/talking-therapies-medicine-treatments/talking-therapies-and-counselling/nhs-talking-therapies/
2025-07-27 12:18:28,686 - EnhancedCBTCollector - INFO - Collected high-quality content from https://www.nhs.uk/mental-health/talking-therapies-medicine-treatments/talking-therapies-and-counselling/nhs-talking-therapies/ (Score: 70)
2025-07-27 12:18:30,701 - EnhancedCBTCollector - INFO - Starting enhanced collection from nhs_cbt: https://www.nhs.uk/mental-health/talking-therapies-medicine-treatments/
2025-07-27 12:18:30,735 - EnhancedCBTCollector - WARNING - Content from https://www.nhs.uk/mental-health/talking-therapies-medicine-treatments/ failed quality assessment (Score: 20)
2025-07-27 12:18:32,742 - EnhancedCBTCollector - INFO - Starting enhanced collection from nhs_cbt: https://www.nhs.uk/mental-health/talking-therapies-medicine-treatments/talking-therapies-and-counselling/nhs-talking-therapies/
2025-07-27 12:18:32,801 - EnhancedCBTCollector - INFO - Collected high-quality content from https://www.nhs.uk/mental-health/talking-therapies-medicine-treatments/talking-therapies-and-counselling/nhs-talking-therapies/ (Score: 70)
2025-07-27 12:18:34,815 - EnhancedCBTCollector - INFO - Starting enhanced collection from nhs_cbt: https://www.nhs.uk/mental-health/talking-therapies-medicine-treatments/
2025-07-27 12:18:34,843 - EnhancedCBTCollector - WARNING - Content from https://www.nhs.uk/mental-health/talking-therapies-medicine-treatments/ failed quality assessment (Score: 20)
2025-07-27 12:18:36,857 - EnhancedCBTCollector - INFO - Starting enhanced collection from nhs_cbt: https://www.nhs.uk/mental-health/talking-therapies-medicine-treatments/talking-therapies-and-counselling/nhs-talking-therapies/
2025-07-27 12:18:36,890 - EnhancedCBTCollector - INFO - Collected high-quality content from https://www.nhs.uk/mental-health/talking-therapies-medicine-treatments/talking-therapies-and-counselling/nhs-talking-therapies/ (Score: 70)
2025-07-27 12:18:38,897 - EnhancedCBTCollector - INFO - Starting enhanced collection from nhs_cbt: https://www.nhs.uk/mental-health/talking-therapies-medicine-treatments/
2025-07-27 12:18:38,925 - EnhancedCBTCollector - WARNING - Content from https://www.nhs.uk/mental-health/talking-therapies-medicine-treatments/ failed quality assessment (Score: 20)
2025-07-27 12:18:40,934 - EnhancedCBTCollector - INFO - Starting enhanced collection from nhs_cbt: https://www.nhs.uk/mental-health/talking-therapies-medicine-treatments/talking-therapies-and-counselling/nhs-talking-therapies/
2025-07-27 12:18:40,968 - EnhancedCBTCollector - INFO - Collected high-quality content from https://www.nhs.uk/mental-health/talking-therapies-medicine-treatments/talking-therapies-and-counselling/nhs-talking-therapies/ (Score: 70)
2025-07-27 12:18:42,973 - EnhancedCBTCollector - INFO - Starting enhanced collection from nhs_cbt: https://www.nhs.uk/mental-health/talking-therapies-medicine-treatments/
2025-07-27 12:18:43,026 - EnhancedCBTCollector - WARNING - Content from https://www.nhs.uk/mental-health/talking-therapies-medicine-treatments/ failed quality assessment (Score: 20)
2025-07-27 12:18:45,028 - EnhancedCBTCollector - INFO - Starting enhanced collection from nhs_cbt: https://www.nhs.uk/mental-health/talking-therapies-medicine-treatments/talking-therapies-and-counselling/nhs-talking-therapies/
2025-07-27 12:18:45,060 - EnhancedCBTCollector - INFO - Collected high-quality content from https://www.nhs.uk/mental-health/talking-therapies-medicine-treatments/talking-therapies-and-counselling/nhs-talking-therapies/ (Score: 70)
2025-07-27 12:18:47,073 - EnhancedCBTCollector - INFO - Starting enhanced collection from nhs_cbt: https://www.nhs.uk/mental-health/talking-therapies-medicine-treatments/
2025-07-27 12:18:47,126 - EnhancedCBTCollector - WARNING - Content from https://www.nhs.uk/mental-health/talking-therapies-medicine-treatments/ failed quality assessment (Score: 20)
2025-07-27 12:18:49,128 - EnhancedCBTCollector - INFO - Starting enhanced collection from nhs_cbt: https://www.nhs.uk/mental-health/talking-therapies-medicine-treatments/talking-therapies-and-counselling/nhs-talking-therapies/
2025-07-27 12:18:49,169 - EnhancedCBTCollector - INFO - Collected high-quality content from https://www.nhs.uk/mental-health/talking-therapies-medicine-treatments/talking-therapies-and-counselling/nhs-talking-therapies/ (Score: 70)
2025-07-27 12:18:51,181 - EnhancedCBTCollector - INFO - Starting enhanced collection from nhs_cbt: https://www.nhs.uk/mental-health/talking-therapies-medicine-treatments/
2025-07-27 12:18:51,236 - EnhancedCBTCollector - WARNING - Content from https://www.nhs.uk/mental-health/talking-therapies-medicine-treatments/ failed quality assessment (Score: 20)
2025-07-27 12:18:53,238 - EnhancedCBTCollector - INFO - Starting enhanced collection from nhs_cbt: https://www.nhs.uk/mental-health/talking-therapies-medicine-treatments/talking-therapies-and-counselling/nhs-talking-therapies/
2025-07-27 12:18:53,271 - EnhancedCBTCollector - INFO - Collected high-quality content from https://www.nhs.uk/mental-health/talking-therapies-medicine-treatments/talking-therapies-and-counselling/nhs-talking-therapies/ (Score: 70)
2025-07-27 12:18:55,282 - EnhancedCBTCollector - INFO - Starting enhanced collection from nhs_cbt: https://www.nhs.uk/mental-health/talking-therapies-medicine-treatments/
2025-07-27 12:18:55,313 - EnhancedCBTCollector - WARNING - Content from https://www.nhs.uk/mental-health/talking-therapies-medicine-treatments/ failed quality assessment (Score: 20)
2025-07-27 12:18:57,326 - EnhancedCBTCollector - INFO - Starting enhanced collection from nhs_cbt: https://www.nhs.uk/mental-health/talking-therapies-medicine-treatments/talking-therapies-and-counselling/nhs-talking-therapies/
2025-07-27 12:18:57,358 - EnhancedCBTCollector - INFO - Collected high-quality content from https://www.nhs.uk/mental-health/talking-therapies-medicine-treatments/talking-therapies-and-counselling/nhs-talking-therapies/ (Score: 70)
2025-07-27 12:18:59,368 - EnhancedCBTCollector - INFO - Starting enhanced collection from nhs_cbt: https://www.nhs.uk/mental-health/talking-therapies-medicine-treatments/
2025-07-27 12:18:59,400 - EnhancedCBTCollector - WARNING - Content from https://www.nhs.uk/mental-health/talking-therapies-medicine-treatments/ failed quality assessment (Score: 20)
2025-07-27 12:19:01,412 - EnhancedCBTCollector - INFO - Starting enhanced collection from nhs_cbt: https://www.nhs.uk/mental-health/talking-therapies-medicine-treatments/talking-therapies-and-counselling/nhs-talking-therapies/
2025-07-27 12:19:01,446 - EnhancedCBTCollector - INFO - Collected high-quality content from https://www.nhs.uk/mental-health/talking-therapies-medicine-treatments/talking-therapies-and-counselling/nhs-talking-therapies/ (Score: 70)
2025-07-27 12:19:03,450 - EnhancedCBTCollector - INFO - Starting enhanced collection from nhs_cbt: https://www.nhs.uk/mental-health/talking-therapies-medicine-treatments/
2025-07-27 12:19:03,479 - EnhancedCBTCollector - WARNING - Content from https://www.nhs.uk/mental-health/talking-therapies-medicine-treatments/ failed quality assessment (Score: 20)
2025-07-27 12:19:05,489 - EnhancedCBTCollector - INFO - Starting enhanced collection from nhs_cbt: https://www.nhs.uk/mental-health/talking-therapies-medicine-treatments/talking-therapies-and-counselling/nhs-talking-therapies/
2025-07-27 12:19:05,560 - EnhancedCBTCollector - INFO - Collected high-quality content from https://www.nhs.uk/mental-health/talking-therapies-medicine-treatments/talking-therapies-and-counselling/nhs-talking-therapies/ (Score: 70)
2025-07-27 12:19:07,563 - EnhancedCBTCollector - INFO - Starting enhanced collection from nhs_cbt: https://www.nhs.uk/mental-health/talking-therapies-medicine-treatments/
2025-07-27 12:19:07,601 - EnhancedCBTCollector - WARNING - Content from https://www.nhs.uk/mental-health/talking-therapies-medicine-treatments/ failed quality assessment (Score: 20)
2025-07-27 12:19:09,618 - EnhancedCBTCollector - INFO - Starting enhanced collection from nhs_cbt: https://www.nhs.uk/mental-health/talking-therapies-medicine-treatments/talking-therapies-and-counselling/nhs-talking-therapies/
2025-07-27 12:19:09,753 - EnhancedCBTCollector - INFO - Collected high-quality content from https://www.nhs.uk/mental-health/talking-therapies-medicine-treatments/talking-therapies-and-counselling/nhs-talking-therapies/ (Score: 70)
2025-07-27 12:19:11,756 - EnhancedCBTCollector - INFO - Starting enhanced collection from nhs_cbt: https://www.nhs.uk/mental-health/talking-therapies-medicine-treatments/
2025-07-27 12:19:11,808 - EnhancedCBTCollector - WARNING - Content from https://www.nhs.uk/mental-health/talking-therapies-medicine-treatments/ failed quality assessment (Score: 20)
2025-07-27 12:19:13,815 - EnhancedCBTCollector - INFO - Starting enhanced collection from nhs_cbt: https://www.nhs.uk/mental-health/talking-therapies-medicine-treatments/talking-therapies-and-counselling/nhs-talking-therapies/
2025-07-27 12:19:13,873 - EnhancedCBTCollector - INFO - Collected high-quality content from https://www.nhs.uk/mental-health/talking-therapies-medicine-treatments/talking-therapies-and-counselling/nhs-talking-therapies/ (Score: 70)
2025-07-27 12:19:15,888 - EnhancedCBTCollector - INFO - Starting enhanced collection from nhs_cbt: https://www.nhs.uk/mental-health/talking-therapies-medicine-treatments/
2025-07-27 12:19:15,942 - EnhancedCBTCollector - WARNING - Content from https://www.nhs.uk/mental-health/talking-therapies-medicine-treatments/ failed quality assessment (Score: 20)
2025-07-27 12:19:17,947 - EnhancedCBTCollector - INFO - Starting enhanced collection from nhs_cbt: https://www.nhs.uk/mental-health/talking-therapies-medicine-treatments/talking-therapies-and-counselling/nhs-talking-therapies/
2025-07-27 12:19:17,980 - EnhancedCBTCollector - INFO - Collected high-quality content from https://www.nhs.uk/mental-health/talking-therapies-medicine-treatments/talking-therapies-and-counselling/nhs-talking-therapies/ (Score: 70)
2025-07-27 12:19:19,983 - EnhancedCBTCollector - INFO - Starting enhanced collection from nhs_cbt: https://www.nhs.uk/mental-health/talking-therapies-medicine-treatments/
2025-07-27 12:19:20,011 - EnhancedCBTCollector - WARNING - Content from https://www.nhs.uk/mental-health/talking-therapies-medicine-treatments/ failed quality assessment (Score: 20)
2025-07-27 12:19:22,022 - EnhancedCBTCollector - INFO - Starting enhanced collection from nhs_cbt: https://www.nhs.uk/mental-health/talking-therapies-medicine-treatments/talking-therapies-and-counselling/nhs-talking-therapies/
2025-07-27 12:19:22,055 - EnhancedCBTCollector - INFO - Collected high-quality content from https://www.nhs.uk/mental-health/talking-therapies-medicine-treatments/talking-therapies-and-counselling/nhs-talking-therapies/ (Score: 70)
2025-07-27 12:19:24,061 - EnhancedCBTCollector - INFO - Starting enhanced collection from nhs_cbt: https://www.nhs.uk/mental-health/talking-therapies-medicine-treatments/
2025-07-27 12:19:24,115 - EnhancedCBTCollector - WARNING - Content from https://www.nhs.uk/mental-health/talking-therapies-medicine-treatments/ failed quality assessment (Score: 20)
2025-07-27 12:19:26,131 - EnhancedCBTCollector - INFO - Starting enhanced collection from nhs_cbt: https://www.nhs.uk/mental-health/talking-therapies-medicine-treatments/talking-therapies-and-counselling/nhs-talking-therapies/
2025-07-27 12:19:26,189 - EnhancedCBTCollector - INFO - Collected high-quality content from https://www.nhs.uk/mental-health/talking-therapies-medicine-treatments/talking-therapies-and-counselling/nhs-talking-therapies/ (Score: 70)
2025-07-27 12:19:28,200 - EnhancedCBTCollector - INFO - Starting enhanced collection from nhs_cbt: https://www.nhs.uk/mental-health/talking-therapies-medicine-treatments/
2025-07-27 12:19:28,253 - EnhancedCBTCollector - WARNING - Content from https://www.nhs.uk/mental-health/talking-therapies-medicine-treatments/ failed quality assessment (Score: 20)
2025-07-27 12:19:30,255 - EnhancedCBTCollector - INFO - Starting enhanced collection from nhs_cbt: https://www.nhs.uk/mental-health/talking-therapies-medicine-treatments/talking-therapies-and-counselling/nhs-talking-therapies/
2025-07-27 12:19:30,312 - EnhancedCBTCollector - INFO - Collected high-quality content from https://www.nhs.uk/mental-health/talking-therapies-medicine-treatments/talking-therapies-and-counselling/nhs-talking-therapies/ (Score: 70)
2025-07-27 12:19:32,316 - EnhancedCBTCollector - INFO - Starting enhanced collection from nhs_cbt: https://www.nhs.uk/mental-health/talking-therapies-medicine-treatments/
2025-07-27 12:19:32,345 - EnhancedCBTCollector - WARNING - Content from https://www.nhs.uk/mental-health/talking-therapies-medicine-treatments/ failed quality assessment (Score: 20)
2025-07-27 12:19:34,357 - EnhancedCBTCollector - INFO - Starting enhanced collection from nhs_cbt: https://www.nhs.uk/mental-health/talking-therapies-medicine-treatments/talking-therapies-and-counselling/nhs-talking-therapies/
2025-07-27 12:19:34,415 - EnhancedCBTCollector - INFO - Collected high-quality content from https://www.nhs.uk/mental-health/talking-therapies-medicine-treatments/talking-therapies-and-counselling/nhs-talking-therapies/ (Score: 70)
2025-07-27 12:19:36,423 - EnhancedCBTCollector - INFO - Starting enhanced collection from nhs_cbt: https://www.nhs.uk/mental-health/talking-therapies-medicine-treatments/
2025-07-27 12:19:36,476 - EnhancedCBTCollector - WARNING - Content from https://www.nhs.uk/mental-health/talking-therapies-medicine-treatments/ failed quality assessment (Score: 20)
2025-07-27 12:19:38,481 - EnhancedCBTCollector - INFO - Starting enhanced collection from nhs_cbt: https://www.nhs.uk/mental-health/talking-therapies-medicine-treatments/talking-therapies-and-counselling/nhs-talking-therapies/
2025-07-27 12:19:38,538 - EnhancedCBTCollector - INFO - Collected high-quality content from https://www.nhs.uk/mental-health/talking-therapies-medicine-treatments/talking-therapies-and-counselling/nhs-talking-therapies/ (Score: 70)
2025-07-27 12:19:40,552 - EnhancedCBTCollector - INFO - Starting enhanced collection from nhs_cbt: https://www.nhs.uk/mental-health/talking-therapies-medicine-treatments/
2025-07-27 12:19:40,580 - EnhancedCBTCollector - WARNING - Content from https://www.nhs.uk/mental-health/talking-therapies-medicine-treatments/ failed quality assessment (Score: 20)
2025-07-27 12:19:42,591 - EnhancedCBTCollector - INFO - Starting enhanced collection from nhs_cbt: https://www.nhs.uk/mental-health/talking-therapies-medicine-treatments/talking-therapies-and-counselling/nhs-talking-therapies/
2025-07-27 12:19:42,651 - EnhancedCBTCollector - INFO - Collected high-quality content from https://www.nhs.uk/mental-health/talking-therapies-medicine-treatments/talking-therapies-and-counselling/nhs-talking-therapies/ (Score: 70)
2025-07-27 12:19:44,664 - EnhancedCBTCollector - INFO - Starting enhanced collection from nhs_cbt: https://www.nhs.uk/mental-health/talking-therapies-medicine-treatments/
2025-07-27 12:19:44,694 - EnhancedCBTCollector - WARNING - Content from https://www.nhs.uk/mental-health/talking-therapies-medicine-treatments/ failed quality assessment (Score: 20)
2025-07-27 12:19:46,710 - EnhancedCBTCollector - INFO - Starting enhanced collection from nhs_cbt: https://www.nhs.uk/mental-health/talking-therapies-medicine-treatments/talking-therapies-and-counselling/nhs-talking-therapies/
2025-07-27 12:19:46,746 - EnhancedCBTCollector - INFO - Collected high-quality content from https://www.nhs.uk/mental-health/talking-therapies-medicine-treatments/talking-therapies-and-counselling/nhs-talking-therapies/ (Score: 70)
2025-07-27 12:19:48,751 - EnhancedCBTCollector - INFO - Starting enhanced collection from nhs_cbt: https://www.nhs.uk/mental-health/talking-therapies-medicine-treatments/
2025-07-27 12:19:48,781 - EnhancedCBTCollector - WARNING - Content from https://www.nhs.uk/mental-health/talking-therapies-medicine-treatments/ failed quality assessment (Score: 20)
2025-07-27 12:19:50,793 - EnhancedCBTCollector - INFO - Starting enhanced collection from nhs_cbt: https://www.nhs.uk/mental-health/talking-therapies-medicine-treatments/talking-therapies-and-counselling/nhs-talking-therapies/
2025-07-27 12:19:50,823 - EnhancedCBTCollector - INFO - Collected high-quality content from https://www.nhs.uk/mental-health/talking-therapies-medicine-treatments/talking-therapies-and-counselling/nhs-talking-therapies/ (Score: 70)
2025-07-27 12:19:52,834 - EnhancedCBTCollector - INFO - Starting enhanced collection from nhs_cbt: https://www.nhs.uk/mental-health/talking-therapies-medicine-treatments/
2025-07-27 12:19:52,861 - EnhancedCBTCollector - WARNING - Content from https://www.nhs.uk/mental-health/talking-therapies-medicine-treatments/ failed quality assessment (Score: 20)
2025-07-27 12:19:54,869 - EnhancedCBTCollector - INFO - Starting enhanced collection from nhs_cbt: https://www.nhs.uk/mental-health/talking-therapies-medicine-treatments/talking-therapies-and-counselling/nhs-talking-therapies/
2025-07-27 12:19:54,909 - EnhancedCBTCollector - INFO - Collected high-quality content from https://www.nhs.uk/mental-health/talking-therapies-medicine-treatments/talking-therapies-and-counselling/nhs-talking-therapies/ (Score: 70)
2025-07-27 12:19:56,911 - EnhancedCBTCollector - INFO - Starting enhanced collection from nhs_cbt: https://www.nhs.uk/mental-health/talking-therapies-medicine-treatments/
2025-07-27 12:19:56,944 - EnhancedCBTCollector - WARNING - Content from https://www.nhs.uk/mental-health/talking-therapies-medicine-treatments/ failed quality assessment (Score: 20)
2025-07-27 12:19:58,956 - EnhancedCBTCollector - INFO - Starting enhanced collection from nhs_cbt: https://www.nhs.uk/mental-health/talking-therapies-medicine-treatments/talking-therapies-and-counselling/nhs-talking-therapies/
2025-07-27 12:19:58,991 - EnhancedCBTCollector - INFO - Collected high-quality content from https://www.nhs.uk/mental-health/talking-therapies-medicine-treatments/talking-therapies-and-counselling/nhs-talking-therapies/ (Score: 70)
2025-07-27 12:20:00,994 - EnhancedCBTCollector - INFO - Starting enhanced collection from nhs_cbt: https://www.nhs.uk/mental-health/talking-therapies-medicine-treatments/
2025-07-27 12:20:01,026 - EnhancedCBTCollector - WARNING - Content from https://www.nhs.uk/mental-health/talking-therapies-medicine-treatments/ failed quality assessment (Score: 20)
2025-07-27 12:20:03,030 - EnhancedCBTCollector - INFO - Starting enhanced collection from nhs_cbt: https://www.nhs.uk/mental-health/talking-therapies-medicine-treatments/talking-therapies-and-counselling/nhs-talking-therapies/
2025-07-27 12:20:03,063 - EnhancedCBTCollector - INFO - Collected high-quality content from https://www.nhs.uk/mental-health/talking-therapies-medicine-treatments/talking-therapies-and-counselling/nhs-talking-therapies/ (Score: 70)
2025-07-27 12:20:05,064 - EnhancedCBTCollector - INFO - Starting enhanced collection from nhs_cbt: https://www.nhs.uk/mental-health/talking-therapies-medicine-treatments/
2025-07-27 12:20:05,093 - EnhancedCBTCollector - WARNING - Content from https://www.nhs.uk/mental-health/talking-therapies-medicine-treatments/ failed quality assessment (Score: 20)
2025-07-27 12:20:07,108 - EnhancedCBTCollector - INFO - Starting enhanced collection from nhs_cbt: https://www.nhs.uk/mental-health/talking-therapies-medicine-treatments/talking-therapies-and-counselling/nhs-talking-therapies/
2025-07-27 12:20:07,151 - EnhancedCBTCollector - INFO - Collected high-quality content from https://www.nhs.uk/mental-health/talking-therapies-medicine-treatments/talking-therapies-and-counselling/nhs-talking-therapies/ (Score: 70)
2025-07-27 12:20:09,161 - EnhancedCBTCollector - INFO - Starting enhanced collection from nhs_cbt: https://www.nhs.uk/mental-health/talking-therapies-medicine-treatments/
2025-07-27 12:20:09,190 - EnhancedCBTCollector - WARNING - Content from https://www.nhs.uk/mental-health/talking-therapies-medicine-treatments/ failed quality assessment (Score: 20)
2025-07-27 12:20:11,201 - EnhancedCBTCollector - INFO - Starting enhanced collection from nhs_cbt: https://www.nhs.uk/mental-health/talking-therapies-medicine-treatments/talking-therapies-and-counselling/nhs-talking-therapies/
2025-07-27 12:20:11,259 - EnhancedCBTCollector - INFO - Collected high-quality content from https://www.nhs.uk/mental-health/talking-therapies-medicine-treatments/talking-therapies-and-counselling/nhs-talking-therapies/ (Score: 70)
2025-07-27 12:20:13,275 - EnhancedCBTCollector - INFO - Starting enhanced collection from nhs_cbt: https://www.nhs.uk/mental-health/talking-therapies-medicine-treatments/
2025-07-27 12:20:13,327 - EnhancedCBTCollector - WARNING - Content from https://www.nhs.uk/mental-health/talking-therapies-medicine-treatments/ failed quality assessment (Score: 20)
2025-07-27 12:20:15,328 - EnhancedCBTCollector - INFO - Starting enhanced collection from nhs_cbt: https://www.nhs.uk/mental-health/talking-therapies-medicine-treatments/talking-therapies-and-counselling/nhs-talking-therapies/
2025-07-27 12:20:15,361 - EnhancedCBTCollector - INFO - Collected high-quality content from https://www.nhs.uk/mental-health/talking-therapies-medicine-treatments/talking-therapies-and-counselling/nhs-talking-therapies/ (Score: 70)
2025-07-27 12:20:17,367 - EnhancedCBTCollector - INFO - Starting enhanced collection from nhs_cbt: https://www.nhs.uk/mental-health/talking-therapies-medicine-treatments/
2025-07-27 12:20:17,406 - EnhancedCBTCollector - WARNING - Content from https://www.nhs.uk/mental-health/talking-therapies-medicine-treatments/ failed quality assessment (Score: 20)
2025-07-27 12:20:19,408 - EnhancedCBTCollector - INFO - Starting enhanced collection from nhs_cbt: https://www.nhs.uk/mental-health/talking-therapies-medicine-treatments/talking-therapies-and-counselling/nhs-talking-therapies/
2025-07-27 12:20:19,466 - EnhancedCBTCollector - INFO - Collected high-quality content from https://www.nhs.uk/mental-health/talking-therapies-medicine-treatments/talking-therapies-and-counselling/nhs-talking-therapies/ (Score: 70)
2025-07-27 12:20:21,482 - EnhancedCBTCollector - INFO - Starting enhanced collection from nhs_cbt: https://www.nhs.uk/mental-health/talking-therapies-medicine-treatments/
2025-07-27 12:20:21,534 - EnhancedCBTCollector - WARNING - Content from https://www.nhs.uk/mental-health/talking-therapies-medicine-treatments/ failed quality assessment (Score: 20)
2025-07-27 12:20:23,551 - EnhancedCBTCollector - INFO - Starting enhanced collection from nhs_cbt: https://www.nhs.uk/mental-health/talking-therapies-medicine-treatments/talking-therapies-and-counselling/nhs-talking-therapies/
2025-07-27 12:20:23,584 - EnhancedCBTCollector - INFO - Collected high-quality content from https://www.nhs.uk/mental-health/talking-therapies-medicine-treatments/talking-therapies-and-counselling/nhs-talking-therapies/ (Score: 70)
2025-07-27 12:20:25,592 - EnhancedCBTCollector - INFO - Starting enhanced collection from nhs_cbt: https://www.nhs.uk/mental-health/talking-therapies-medicine-treatments/
2025-07-27 12:20:25,620 - EnhancedCBTCollector - WARNING - Content from https://www.nhs.uk/mental-health/talking-therapies-medicine-treatments/ failed quality assessment (Score: 20)
2025-07-27 12:20:27,628 - EnhancedCBTCollector - INFO - Starting enhanced collection from nhs_cbt: https://www.nhs.uk/mental-health/talking-therapies-medicine-treatments/talking-therapies-and-counselling/nhs-talking-therapies/
2025-07-27 12:20:27,661 - EnhancedCBTCollector - INFO - Collected high-quality content from https://www.nhs.uk/mental-health/talking-therapies-medicine-treatments/talking-therapies-and-counselling/nhs-talking-therapies/ (Score: 70)
2025-07-27 12:20:29,667 - EnhancedCBTCollector - INFO - Starting enhanced collection from nhs_cbt: https://www.nhs.uk/mental-health/talking-therapies-medicine-treatments/
2025-07-27 12:20:29,694 - EnhancedCBTCollector - WARNING - Content from https://www.nhs.uk/mental-health/talking-therapies-medicine-treatments/ failed quality assessment (Score: 20)
2025-07-27 12:20:31,697 - EnhancedCBTCollector - INFO - Starting enhanced collection from nhs_cbt: https://www.nhs.uk/mental-health/talking-therapies-medicine-treatments/talking-therapies-and-counselling/nhs-talking-therapies/
2025-07-27 12:20:31,753 - EnhancedCBTCollector - INFO - Collected high-quality content from https://www.nhs.uk/mental-health/talking-therapies-medicine-treatments/talking-therapies-and-counselling/nhs-talking-therapies/ (Score: 70)
2025-07-27 12:20:33,765 - EnhancedCBTCollector - INFO - Starting enhanced collection from nhs_cbt: https://www.nhs.uk/mental-health/talking-therapies-medicine-treatments/
2025-07-27 12:20:33,796 - EnhancedCBTCollector - WARNING - Content from https://www.nhs.uk/mental-health/talking-therapies-medicine-treatments/ failed quality assessment (Score: 20)
2025-07-27 12:20:35,804 - EnhancedCBTCollector - INFO - Starting enhanced collection from nhs_cbt: https://www.nhs.uk/mental-health/talking-therapies-medicine-treatments/talking-therapies-and-counselling/nhs-talking-therapies/
2025-07-27 12:20:35,860 - EnhancedCBTCollector - INFO - Collected high-quality content from https://www.nhs.uk/mental-health/talking-therapies-medicine-treatments/talking-therapies-and-counselling/nhs-talking-therapies/ (Score: 70)
2025-07-27 12:20:37,875 - EnhancedCBTCollector - INFO - Starting enhanced collection from nhs_cbt: https://www.nhs.uk/mental-health/talking-therapies-medicine-treatments/
2025-07-27 12:20:37,909 - EnhancedCBTCollector - WARNING - Content from https://www.nhs.uk/mental-health/talking-therapies-medicine-treatments/ failed quality assessment (Score: 20)
2025-07-27 12:20:39,913 - EnhancedCBTCollector - INFO - Starting enhanced collection from nhs_cbt: https://www.nhs.uk/mental-health/talking-therapies-medicine-treatments/talking-therapies-and-counselling/nhs-talking-therapies/
2025-07-27 12:20:39,970 - EnhancedCBTCollector - INFO - Collected high-quality content from https://www.nhs.uk/mental-health/talking-therapies-medicine-treatments/talking-therapies-and-counselling/nhs-talking-therapies/ (Score: 70)
2025-07-27 12:20:41,973 - EnhancedCBTCollector - INFO - Starting enhanced collection from nhs_cbt: https://www.nhs.uk/mental-health/talking-therapies-medicine-treatments/
2025-07-27 12:20:42,002 - EnhancedCBTCollector - WARNING - Content from https://www.nhs.uk/mental-health/talking-therapies-medicine-treatments/ failed quality assessment (Score: 20)
2025-07-27 12:20:44,015 - EnhancedCBTCollector - INFO - Starting enhanced collection from nhs_cbt: https://www.nhs.uk/mental-health/talking-therapies-medicine-treatments/talking-therapies-and-counselling/nhs-talking-therapies/
2025-07-27 12:20:44,071 - EnhancedCBTCollector - INFO - Collected high-quality content from https://www.nhs.uk/mental-health/talking-therapies-medicine-treatments/talking-therapies-and-counselling/nhs-talking-therapies/ (Score: 70)
2025-07-27 12:20:46,076 - EnhancedCBTCollector - INFO - Starting enhanced collection from nhs_cbt: https://www.nhs.uk/mental-health/talking-therapies-medicine-treatments/
2025-07-27 12:20:46,105 - EnhancedCBTCollector - WARNING - Content from https://www.nhs.uk/mental-health/talking-therapies-medicine-treatments/ failed quality assessment (Score: 20)
2025-07-27 12:20:48,110 - EnhancedCBTCollector - INFO - Starting enhanced collection from nhs_cbt: https://www.nhs.uk/mental-health/talking-therapies-medicine-treatments/talking-therapies-and-counselling/nhs-talking-therapies/
2025-07-27 12:20:48,146 - EnhancedCBTCollector - INFO - Collected high-quality content from https://www.nhs.uk/mental-health/talking-therapies-medicine-treatments/talking-therapies-and-counselling/nhs-talking-therapies/ (Score: 70)
2025-07-27 12:20:50,157 - EnhancedCBTCollector - INFO - Starting enhanced collection from nhs_cbt: https://www.nhs.uk/mental-health/talking-therapies-medicine-treatments/
2025-07-27 12:20:50,186 - EnhancedCBTCollector - WARNING - Content from https://www.nhs.uk/mental-health/talking-therapies-medicine-treatments/ failed quality assessment (Score: 20)
2025-07-27 12:20:52,189 - EnhancedCBTCollector - INFO - Starting enhanced collection from nhs_cbt: https://www.nhs.uk/mental-health/talking-therapies-medicine-treatments/talking-therapies-and-counselling/nhs-talking-therapies/
2025-07-27 12:20:52,222 - EnhancedCBTCollector - INFO - Collected high-quality content from https://www.nhs.uk/mental-health/talking-therapies-medicine-treatments/talking-therapies-and-counselling/nhs-talking-therapies/ (Score: 70)
2025-07-27 12:20:54,229 - EnhancedCBTCollector - INFO - Starting enhanced collection from nhs_cbt: https://www.nhs.uk/mental-health/talking-therapies-medicine-treatments/
2025-07-27 12:20:54,258 - EnhancedCBTCollector - WARNING - Content from https://www.nhs.uk/mental-health/talking-therapies-medicine-treatments/ failed quality assessment (Score: 20)
2025-07-27 12:20:56,270 - EnhancedCBTCollector - INFO - Starting enhanced collection from nhs_cbt: https://www.nhs.uk/mental-health/talking-therapies-medicine-treatments/talking-therapies-and-counselling/nhs-talking-therapies/
2025-07-27 12:20:56,300 - EnhancedCBTCollector - INFO - Collected high-quality content from https://www.nhs.uk/mental-health/talking-therapies-medicine-treatments/talking-therapies-and-counselling/nhs-talking-therapies/ (Score: 70)
2025-07-27 12:20:58,314 - EnhancedCBTCollector - INFO - Starting enhanced collection from nhs_cbt: https://www.nhs.uk/mental-health/talking-therapies-medicine-treatments/
2025-07-27 12:20:58,342 - EnhancedCBTCollector - WARNING - Content from https://www.nhs.uk/mental-health/talking-therapies-medicine-treatments/ failed quality assessment (Score: 20)
2025-07-27 12:21:00,352 - EnhancedCBTCollector - INFO - Starting enhanced collection from nhs_cbt: https://www.nhs.uk/mental-health/talking-therapies-medicine-treatments/talking-therapies-and-counselling/nhs-talking-therapies/
2025-07-27 12:21:00,390 - EnhancedCBTCollector - INFO - Collected high-quality content from https://www.nhs.uk/mental-health/talking-therapies-medicine-treatments/talking-therapies-and-counselling/nhs-talking-therapies/ (Score: 70)
2025-07-27 12:21:02,393 - EnhancedCBTCollector - INFO - Starting enhanced collection from nhs_cbt: https://www.nhs.uk/mental-health/talking-therapies-medicine-treatments/
2025-07-27 12:21:02,431 - EnhancedCBTCollector - WARNING - Content from https://www.nhs.uk/mental-health/talking-therapies-medicine-treatments/ failed quality assessment (Score: 20)
2025-07-27 12:21:04,447 - EnhancedCBTCollector - INFO - Starting enhanced collection from nhs_cbt: https://www.nhs.uk/mental-health/talking-therapies-medicine-treatments/talking-therapies-and-counselling/nhs-talking-therapies/
2025-07-27 12:21:04,482 - EnhancedCBTCollector - INFO - Collected high-quality content from https://www.nhs.uk/mental-health/talking-therapies-medicine-treatments/talking-therapies-and-counselling/nhs-talking-therapies/ (Score: 70)
2025-07-27 12:21:06,488 - EnhancedCBTCollector - INFO - Starting enhanced collection from nhs_cbt: https://www.nhs.uk/mental-health/talking-therapies-medicine-treatments/
2025-07-27 12:21:06,515 - EnhancedCBTCollector - WARNING - Content from https://www.nhs.uk/mental-health/talking-therapies-medicine-treatments/ failed quality assessment (Score: 20)
2025-07-27 12:21:08,519 - EnhancedCBTCollector - INFO - Starting enhanced collection from nhs_cbt: https://www.nhs.uk/mental-health/talking-therapies-medicine-treatments/talking-therapies-and-counselling/nhs-talking-therapies/
2025-07-27 12:21:08,555 - EnhancedCBTCollector - INFO - Collected high-quality content from https://www.nhs.uk/mental-health/talking-therapies-medicine-treatments/talking-therapies-and-counselling/nhs-talking-therapies/ (Score: 70)
2025-07-27 12:21:10,558 - EnhancedCBTCollector - INFO - Starting enhanced collection from nhs_cbt: https://www.nhs.uk/mental-health/talking-therapies-medicine-treatments/
2025-07-27 12:21:10,595 - EnhancedCBTCollector - WARNING - Content from https://www.nhs.uk/mental-health/talking-therapies-medicine-treatments/ failed quality assessment (Score: 20)
2025-07-27 12:21:12,604 - EnhancedCBTCollector - INFO - Starting enhanced collection from nhs_cbt: https://www.nhs.uk/mental-health/talking-therapies-medicine-treatments/talking-therapies-and-counselling/nhs-talking-therapies/
2025-07-27 12:21:12,639 - EnhancedCBTCollector - INFO - Collected high-quality content from https://www.nhs.uk/mental-health/talking-therapies-medicine-treatments/talking-therapies-and-counselling/nhs-talking-therapies/ (Score: 70)
2025-07-27 12:21:14,652 - EnhancedCBTCollector - INFO - Starting enhanced collection from nhs_cbt: https://www.nhs.uk/mental-health/talking-therapies-medicine-treatments/
2025-07-27 12:21:14,680 - EnhancedCBTCollector - WARNING - Content from https://www.nhs.uk/mental-health/talking-therapies-medicine-treatments/ failed quality assessment (Score: 20)
2025-07-27 12:21:16,693 - EnhancedCBTCollector - INFO - Starting enhanced collection from nhs_cbt: https://www.nhs.uk/mental-health/talking-therapies-medicine-treatments/talking-therapies-and-counselling/nhs-talking-therapies/
2025-07-27 12:21:16,726 - EnhancedCBTCollector - INFO - Collected high-quality content from https://www.nhs.uk/mental-health/talking-therapies-medicine-treatments/talking-therapies-and-counselling/nhs-talking-therapies/ (Score: 70)
2025-07-27 12:21:18,731 - EnhancedCBTCollector - INFO - Starting enhanced collection from nhs_cbt: https://www.nhs.uk/mental-health/talking-therapies-medicine-treatments/
2025-07-27 12:21:18,759 - EnhancedCBTCollector - WARNING - Content from https://www.nhs.uk/mental-health/talking-therapies-medicine-treatments/ failed quality assessment (Score: 20)
2025-07-27 12:21:20,775 - EnhancedCBTCollector - INFO - Starting enhanced collection from nhs_cbt: https://www.nhs.uk/mental-health/talking-therapies-medicine-treatments/talking-therapies-and-counselling/nhs-talking-therapies/
2025-07-27 12:21:20,815 - EnhancedCBTCollector - INFO - Collected high-quality content from https://www.nhs.uk/mental-health/talking-therapies-medicine-treatments/talking-therapies-and-counselling/nhs-talking-therapies/ (Score: 70)
2025-07-27 12:21:22,821 - EnhancedCBTCollector - INFO - Starting enhanced collection from nhs_cbt: https://www.nhs.uk/mental-health/talking-therapies-medicine-treatments/
2025-07-27 12:21:22,971 - EnhancedCBTCollector - WARNING - Content from https://www.nhs.uk/mental-health/talking-therapies-medicine-treatments/ failed quality assessment (Score: 20)
2025-07-27 12:21:24,974 - EnhancedCBTCollector - INFO - Starting enhanced collection from nhs_cbt: https://www.nhs.uk/mental-health/talking-therapies-medicine-treatments/talking-therapies-and-counselling/nhs-talking-therapies/
2025-07-27 12:21:25,007 - EnhancedCBTCollector - INFO - Collected high-quality content from https://www.nhs.uk/mental-health/talking-therapies-medicine-treatments/talking-therapies-and-counselling/nhs-talking-therapies/ (Score: 70)
2025-07-27 12:21:27,009 - EnhancedCBTCollector - INFO - Starting enhanced collection from nhs_cbt: https://www.nhs.uk/mental-health/talking-therapies-medicine-treatments/
2025-07-27 12:21:27,037 - EnhancedCBTCollector - WARNING - Content from https://www.nhs.uk/mental-health/talking-therapies-medicine-treatments/ failed quality assessment (Score: 20)
2025-07-27 12:21:29,049 - EnhancedCBTCollector - INFO - Starting enhanced collection from nhs_cbt: https://www.nhs.uk/mental-health/talking-therapies-medicine-treatments/talking-therapies-and-counselling/nhs-talking-therapies/
2025-07-27 12:21:29,088 - EnhancedCBTCollector - INFO - Collected high-quality content from https://www.nhs.uk/mental-health/talking-therapies-medicine-treatments/talking-therapies-and-counselling/nhs-talking-therapies/ (Score: 70)
2025-07-27 12:21:31,100 - EnhancedCBTCollector - INFO - Starting enhanced collection from nhs_cbt: https://www.nhs.uk/mental-health/talking-therapies-medicine-treatments/
2025-07-27 12:21:31,130 - EnhancedCBTCollector - WARNING - Content from https://www.nhs.uk/mental-health/talking-therapies-medicine-treatments/ failed quality assessment (Score: 20)
2025-07-27 12:21:33,137 - EnhancedCBTCollector - INFO - Starting enhanced collection from nhs_cbt: https://www.nhs.uk/mental-health/talking-therapies-medicine-treatments/talking-therapies-and-counselling/nhs-talking-therapies/
2025-07-27 12:21:33,169 - EnhancedCBTCollector - INFO - Collected high-quality content from https://www.nhs.uk/mental-health/talking-therapies-medicine-treatments/talking-therapies-and-counselling/nhs-talking-therapies/ (Score: 70)
2025-07-27 12:21:35,181 - EnhancedCBTCollector - INFO - Starting enhanced collection from nhs_cbt: https://www.nhs.uk/mental-health/talking-therapies-medicine-treatments/
2025-07-27 12:21:35,234 - EnhancedCBTCollector - WARNING - Content from https://www.nhs.uk/mental-health/talking-therapies-medicine-treatments/ failed quality assessment (Score: 20)
2025-07-27 12:21:37,249 - EnhancedCBTCollector - INFO - Starting enhanced collection from nhs_cbt: https://www.nhs.uk/mental-health/talking-therapies-medicine-treatments/talking-therapies-and-counselling/nhs-talking-therapies/
2025-07-27 12:21:37,280 - EnhancedCBTCollector - INFO - Collected high-quality content from https://www.nhs.uk/mental-health/talking-therapies-medicine-treatments/talking-therapies-and-counselling/nhs-talking-therapies/ (Score: 70)
2025-07-27 12:21:39,290 - EnhancedCBTCollector - INFO - Starting enhanced collection from nhs_cbt: https://www.nhs.uk/mental-health/talking-therapies-medicine-treatments/
2025-07-27 12:21:39,318 - EnhancedCBTCollector - WARNING - Content from https://www.nhs.uk/mental-health/talking-therapies-medicine-treatments/ failed quality assessment (Score: 20)
2025-07-27 12:21:41,328 - EnhancedCBTCollector - INFO - Starting enhanced collection from nhs_cbt: https://www.nhs.uk/mental-health/talking-therapies-medicine-treatments/talking-therapies-and-counselling/nhs-talking-therapies/
2025-07-27 12:21:41,362 - EnhancedCBTCollector - INFO - Collected high-quality content from https://www.nhs.uk/mental-health/talking-therapies-medicine-treatments/talking-therapies-and-counselling/nhs-talking-therapies/ (Score: 70)
2025-07-27 12:21:43,371 - EnhancedCBTCollector - INFO - Starting enhanced collection from nhs_cbt: https://www.nhs.uk/mental-health/talking-therapies-medicine-treatments/
2025-07-27 12:21:43,405 - EnhancedCBTCollector - WARNING - Content from https://www.nhs.uk/mental-health/talking-therapies-medicine-treatments/ failed quality assessment (Score: 20)
2025-07-27 12:21:45,412 - EnhancedCBTCollector - INFO - Starting enhanced collection from nhs_cbt: https://www.nhs.uk/mental-health/talking-therapies-medicine-treatments/talking-therapies-and-counselling/nhs-talking-therapies/
2025-07-27 12:21:45,470 - EnhancedCBTCollector - INFO - Collected high-quality content from https://www.nhs.uk/mental-health/talking-therapies-medicine-treatments/talking-therapies-and-counselling/nhs-talking-therapies/ (Score: 70)
2025-07-27 12:21:47,487 - EnhancedCBTCollector - INFO - Starting enhanced collection from nhs_cbt: https://www.nhs.uk/mental-health/talking-therapies-medicine-treatments/
2025-07-27 12:21:47,515 - EnhancedCBTCollector - WARNING - Content from https://www.nhs.uk/mental-health/talking-therapies-medicine-treatments/ failed quality assessment (Score: 20)
2025-07-27 12:21:49,529 - EnhancedCBTCollector - INFO - Starting enhanced collection from nhs_cbt: https://www.nhs.uk/mental-health/talking-therapies-medicine-treatments/talking-therapies-and-counselling/nhs-talking-therapies/
2025-07-27 12:21:49,563 - EnhancedCBTCollector - INFO - Collected high-quality content from https://www.nhs.uk/mental-health/talking-therapies-medicine-treatments/talking-therapies-and-counselling/nhs-talking-therapies/ (Score: 70)
2025-07-27 12:21:51,569 - EnhancedCBTCollector - INFO - Starting enhanced collection from nhs_cbt: https://www.nhs.uk/mental-health/talking-therapies-medicine-treatments/
2025-07-27 12:21:51,598 - EnhancedCBTCollector - WARNING - Content from https://www.nhs.uk/mental-health/talking-therapies-medicine-treatments/ failed quality assessment (Score: 20)
2025-07-27 12:21:53,610 - EnhancedCBTCollector - INFO - Starting enhanced collection from nhs_cbt: https://www.nhs.uk/mental-health/talking-therapies-medicine-treatments/talking-therapies-and-counselling/nhs-talking-therapies/
2025-07-27 12:21:53,643 - EnhancedCBTCollector - INFO - Collected high-quality content from https://www.nhs.uk/mental-health/talking-therapies-medicine-treatments/talking-therapies-and-counselling/nhs-talking-therapies/ (Score: 70)
2025-07-27 12:21:55,652 - EnhancedCBTCollector - INFO - Starting enhanced collection from nhs_cbt: https://www.nhs.uk/mental-health/talking-therapies-medicine-treatments/
2025-07-27 12:21:55,679 - EnhancedCBTCollector - WARNING - Content from https://www.nhs.uk/mental-health/talking-therapies-medicine-treatments/ failed quality assessment (Score: 20)
2025-07-27 12:21:57,690 - EnhancedCBTCollector - INFO - Starting enhanced collection from nhs_cbt: https://www.nhs.uk/mental-health/talking-therapies-medicine-treatments/talking-therapies-and-counselling/nhs-talking-therapies/
2025-07-27 12:21:57,725 - EnhancedCBTCollector - INFO - Collected high-quality content from https://www.nhs.uk/mental-health/talking-therapies-medicine-treatments/talking-therapies-and-counselling/nhs-talking-therapies/ (Score: 70)
2025-07-27 12:21:59,736 - EnhancedCBTCollector - INFO - Starting enhanced collection from nhs_cbt: https://www.nhs.uk/mental-health/talking-therapies-medicine-treatments/
2025-07-27 12:21:59,763 - EnhancedCBTCollector - WARNING - Content from https://www.nhs.uk/mental-health/talking-therapies-medicine-treatments/ failed quality assessment (Score: 20)
2025-07-27 12:22:01,777 - EnhancedCBTCollector - INFO - Starting enhanced collection from nhs_cbt: https://www.nhs.uk/mental-health/talking-therapies-medicine-treatments/talking-therapies-and-counselling/nhs-talking-therapies/
2025-07-27 12:22:01,815 - EnhancedCBTCollector - INFO - Collected high-quality content from https://www.nhs.uk/mental-health/talking-therapies-medicine-treatments/talking-therapies-and-counselling/nhs-talking-therapies/ (Score: 70)
2025-07-27 12:22:03,831 - EnhancedCBTCollector - INFO - Starting enhanced collection from nhs_cbt: https://www.nhs.uk/mental-health/talking-therapies-medicine-treatments/
2025-07-27 12:22:03,865 - EnhancedCBTCollector - WARNING - Content from https://www.nhs.uk/mental-health/talking-therapies-medicine-treatments/ failed quality assessment (Score: 20)
2025-07-27 12:22:05,871 - EnhancedCBTCollector - INFO - Starting enhanced collection from nhs_cbt: https://www.nhs.uk/mental-health/talking-therapies-medicine-treatments/talking-therapies-and-counselling/nhs-talking-therapies/
2025-07-27 12:22:05,928 - EnhancedCBTCollector - INFO - Collected high-quality content from https://www.nhs.uk/mental-health/talking-therapies-medicine-treatments/talking-therapies-and-counselling/nhs-talking-therapies/ (Score: 70)
2025-07-27 12:22:07,943 - EnhancedCBTCollector - INFO - Starting enhanced collection from nhs_cbt: https://www.nhs.uk/mental-health/talking-therapies-medicine-treatments/
2025-07-27 12:22:07,997 - EnhancedCBTCollector - WARNING - Content from https://www.nhs.uk/mental-health/talking-therapies-medicine-treatments/ failed quality assessment (Score: 20)
2025-07-27 12:22:10,004 - EnhancedCBTCollector - INFO - Starting enhanced collection from nhs_cbt: https://www.nhs.uk/mental-health/talking-therapies-medicine-treatments/talking-therapies-and-counselling/nhs-talking-therapies/
2025-07-27 12:22:10,036 - EnhancedCBTCollector - INFO - Collected high-quality content from https://www.nhs.uk/mental-health/talking-therapies-medicine-treatments/talking-therapies-and-counselling/nhs-talking-therapies/ (Score: 70)
2025-07-27 12:22:12,045 - EnhancedCBTCollector - INFO - Starting enhanced collection from nhs_cbt: https://www.nhs.uk/mental-health/talking-therapies-medicine-treatments/
2025-07-27 12:22:12,072 - EnhancedCBTCollector - WARNING - Content from https://www.nhs.uk/mental-health/talking-therapies-medicine-treatments/ failed quality assessment (Score: 20)
2025-07-27 12:22:14,086 - EnhancedCBTCollector - INFO - Starting enhanced collection from nhs_cbt: https://www.nhs.uk/mental-health/talking-therapies-medicine-treatments/talking-therapies-and-counselling/nhs-talking-therapies/
2025-07-27 12:22:14,121 - EnhancedCBTCollector - INFO - Collected high-quality content from https://www.nhs.uk/mental-health/talking-therapies-medicine-treatments/talking-therapies-and-counselling/nhs-talking-therapies/ (Score: 70)
2025-07-27 12:22:16,126 - EnhancedCBTCollector - INFO - Starting enhanced collection from nhs_cbt: https://www.nhs.uk/mental-health/talking-therapies-medicine-treatments/
2025-07-27 12:22:16,154 - EnhancedCBTCollector - WARNING - Content from https://www.nhs.uk/mental-health/talking-therapies-medicine-treatments/ failed quality assessment (Score: 20)
2025-07-27 12:22:18,159 - EnhancedCBTCollector - INFO - Starting enhanced collection from nhs_cbt: https://www.nhs.uk/mental-health/talking-therapies-medicine-treatments/talking-therapies-and-counselling/nhs-talking-therapies/
2025-07-27 12:22:18,195 - EnhancedCBTCollector - INFO - Collected high-quality content from https://www.nhs.uk/mental-health/talking-therapies-medicine-treatments/talking-therapies-and-counselling/nhs-talking-therapies/ (Score: 70)
2025-07-27 12:22:20,209 - EnhancedCBTCollector - INFO - Starting enhanced collection from nhs_cbt: https://www.nhs.uk/mental-health/talking-therapies-medicine-treatments/
2025-07-27 12:22:20,261 - EnhancedCBTCollector - WARNING - Content from https://www.nhs.uk/mental-health/talking-therapies-medicine-treatments/ failed quality assessment (Score: 20)
2025-07-27 12:22:22,267 - EnhancedCBTCollector - INFO - Starting enhanced collection from nhs_cbt: https://www.nhs.uk/mental-health/talking-therapies-medicine-treatments/talking-therapies-and-counselling/nhs-talking-therapies/
2025-07-27 12:22:22,301 - EnhancedCBTCollector - INFO - Collected high-quality content from https://www.nhs.uk/mental-health/talking-therapies-medicine-treatments/talking-therapies-and-counselling/nhs-talking-therapies/ (Score: 70)
2025-07-27 12:22:24,302 - EnhancedCBTCollector - INFO - Starting enhanced collection from nhs_cbt: https://www.nhs.uk/mental-health/talking-therapies-medicine-treatments/
2025-07-27 12:22:24,340 - EnhancedCBTCollector - WARNING - Content from https://www.nhs.uk/mental-health/talking-therapies-medicine-treatments/ failed quality assessment (Score: 20)
2025-07-27 12:22:26,355 - EnhancedCBTCollector - INFO - Starting enhanced collection from nhs_cbt: https://www.nhs.uk/mental-health/talking-therapies-medicine-treatments/talking-therapies-and-counselling/nhs-talking-therapies/
2025-07-27 12:22:26,392 - EnhancedCBTCollector - INFO - Collected high-quality content from https://www.nhs.uk/mental-health/talking-therapies-medicine-treatments/talking-therapies-and-counselling/nhs-talking-therapies/ (Score: 70)
2025-07-27 12:22:28,407 - EnhancedCBTCollector - INFO - Starting enhanced collection from nhs_cbt: https://www.nhs.uk/mental-health/talking-therapies-medicine-treatments/
2025-07-27 12:22:28,444 - EnhancedCBTCollector - WARNING - Content from https://www.nhs.uk/mental-health/talking-therapies-medicine-treatments/ failed quality assessment (Score: 20)
2025-07-27 12:22:30,452 - EnhancedCBTCollector - INFO - Starting enhanced collection from nhs_cbt: https://www.nhs.uk/mental-health/talking-therapies-medicine-treatments/talking-therapies-and-counselling/nhs-talking-therapies/
2025-07-27 12:22:30,487 - EnhancedCBTCollector - INFO - Collected high-quality content from https://www.nhs.uk/mental-health/talking-therapies-medicine-treatments/talking-therapies-and-counselling/nhs-talking-therapies/ (Score: 70)
2025-07-27 12:22:32,495 - EnhancedCBTCollector - INFO - Starting enhanced collection from nhs_cbt: https://www.nhs.uk/mental-health/talking-therapies-medicine-treatments/
2025-07-27 12:22:32,523 - EnhancedCBTCollector - WARNING - Content from https://www.nhs.uk/mental-health/talking-therapies-medicine-treatments/ failed quality assessment (Score: 20)
2025-07-27 12:22:34,537 - EnhancedCBTCollector - INFO - Starting enhanced collection from nhs_cbt: https://www.nhs.uk/mental-health/talking-therapies-medicine-treatments/talking-therapies-and-counselling/nhs-talking-therapies/
2025-07-27 12:22:34,572 - EnhancedCBTCollector - INFO - Collected high-quality content from https://www.nhs.uk/mental-health/talking-therapies-medicine-treatments/talking-therapies-and-counselling/nhs-talking-therapies/ (Score: 70)
2025-07-27 12:22:36,578 - EnhancedCBTCollector - INFO - Starting enhanced collection from nhs_cbt: https://www.nhs.uk/mental-health/talking-therapies-medicine-treatments/
2025-07-27 12:22:36,609 - EnhancedCBTCollector - WARNING - Content from https://www.nhs.uk/mental-health/talking-therapies-medicine-treatments/ failed quality assessment (Score: 20)
2025-07-27 12:22:38,622 - EnhancedCBTCollector - INFO - Starting enhanced collection from nhs_cbt: https://www.nhs.uk/mental-health/talking-therapies-medicine-treatments/talking-therapies-and-counselling/nhs-talking-therapies/
2025-07-27 12:22:38,654 - EnhancedCBTCollector - INFO - Collected high-quality content from https://www.nhs.uk/mental-health/talking-therapies-medicine-treatments/talking-therapies-and-counselling/nhs-talking-therapies/ (Score: 70)
2025-07-27 12:22:40,665 - EnhancedCBTCollector - INFO - Starting enhanced collection from nhs_cbt: https://www.nhs.uk/mental-health/talking-therapies-medicine-treatments/
2025-07-27 12:22:40,693 - EnhancedCBTCollector - WARNING - Content from https://www.nhs.uk/mental-health/talking-therapies-medicine-treatments/ failed quality assessment (Score: 20)
2025-07-27 12:22:42,708 - EnhancedCBTCollector - INFO - Starting enhanced collection from nhs_cbt: https://www.nhs.uk/mental-health/talking-therapies-medicine-treatments/talking-therapies-and-counselling/nhs-talking-therapies/
2025-07-27 12:22:42,741 - EnhancedCBTCollector - INFO - Collected high-quality content from https://www.nhs.uk/mental-health/talking-therapies-medicine-treatments/talking-therapies-and-counselling/nhs-talking-therapies/ (Score: 70)
2025-07-27 12:22:44,749 - EnhancedCBTCollector - INFO - Starting enhanced collection from nhs_cbt: https://www.nhs.uk/mental-health/talking-therapies-medicine-treatments/
2025-07-27 12:22:44,778 - EnhancedCBTCollector - WARNING - Content from https://www.nhs.uk/mental-health/talking-therapies-medicine-treatments/ failed quality assessment (Score: 20)
2025-07-27 12:22:46,794 - EnhancedCBTCollector - INFO - Starting enhanced collection from nhs_cbt: https://www.nhs.uk/mental-health/talking-therapies-medicine-treatments/talking-therapies-and-counselling/nhs-talking-therapies/
2025-07-27 12:22:46,851 - EnhancedCBTCollector - INFO - Collected high-quality content from https://www.nhs.uk/mental-health/talking-therapies-medicine-treatments/talking-therapies-and-counselling/nhs-talking-therapies/ (Score: 70)
2025-07-27 12:22:48,856 - EnhancedCBTCollector - INFO - Starting enhanced collection from nhs_cbt: https://www.nhs.uk/mental-health/talking-therapies-medicine-treatments/
2025-07-27 12:22:48,912 - EnhancedCBTCollector - WARNING - Content from https://www.nhs.uk/mental-health/talking-therapies-medicine-treatments/ failed quality assessment (Score: 20)
2025-07-27 12:22:50,921 - EnhancedCBTCollector - INFO - Starting enhanced collection from nhs_cbt: https://www.nhs.uk/mental-health/talking-therapies-medicine-treatments/talking-therapies-and-counselling/nhs-talking-therapies/
2025-07-27 12:22:50,958 - EnhancedCBTCollector - INFO - Collected high-quality content from https://www.nhs.uk/mental-health/talking-therapies-medicine-treatments/talking-therapies-and-counselling/nhs-talking-therapies/ (Score: 70)
2025-07-27 12:22:52,960 - EnhancedCBTCollector - INFO - Starting enhanced collection from nhs_cbt: https://www.nhs.uk/mental-health/talking-therapies-medicine-treatments/
2025-07-27 12:22:52,987 - EnhancedCBTCollector - WARNING - Content from https://www.nhs.uk/mental-health/talking-therapies-medicine-treatments/ failed quality assessment (Score: 20)
2025-07-27 12:22:55,000 - EnhancedCBTCollector - INFO - Starting enhanced collection from nhs_cbt: https://www.nhs.uk/mental-health/talking-therapies-medicine-treatments/talking-therapies-and-counselling/nhs-talking-therapies/
2025-07-27 12:22:55,032 - EnhancedCBTCollector - INFO - Collected high-quality content from https://www.nhs.uk/mental-health/talking-therapies-medicine-treatments/talking-therapies-and-counselling/nhs-talking-therapies/ (Score: 70)
2025-07-27 12:22:57,038 - EnhancedCBTCollector - INFO - Starting enhanced collection from nhs_cbt: https://www.nhs.uk/mental-health/talking-therapies-medicine-treatments/
2025-07-27 12:22:57,077 - EnhancedCBTCollector - WARNING - Content from https://www.nhs.uk/mental-health/talking-therapies-medicine-treatments/ failed quality assessment (Score: 20)
2025-07-27 12:22:59,086 - EnhancedCBTCollector - INFO - Starting enhanced collection from nhs_cbt: https://www.nhs.uk/mental-health/talking-therapies-medicine-treatments/talking-therapies-and-counselling/nhs-talking-therapies/
2025-07-27 12:22:59,150 - EnhancedCBTCollector - INFO - Collected high-quality content from https://www.nhs.uk/mental-health/talking-therapies-medicine-treatments/talking-therapies-and-counselling/nhs-talking-therapies/ (Score: 70)
2025-07-27 12:23:01,165 - EnhancedCBTCollector - INFO - Starting enhanced collection from nhs_cbt: https://www.nhs.uk/mental-health/talking-therapies-medicine-treatments/
2025-07-27 12:23:01,194 - EnhancedCBTCollector - WARNING - Content from https://www.nhs.uk/mental-health/talking-therapies-medicine-treatments/ failed quality assessment (Score: 20)
2025-07-27 12:23:03,205 - EnhancedCBTCollector - INFO - Starting enhanced collection from nhs_cbt: https://www.nhs.uk/mental-health/talking-therapies-medicine-treatments/talking-therapies-and-counselling/nhs-talking-therapies/
2025-07-27 12:23:03,238 - EnhancedCBTCollector - INFO - Collected high-quality content from https://www.nhs.uk/mental-health/talking-therapies-medicine-treatments/talking-therapies-and-counselling/nhs-talking-therapies/ (Score: 70)
2025-07-27 12:23:05,245 - EnhancedCBTCollector - INFO - Starting enhanced collection from nhs_cbt: https://www.nhs.uk/mental-health/talking-therapies-medicine-treatments/
2025-07-27 12:23:05,298 - EnhancedCBTCollector - WARNING - Content from https://www.nhs.uk/mental-health/talking-therapies-medicine-treatments/ failed quality assessment (Score: 20)
2025-07-27 12:23:07,303 - EnhancedCBTCollector - INFO - Starting enhanced collection from nhs_cbt: https://www.nhs.uk/mental-health/talking-therapies-medicine-treatments/talking-therapies-and-counselling/nhs-talking-therapies/
2025-07-27 12:23:07,339 - EnhancedCBTCollector - INFO - Collected high-quality content from https://www.nhs.uk/mental-health/talking-therapies-medicine-treatments/talking-therapies-and-counselling/nhs-talking-therapies/ (Score: 70)
2025-07-27 12:23:09,351 - EnhancedCBTCollector - INFO - Starting enhanced collection from nhs_cbt: https://www.nhs.uk/mental-health/talking-therapies-medicine-treatments/
2025-07-27 12:23:09,386 - EnhancedCBTCollector - WARNING - Content from https://www.nhs.uk/mental-health/talking-therapies-medicine-treatments/ failed quality assessment (Score: 20)
2025-07-27 12:23:11,394 - EnhancedCBTCollector - INFO - Starting enhanced collection from nhs_cbt: https://www.nhs.uk/mental-health/talking-therapies-medicine-treatments/talking-therapies-and-counselling/nhs-talking-therapies/
2025-07-27 12:23:11,428 - EnhancedCBTCollector - INFO - Collected high-quality content from https://www.nhs.uk/mental-health/talking-therapies-medicine-treatments/talking-therapies-and-counselling/nhs-talking-therapies/ (Score: 70)
2025-07-27 12:23:13,439 - EnhancedCBTCollector - INFO - Starting enhanced collection from nhs_cbt: https://www.nhs.uk/mental-health/talking-therapies-medicine-treatments/
2025-07-27 12:23:13,491 - EnhancedCBTCollector - WARNING - Content from https://www.nhs.uk/mental-health/talking-therapies-medicine-treatments/ failed quality assessment (Score: 20)
2025-07-27 12:23:15,496 - EnhancedCBTCollector - INFO - Starting enhanced collection from nhs_cbt: https://www.nhs.uk/mental-health/talking-therapies-medicine-treatments/talking-therapies-and-counselling/nhs-talking-therapies/
2025-07-27 12:23:15,552 - EnhancedCBTCollector - INFO - Collected high-quality content from https://www.nhs.uk/mental-health/talking-therapies-medicine-treatments/talking-therapies-and-counselling/nhs-talking-therapies/ (Score: 70)
2025-07-27 12:23:17,570 - EnhancedCBTCollector - INFO - Starting enhanced collection from nhs_cbt: https://www.nhs.uk/mental-health/talking-therapies-medicine-treatments/
2025-07-27 12:23:17,599 - EnhancedCBTCollector - WARNING - Content from https://www.nhs.uk/mental-health/talking-therapies-medicine-treatments/ failed quality assessment (Score: 20)
2025-07-27 12:23:19,608 - EnhancedCBTCollector - INFO - Starting enhanced collection from nhs_cbt: https://www.nhs.uk/mental-health/talking-therapies-medicine-treatments/talking-therapies-and-counselling/nhs-talking-therapies/
2025-07-27 12:23:19,670 - EnhancedCBTCollector - INFO - Collected high-quality content from https://www.nhs.uk/mental-health/talking-therapies-medicine-treatments/talking-therapies-and-counselling/nhs-talking-therapies/ (Score: 70)
2025-07-27 12:23:21,681 - EnhancedCBTCollector - INFO - Starting enhanced collection from nhs_cbt: https://www.nhs.uk/mental-health/talking-therapies-medicine-treatments/
2025-07-27 12:23:21,710 - EnhancedCBTCollector - WARNING - Content from https://www.nhs.uk/mental-health/talking-therapies-medicine-treatments/ failed quality assessment (Score: 20)
2025-07-27 12:23:23,724 - EnhancedCBTCollector - INFO - Starting enhanced collection from nhs_cbt: https://www.nhs.uk/mental-health/talking-therapies-medicine-treatments/talking-therapies-and-counselling/nhs-talking-therapies/
2025-07-27 12:23:23,763 - EnhancedCBTCollector - INFO - Collected high-quality content from https://www.nhs.uk/mental-health/talking-therapies-medicine-treatments/talking-therapies-and-counselling/nhs-talking-therapies/ (Score: 70)
2025-07-27 12:23:25,772 - EnhancedCBTCollector - INFO - Starting enhanced collection from nhs_cbt: https://www.nhs.uk/mental-health/talking-therapies-medicine-treatments/
2025-07-27 12:23:25,825 - EnhancedCBTCollector - WARNING - Content from https://www.nhs.uk/mental-health/talking-therapies-medicine-treatments/ failed quality assessment (Score: 20)
2025-07-27 12:23:27,837 - EnhancedCBTCollector - INFO - Starting enhanced collection from nhs_cbt: https://www.nhs.uk/mental-health/talking-therapies-medicine-treatments/talking-therapies-and-counselling/nhs-talking-therapies/
2025-07-27 12:23:27,871 - EnhancedCBTCollector - INFO - Collected high-quality content from https://www.nhs.uk/mental-health/talking-therapies-medicine-treatments/talking-therapies-and-counselling/nhs-talking-therapies/ (Score: 70)
2025-07-27 12:23:29,880 - EnhancedCBTCollector - INFO - Starting enhanced collection from nhs_cbt: https://www.nhs.uk/mental-health/talking-therapies-medicine-treatments/
2025-07-27 12:23:29,913 - EnhancedCBTCollector - WARNING - Content from https://www.nhs.uk/mental-health/talking-therapies-medicine-treatments/ failed quality assessment (Score: 20)
2025-07-27 12:23:31,929 - EnhancedCBTCollector - INFO - Starting enhanced collection from nhs_cbt: https://www.nhs.uk/mental-health/talking-therapies-medicine-treatments/talking-therapies-and-counselling/nhs-talking-therapies/
2025-07-27 12:23:31,973 - EnhancedCBTCollector - INFO - Collected high-quality content from https://www.nhs.uk/mental-health/talking-therapies-medicine-treatments/talking-therapies-and-counselling/nhs-talking-therapies/ (Score: 70)
2025-07-27 12:23:33,976 - EnhancedCBTCollector - INFO - Starting enhanced collection from nhs_cbt: https://www.nhs.uk/mental-health/talking-therapies-medicine-treatments/
2025-07-27 12:23:34,013 - EnhancedCBTCollector - WARNING - Content from https://www.nhs.uk/mental-health/talking-therapies-medicine-treatments/ failed quality assessment (Score: 20)
2025-07-27 12:23:36,028 - EnhancedCBTCollector - INFO - Starting enhanced collection from nhs_cbt: https://www.nhs.uk/mental-health/talking-therapies-medicine-treatments/talking-therapies-and-counselling/nhs-talking-therapies/
2025-07-27 12:23:36,062 - EnhancedCBTCollector - INFO - Collected high-quality content from https://www.nhs.uk/mental-health/talking-therapies-medicine-treatments/talking-therapies-and-counselling/nhs-talking-therapies/ (Score: 70)
2025-07-27 12:23:38,065 - EnhancedCBTCollector - INFO - Starting enhanced collection from nhs_cbt: https://www.nhs.uk/mental-health/talking-therapies-medicine-treatments/
2025-07-27 12:23:38,096 - EnhancedCBTCollector - WARNING - Content from https://www.nhs.uk/mental-health/talking-therapies-medicine-treatments/ failed quality assessment (Score: 20)
2025-07-27 12:23:40,104 - EnhancedCBTCollector - INFO - Starting enhanced collection from nhs_cbt: https://www.nhs.uk/mental-health/talking-therapies-medicine-treatments/talking-therapies-and-counselling/nhs-talking-therapies/
2025-07-27 12:23:40,161 - EnhancedCBTCollector - INFO - Collected high-quality content from https://www.nhs.uk/mental-health/talking-therapies-medicine-treatments/talking-therapies-and-counselling/nhs-talking-therapies/ (Score: 70)
2025-07-27 12:23:42,175 - EnhancedCBTCollector - INFO - Starting enhanced collection from nhs_cbt: https://www.nhs.uk/mental-health/talking-therapies-medicine-treatments/
2025-07-27 12:23:42,229 - EnhancedCBTCollector - WARNING - Content from https://www.nhs.uk/mental-health/talking-therapies-medicine-treatments/ failed quality assessment (Score: 20)
2025-07-27 12:23:44,244 - EnhancedCBTCollector - INFO - Starting enhanced collection from nhs_cbt: https://www.nhs.uk/mental-health/talking-therapies-medicine-treatments/talking-therapies-and-counselling/nhs-talking-therapies/
2025-07-27 12:23:44,300 - EnhancedCBTCollector - INFO - Collected high-quality content from https://www.nhs.uk/mental-health/talking-therapies-medicine-treatments/talking-therapies-and-counselling/nhs-talking-therapies/ (Score: 70)
2025-07-27 12:23:46,315 - EnhancedCBTCollector - INFO - Starting enhanced collection from nhs_cbt: https://www.nhs.uk/mental-health/talking-therapies-medicine-treatments/
2025-07-27 12:23:46,347 - EnhancedCBTCollector - WARNING - Content from https://www.nhs.uk/mental-health/talking-therapies-medicine-treatments/ failed quality assessment (Score: 20)
2025-07-27 12:23:48,357 - EnhancedCBTCollector - INFO - Starting enhanced collection from nhs_cbt: https://www.nhs.uk/mental-health/talking-therapies-medicine-treatments/talking-therapies-and-counselling/nhs-talking-therapies/
2025-07-27 12:23:48,389 - EnhancedCBTCollector - INFO - Collected high-quality content from https://www.nhs.uk/mental-health/talking-therapies-medicine-treatments/talking-therapies-and-counselling/nhs-talking-therapies/ (Score: 70)
2025-07-27 12:23:50,398 - EnhancedCBTCollector - INFO - Starting enhanced collection from nhs_cbt: https://www.nhs.uk/mental-health/talking-therapies-medicine-treatments/
2025-07-27 12:23:50,426 - EnhancedCBTCollector - WARNING - Content from https://www.nhs.uk/mental-health/talking-therapies-medicine-treatments/ failed quality assessment (Score: 20)
2025-07-27 12:23:52,439 - EnhancedCBTCollector - INFO - Starting enhanced collection from nhs_cbt: https://www.nhs.uk/mental-health/talking-therapies-medicine-treatments/talking-therapies-and-counselling/nhs-talking-therapies/
2025-07-27 12:23:52,497 - EnhancedCBTCollector - INFO - Collected high-quality content from https://www.nhs.uk/mental-health/talking-therapies-medicine-treatments/talking-therapies-and-counselling/nhs-talking-therapies/ (Score: 70)
2025-07-27 12:23:54,512 - EnhancedCBTCollector - INFO - Starting enhanced collection from nhs_cbt: https://www.nhs.uk/mental-health/talking-therapies-medicine-treatments/
2025-07-27 12:23:54,539 - EnhancedCBTCollector - WARNING - Content from https://www.nhs.uk/mental-health/talking-therapies-medicine-treatments/ failed quality assessment (Score: 20)
2025-07-27 12:23:56,551 - EnhancedCBTCollector - INFO - Starting enhanced collection from nhs_cbt: https://www.nhs.uk/mental-health/talking-therapies-medicine-treatments/talking-therapies-and-counselling/nhs-talking-therapies/
2025-07-27 12:23:56,609 - EnhancedCBTCollector - INFO - Collected high-quality content from https://www.nhs.uk/mental-health/talking-therapies-medicine-treatments/talking-therapies-and-counselling/nhs-talking-therapies/ (Score: 70)
2025-07-27 12:23:58,612 - EnhancedCBTCollector - INFO - Starting enhanced collection from nhs_cbt: https://www.nhs.uk/mental-health/talking-therapies-medicine-treatments/
2025-07-27 12:23:58,664 - EnhancedCBTCollector - WARNING - Content from https://www.nhs.uk/mental-health/talking-therapies-medicine-treatments/ failed quality assessment (Score: 20)
2025-07-27 12:24:00,678 - EnhancedCBTCollector - INFO - Starting enhanced collection from nhs_cbt: https://www.nhs.uk/mental-health/talking-therapies-medicine-treatments/talking-therapies-and-counselling/nhs-talking-therapies/
2025-07-27 12:24:00,712 - EnhancedCBTCollector - INFO - Collected high-quality content from https://www.nhs.uk/mental-health/talking-therapies-medicine-treatments/talking-therapies-and-counselling/nhs-talking-therapies/ (Score: 70)
2025-07-27 12:24:02,720 - EnhancedCBTCollector - INFO - Starting enhanced collection from nhs_cbt: https://www.nhs.uk/mental-health/talking-therapies-medicine-treatments/
2025-07-27 12:24:02,749 - EnhancedCBTCollector - WARNING - Content from https://www.nhs.uk/mental-health/talking-therapies-medicine-treatments/ failed quality assessment (Score: 20)
2025-07-27 12:24:04,760 - EnhancedCBTCollector - INFO - Starting enhanced collection from nhs_cbt: https://www.nhs.uk/mental-health/talking-therapies-medicine-treatments/talking-therapies-and-counselling/nhs-talking-therapies/
2025-07-27 12:24:04,793 - EnhancedCBTCollector - INFO - Collected high-quality content from https://www.nhs.uk/mental-health/talking-therapies-medicine-treatments/talking-therapies-and-counselling/nhs-talking-therapies/ (Score: 70)
2025-07-27 12:24:06,795 - EnhancedCBTCollector - INFO - Starting enhanced collection from nhs_cbt: https://www.nhs.uk/mental-health/talking-therapies-medicine-treatments/
2025-07-27 12:24:06,824 - EnhancedCBTCollector - WARNING - Content from https://www.nhs.uk/mental-health/talking-therapies-medicine-treatments/ failed quality assessment (Score: 20)
2025-07-27 12:24:08,838 - EnhancedCBTCollector - INFO - Starting enhanced collection from nhs_cbt: https://www.nhs.uk/mental-health/talking-therapies-medicine-treatments/talking-therapies-and-counselling/nhs-talking-therapies/
2025-07-27 12:24:09,007 - EnhancedCBTCollector - INFO - Collected high-quality content from https://www.nhs.uk/mental-health/talking-therapies-medicine-treatments/talking-therapies-and-counselling/nhs-talking-therapies/ (Score: 70)
2025-07-27 12:24:11,017 - EnhancedCBTCollector - INFO - Starting enhanced collection from nhs_cbt: https://www.nhs.uk/mental-health/talking-therapies-medicine-treatments/
2025-07-27 12:24:11,045 - EnhancedCBTCollector - WARNING - Content from https://www.nhs.uk/mental-health/talking-therapies-medicine-treatments/ failed quality assessment (Score: 20)
2025-07-27 12:24:13,061 - EnhancedCBTCollector - INFO - Starting enhanced collection from nhs_cbt: https://www.nhs.uk/mental-health/talking-therapies-medicine-treatments/talking-therapies-and-counselling/nhs-talking-therapies/
2025-07-27 12:24:13,117 - EnhancedCBTCollector - INFO - Collected high-quality content from https://www.nhs.uk/mental-health/talking-therapies-medicine-treatments/talking-therapies-and-counselling/nhs-talking-therapies/ (Score: 70)
2025-07-27 12:24:15,119 - EnhancedCBTCollector - INFO - Starting enhanced collection from nhs_cbt: https://www.nhs.uk/mental-health/talking-therapies-medicine-treatments/
2025-07-27 12:24:15,154 - EnhancedCBTCollector - WARNING - Content from https://www.nhs.uk/mental-health/talking-therapies-medicine-treatments/ failed quality assessment (Score: 20)
2025-07-27 12:24:17,160 - EnhancedCBTCollector - INFO - Starting enhanced collection from nhs_cbt: https://www.nhs.uk/mental-health/talking-therapies-medicine-treatments/talking-therapies-and-counselling/nhs-talking-therapies/
2025-07-27 12:24:17,217 - EnhancedCBTCollector - INFO - Collected high-quality content from https://www.nhs.uk/mental-health/talking-therapies-medicine-treatments/talking-therapies-and-counselling/nhs-talking-therapies/ (Score: 70)
2025-07-27 12:24:19,229 - EnhancedCBTCollector - INFO - Starting enhanced collection from nhs_cbt: https://www.nhs.uk/mental-health/talking-therapies-medicine-treatments/
2025-07-27 12:24:19,256 - EnhancedCBTCollector - WARNING - Content from https://www.nhs.uk/mental-health/talking-therapies-medicine-treatments/ failed quality assessment (Score: 20)
2025-07-27 12:24:21,267 - EnhancedCBTCollector - INFO - Starting enhanced collection from nhs_cbt: https://www.nhs.uk/mental-health/talking-therapies-medicine-treatments/talking-therapies-and-counselling/nhs-talking-therapies/
2025-07-27 12:24:21,301 - EnhancedCBTCollector - INFO - Collected high-quality content from https://www.nhs.uk/mental-health/talking-therapies-medicine-treatments/talking-therapies-and-counselling/nhs-talking-therapies/ (Score: 70)
2025-07-27 12:24:23,305 - EnhancedCBTCollector - INFO - Starting enhanced collection from nhs_cbt: https://www.nhs.uk/mental-health/talking-therapies-medicine-treatments/
2025-07-27 12:24:23,334 - EnhancedCBTCollector - WARNING - Content from https://www.nhs.uk/mental-health/talking-therapies-medicine-treatments/ failed quality assessment (Score: 20)
2025-07-27 12:24:25,345 - EnhancedCBTCollector - INFO - Starting enhanced collection from nhs_cbt: https://www.nhs.uk/mental-health/talking-therapies-medicine-treatments/talking-therapies-and-counselling/nhs-talking-therapies/
2025-07-27 12:24:25,380 - EnhancedCBTCollector - INFO - Collected high-quality content from https://www.nhs.uk/mental-health/talking-therapies-medicine-treatments/talking-therapies-and-counselling/nhs-talking-therapies/ (Score: 70)
2025-07-27 12:24:27,396 - EnhancedCBTCollector - INFO - Starting enhanced collection from nhs_cbt: https://www.nhs.uk/mental-health/talking-therapies-medicine-treatments/
2025-07-27 12:24:27,423 - EnhancedCBTCollector - WARNING - Content from https://www.nhs.uk/mental-health/talking-therapies-medicine-treatments/ failed quality assessment (Score: 20)
2025-07-27 12:24:29,439 - EnhancedCBTCollector - INFO - Starting enhanced collection from nhs_cbt: https://www.nhs.uk/mental-health/talking-therapies-medicine-treatments/talking-therapies-and-counselling/nhs-talking-therapies/
2025-07-27 12:24:29,505 - EnhancedCBTCollector - INFO - Collected high-quality content from https://www.nhs.uk/mental-health/talking-therapies-medicine-treatments/talking-therapies-and-counselling/nhs-talking-therapies/ (Score: 70)
2025-07-27 12:24:31,514 - EnhancedCBTCollector - INFO - Starting enhanced collection from nhs_cbt: https://www.nhs.uk/mental-health/talking-therapies-medicine-treatments/
2025-07-27 12:24:31,554 - EnhancedCBTCollector - WARNING - Content from https://www.nhs.uk/mental-health/talking-therapies-medicine-treatments/ failed quality assessment (Score: 20)
2025-07-27 12:24:33,557 - EnhancedCBTCollector - INFO - Starting enhanced collection from nhs_cbt: https://www.nhs.uk/mental-health/talking-therapies-medicine-treatments/talking-therapies-and-counselling/nhs-talking-therapies/
2025-07-27 12:24:33,588 - EnhancedCBTCollector - INFO - Collected high-quality content from https://www.nhs.uk/mental-health/talking-therapies-medicine-treatments/talking-therapies-and-counselling/nhs-talking-therapies/ (Score: 70)
2025-07-27 12:24:35,589 - EnhancedCBTCollector - INFO - Starting enhanced collection from nhs_cbt: https://www.nhs.uk/mental-health/talking-therapies-medicine-treatments/
2025-07-27 12:24:35,624 - EnhancedCBTCollector - WARNING - Content from https://www.nhs.uk/mental-health/talking-therapies-medicine-treatments/ failed quality assessment (Score: 20)
2025-07-27 12:24:37,629 - EnhancedCBTCollector - INFO - Starting enhanced collection from nhs_cbt: https://www.nhs.uk/mental-health/talking-therapies-medicine-treatments/talking-therapies-and-counselling/nhs-talking-therapies/
2025-07-27 12:24:37,667 - EnhancedCBTCollector - INFO - Collected high-quality content from https://www.nhs.uk/mental-health/talking-therapies-medicine-treatments/talking-therapies-and-counselling/nhs-talking-therapies/ (Score: 70)
2025-07-27 12:24:39,673 - EnhancedCBTCollector - INFO - Starting enhanced collection from nhs_cbt: https://www.nhs.uk/mental-health/talking-therapies-medicine-treatments/
2025-07-27 12:24:39,702 - EnhancedCBTCollector - WARNING - Content from https://www.nhs.uk/mental-health/talking-therapies-medicine-treatments/ failed quality assessment (Score: 20)
2025-07-27 12:24:41,716 - EnhancedCBTCollector - INFO - Starting enhanced collection from nhs_cbt: https://www.nhs.uk/mental-health/talking-therapies-medicine-treatments/talking-therapies-and-counselling/nhs-talking-therapies/
2025-07-27 12:24:41,776 - EnhancedCBTCollector - INFO - Collected high-quality content from https://www.nhs.uk/mental-health/talking-therapies-medicine-treatments/talking-therapies-and-counselling/nhs-talking-therapies/ (Score: 70)
2025-07-27 12:24:43,788 - EnhancedCBTCollector - INFO - Starting enhanced collection from nhs_cbt: https://www.nhs.uk/mental-health/talking-therapies-medicine-treatments/
2025-07-27 12:24:43,815 - EnhancedCBTCollector - WARNING - Content from https://www.nhs.uk/mental-health/talking-therapies-medicine-treatments/ failed quality assessment (Score: 20)
2025-07-27 12:24:45,819 - EnhancedCBTCollector - INFO - Starting enhanced collection from nhs_cbt: https://www.nhs.uk/mental-health/talking-therapies-medicine-treatments/talking-therapies-and-counselling/nhs-talking-therapies/
2025-07-27 12:24:45,851 - EnhancedCBTCollector - INFO - Collected high-quality content from https://www.nhs.uk/mental-health/talking-therapies-medicine-treatments/talking-therapies-and-counselling/nhs-talking-therapies/ (Score: 70)
2025-07-27 12:24:47,856 - EnhancedCBTCollector - INFO - Starting enhanced collection from nhs_cbt: https://www.nhs.uk/mental-health/talking-therapies-medicine-treatments/
2025-07-27 12:24:47,884 - EnhancedCBTCollector - WARNING - Content from https://www.nhs.uk/mental-health/talking-therapies-medicine-treatments/ failed quality assessment (Score: 20)
2025-07-27 12:24:49,885 - EnhancedCBTCollector - INFO - Starting enhanced collection from nhs_cbt: https://www.nhs.uk/mental-health/talking-therapies-medicine-treatments/talking-therapies-and-counselling/nhs-talking-therapies/
2025-07-27 12:24:49,927 - EnhancedCBTCollector - INFO - Collected high-quality content from https://www.nhs.uk/mental-health/talking-therapies-medicine-treatments/talking-therapies-and-counselling/nhs-talking-therapies/ (Score: 70)
2025-07-27 12:24:51,942 - EnhancedCBTCollector - INFO - Starting enhanced collection from nhs_cbt: https://www.nhs.uk/mental-health/talking-therapies-medicine-treatments/
2025-07-27 12:24:51,972 - EnhancedCBTCollector - WARNING - Content from https://www.nhs.uk/mental-health/talking-therapies-medicine-treatments/ failed quality assessment (Score: 20)
2025-07-27 12:24:53,975 - EnhancedCBTCollector - INFO - Starting enhanced collection from nhs_cbt: https://www.nhs.uk/mental-health/talking-therapies-medicine-treatments/talking-therapies-and-counselling/nhs-talking-therapies/
2025-07-27 12:24:54,008 - EnhancedCBTCollector - INFO - Collected high-quality content from https://www.nhs.uk/mental-health/talking-therapies-medicine-treatments/talking-therapies-and-counselling/nhs-talking-therapies/ (Score: 70)
2025-07-27 12:24:56,019 - EnhancedCBTCollector - INFO - Starting enhanced collection from nhs_cbt: https://www.nhs.uk/mental-health/talking-therapies-medicine-treatments/
2025-07-27 12:24:56,051 - EnhancedCBTCollector - WARNING - Content from https://www.nhs.uk/mental-health/talking-therapies-medicine-treatments/ failed quality assessment (Score: 20)
2025-07-27 12:24:58,060 - EnhancedCBTCollector - INFO - Starting enhanced collection from nhs_cbt: https://www.nhs.uk/mental-health/talking-therapies-medicine-treatments/talking-therapies-and-counselling/nhs-talking-therapies/
2025-07-27 12:24:58,095 - EnhancedCBTCollector - INFO - Collected high-quality content from https://www.nhs.uk/mental-health/talking-therapies-medicine-treatments/talking-therapies-and-counselling/nhs-talking-therapies/ (Score: 70)
2025-07-27 12:25:00,103 - EnhancedCBTCollector - INFO - Starting enhanced collection from nhs_cbt: https://www.nhs.uk/mental-health/talking-therapies-medicine-treatments/
2025-07-27 12:25:00,155 - EnhancedCBTCollector - WARNING - Content from https://www.nhs.uk/mental-health/talking-therapies-medicine-treatments/ failed quality assessment (Score: 20)
2025-07-27 12:25:02,168 - EnhancedCBTCollector - INFO - Starting enhanced collection from nhs_cbt: https://www.nhs.uk/mental-health/talking-therapies-medicine-treatments/talking-therapies-and-counselling/nhs-talking-therapies/
2025-07-27 12:25:02,200 - EnhancedCBTCollector - INFO - Collected high-quality content from https://www.nhs.uk/mental-health/talking-therapies-medicine-treatments/talking-therapies-and-counselling/nhs-talking-therapies/ (Score: 70)
2025-07-27 12:25:04,209 - EnhancedCBTCollector - INFO - Starting enhanced collection from nhs_cbt: https://www.nhs.uk/mental-health/talking-therapies-medicine-treatments/
2025-07-27 12:25:04,238 - EnhancedCBTCollector - WARNING - Content from https://www.nhs.uk/mental-health/talking-therapies-medicine-treatments/ failed quality assessment (Score: 20)
2025-07-27 12:25:06,239 - EnhancedCBTCollector - INFO - Starting enhanced collection from nhs_cbt: https://www.nhs.uk/mental-health/talking-therapies-medicine-treatments/talking-therapies-and-counselling/nhs-talking-therapies/
2025-07-27 12:25:06,271 - EnhancedCBTCollector - INFO - Collected high-quality content from https://www.nhs.uk/mental-health/talking-therapies-medicine-treatments/talking-therapies-and-counselling/nhs-talking-therapies/ (Score: 70)
2025-07-27 12:25:08,287 - EnhancedCBTCollector - INFO - Starting enhanced collection from nhs_cbt: https://www.nhs.uk/mental-health/talking-therapies-medicine-treatments/
2025-07-27 12:25:08,315 - EnhancedCBTCollector - WARNING - Content from https://www.nhs.uk/mental-health/talking-therapies-medicine-treatments/ failed quality assessment (Score: 20)
2025-07-27 12:25:10,327 - EnhancedCBTCollector - INFO - Starting enhanced collection from nhs_cbt: https://www.nhs.uk/mental-health/talking-therapies-medicine-treatments/talking-therapies-and-counselling/nhs-talking-therapies/
2025-07-27 12:25:10,384 - EnhancedCBTCollector - INFO - Collected high-quality content from https://www.nhs.uk/mental-health/talking-therapies-medicine-treatments/talking-therapies-and-counselling/nhs-talking-therapies/ (Score: 70)
2025-07-27 12:25:12,385 - EnhancedCBTCollector - INFO - Starting enhanced collection from nhs_cbt: https://www.nhs.uk/mental-health/talking-therapies-medicine-treatments/
2025-07-27 12:25:12,438 - EnhancedCBTCollector - WARNING - Content from https://www.nhs.uk/mental-health/talking-therapies-medicine-treatments/ failed quality assessment (Score: 20)
2025-07-27 12:25:14,453 - EnhancedCBTCollector - INFO - Starting enhanced collection from nhs_cbt: https://www.nhs.uk/mental-health/talking-therapies-medicine-treatments/talking-therapies-and-counselling/nhs-talking-therapies/
2025-07-27 12:25:14,488 - EnhancedCBTCollector - INFO - Collected high-quality content from https://www.nhs.uk/mental-health/talking-therapies-medicine-treatments/talking-therapies-and-counselling/nhs-talking-therapies/ (Score: 70)
2025-07-27 12:25:16,493 - EnhancedCBTCollector - INFO - Starting enhanced collection from nhs_cbt: https://www.nhs.uk/mental-health/talking-therapies-medicine-treatments/
2025-07-27 12:25:16,521 - EnhancedCBTCollector - WARNING - Content from https://www.nhs.uk/mental-health/talking-therapies-medicine-treatments/ failed quality assessment (Score: 20)
2025-07-27 12:25:18,536 - EnhancedCBTCollector - INFO - Starting enhanced collection from nhs_cbt: https://www.nhs.uk/mental-health/talking-therapies-medicine-treatments/talking-therapies-and-counselling/nhs-talking-therapies/
2025-07-27 12:25:18,567 - EnhancedCBTCollector - INFO - Collected high-quality content from https://www.nhs.uk/mental-health/talking-therapies-medicine-treatments/talking-therapies-and-counselling/nhs-talking-therapies/ (Score: 70)
2025-07-27 12:25:20,573 - EnhancedCBTCollector - INFO - Starting enhanced collection from nhs_cbt: https://www.nhs.uk/mental-health/talking-therapies-medicine-treatments/
2025-07-27 12:25:20,625 - EnhancedCBTCollector - WARNING - Content from https://www.nhs.uk/mental-health/talking-therapies-medicine-treatments/ failed quality assessment (Score: 20)
2025-07-27 12:25:22,632 - EnhancedCBTCollector - INFO - Starting enhanced collection from nhs_cbt: https://www.nhs.uk/mental-health/talking-therapies-medicine-treatments/talking-therapies-and-counselling/nhs-talking-therapies/
2025-07-27 12:25:22,670 - EnhancedCBTCollector - INFO - Collected high-quality content from https://www.nhs.uk/mental-health/talking-therapies-medicine-treatments/talking-therapies-and-counselling/nhs-talking-therapies/ (Score: 70)
2025-07-27 12:25:24,673 - EnhancedCBTCollector - INFO - Starting enhanced collection from nhs_cbt: https://www.nhs.uk/mental-health/talking-therapies-medicine-treatments/
2025-07-27 12:25:24,700 - EnhancedCBTCollector - WARNING - Content from https://www.nhs.uk/mental-health/talking-therapies-medicine-treatments/ failed quality assessment (Score: 20)
2025-07-27 12:25:26,711 - EnhancedCBTCollector - INFO - Starting enhanced collection from nhs_cbt: https://www.nhs.uk/mental-health/talking-therapies-medicine-treatments/talking-therapies-and-counselling/nhs-talking-therapies/
2025-07-27 12:25:26,753 - EnhancedCBTCollector - INFO - Collected high-quality content from https://www.nhs.uk/mental-health/talking-therapies-medicine-treatments/talking-therapies-and-counselling/nhs-talking-therapies/ (Score: 70)
2025-07-27 12:25:28,761 - EnhancedCBTCollector - INFO - Starting enhanced collection from nhs_cbt: https://www.nhs.uk/mental-health/talking-therapies-medicine-treatments/
2025-07-27 12:25:28,793 - EnhancedCBTCollector - WARNING - Content from https://www.nhs.uk/mental-health/talking-therapies-medicine-treatments/ failed quality assessment (Score: 20)
2025-07-27 12:25:30,805 - EnhancedCBTCollector - INFO - Starting enhanced collection from nhs_cbt: https://www.nhs.uk/mental-health/talking-therapies-medicine-treatments/talking-therapies-and-counselling/nhs-talking-therapies/
2025-07-27 12:25:30,864 - EnhancedCBTCollector - INFO - Collected high-quality content from https://www.nhs.uk/mental-health/talking-therapies-medicine-treatments/talking-therapies-and-counselling/nhs-talking-therapies/ (Score: 70)
2025-07-27 12:25:32,876 - EnhancedCBTCollector - INFO - Starting enhanced collection from nhs_cbt: https://www.nhs.uk/mental-health/talking-therapies-medicine-treatments/
2025-07-27 12:25:32,913 - EnhancedCBTCollector - WARNING - Content from https://www.nhs.uk/mental-health/talking-therapies-medicine-treatments/ failed quality assessment (Score: 20)
2025-07-27 12:25:34,916 - EnhancedCBTCollector - INFO - Starting enhanced collection from nhs_cbt: https://www.nhs.uk/mental-health/talking-therapies-medicine-treatments/talking-therapies-and-counselling/nhs-talking-therapies/
2025-07-27 12:25:34,950 - EnhancedCBTCollector - INFO - Collected high-quality content from https://www.nhs.uk/mental-health/talking-therapies-medicine-treatments/talking-therapies-and-counselling/nhs-talking-therapies/ (Score: 70)
2025-07-27 12:25:36,954 - EnhancedCBTCollector - INFO - Starting enhanced collection from nhs_cbt: https://www.nhs.uk/mental-health/talking-therapies-medicine-treatments/
2025-07-27 12:25:36,981 - EnhancedCBTCollector - WARNING - Content from https://www.nhs.uk/mental-health/talking-therapies-medicine-treatments/ failed quality assessment (Score: 20)
2025-07-27 12:25:38,996 - EnhancedCBTCollector - INFO - Starting enhanced collection from nhs_cbt: https://www.nhs.uk/mental-health/talking-therapies-medicine-treatments/talking-therapies-and-counselling/nhs-talking-therapies/
2025-07-27 12:25:39,028 - EnhancedCBTCollector - INFO - Collected high-quality content from https://www.nhs.uk/mental-health/talking-therapies-medicine-treatments/talking-therapies-and-counselling/nhs-talking-therapies/ (Score: 70)
2025-07-27 12:25:41,040 - EnhancedCBTCollector - INFO - Starting enhanced collection from nhs_cbt: https://www.nhs.uk/mental-health/talking-therapies-medicine-treatments/
2025-07-27 12:25:41,069 - EnhancedCBTCollector - WARNING - Content from https://www.nhs.uk/mental-health/talking-therapies-medicine-treatments/ failed quality assessment (Score: 20)
2025-07-27 12:25:43,083 - EnhancedCBTCollector - INFO - Starting enhanced collection from nhs_cbt: https://www.nhs.uk/mental-health/talking-therapies-medicine-treatments/talking-therapies-and-counselling/nhs-talking-therapies/
2025-07-27 12:25:43,130 - EnhancedCBTCollector - INFO - Collected high-quality content from https://www.nhs.uk/mental-health/talking-therapies-medicine-treatments/talking-therapies-and-counselling/nhs-talking-therapies/ (Score: 70)
2025-07-27 12:25:45,142 - EnhancedCBTCollector - INFO - Starting enhanced collection from nhs_cbt: https://www.nhs.uk/mental-health/talking-therapies-medicine-treatments/
2025-07-27 12:25:45,171 - EnhancedCBTCollector - WARNING - Content from https://www.nhs.uk/mental-health/talking-therapies-medicine-treatments/ failed quality assessment (Score: 20)
2025-07-27 12:25:47,184 - EnhancedCBTCollector - INFO - Starting enhanced collection from nhs_cbt: https://www.nhs.uk/mental-health/talking-therapies-medicine-treatments/talking-therapies-and-counselling/nhs-talking-therapies/
2025-07-27 12:25:47,217 - EnhancedCBTCollector - INFO - Collected high-quality content from https://www.nhs.uk/mental-health/talking-therapies-medicine-treatments/talking-therapies-and-counselling/nhs-talking-therapies/ (Score: 70)
2025-07-27 12:25:49,232 - EnhancedCBTCollector - INFO - Starting enhanced collection from nhs_cbt: https://www.nhs.uk/mental-health/talking-therapies-medicine-treatments/
2025-07-27 12:25:49,260 - EnhancedCBTCollector - WARNING - Content from https://www.nhs.uk/mental-health/talking-therapies-medicine-treatments/ failed quality assessment (Score: 20)
2025-07-27 12:25:51,275 - EnhancedCBTCollector - INFO - Starting enhanced collection from nhs_cbt: https://www.nhs.uk/mental-health/talking-therapies-medicine-treatments/talking-therapies-and-counselling/nhs-talking-therapies/
2025-07-27 12:25:51,307 - EnhancedCBTCollector - INFO - Collected high-quality content from https://www.nhs.uk/mental-health/talking-therapies-medicine-treatments/talking-therapies-and-counselling/nhs-talking-therapies/ (Score: 70)
2025-07-27 12:25:53,318 - EnhancedCBTCollector - INFO - Starting enhanced collection from nhs_cbt: https://www.nhs.uk/mental-health/talking-therapies-medicine-treatments/
2025-07-27 12:25:53,373 - EnhancedCBTCollector - WARNING - Content from https://www.nhs.uk/mental-health/talking-therapies-medicine-treatments/ failed quality assessment (Score: 20)
2025-07-27 12:25:55,378 - EnhancedCBTCollector - INFO - Starting enhanced collection from nhs_cbt: https://www.nhs.uk/mental-health/talking-therapies-medicine-treatments/talking-therapies-and-counselling/nhs-talking-therapies/
2025-07-27 12:25:55,413 - EnhancedCBTCollector - INFO - Collected high-quality content from https://www.nhs.uk/mental-health/talking-therapies-medicine-treatments/talking-therapies-and-counselling/nhs-talking-therapies/ (Score: 70)
2025-07-27 12:25:57,423 - EnhancedCBTCollector - INFO - Starting enhanced collection from nhs_cbt: https://www.nhs.uk/mental-health/talking-therapies-medicine-treatments/
2025-07-27 12:25:57,477 - EnhancedCBTCollector - WARNING - Content from https://www.nhs.uk/mental-health/talking-therapies-medicine-treatments/ failed quality assessment (Score: 20)
2025-07-27 12:25:59,480 - EnhancedCBTCollector - INFO - Starting enhanced collection from nhs_cbt: https://www.nhs.uk/mental-health/talking-therapies-medicine-treatments/talking-therapies-and-counselling/nhs-talking-therapies/
2025-07-27 12:25:59,523 - EnhancedCBTCollector - INFO - Collected high-quality content from https://www.nhs.uk/mental-health/talking-therapies-medicine-treatments/talking-therapies-and-counselling/nhs-talking-therapies/ (Score: 70)
2025-07-27 12:26:01,539 - EnhancedCBTCollector - INFO - Starting enhanced collection from nhs_cbt: https://www.nhs.uk/mental-health/talking-therapies-medicine-treatments/
2025-07-27 12:26:01,569 - EnhancedCBTCollector - WARNING - Content from https://www.nhs.uk/mental-health/talking-therapies-medicine-treatments/ failed quality assessment (Score: 20)
2025-07-27 12:26:03,577 - EnhancedCBTCollector - INFO - Starting enhanced collection from nhs_cbt: https://www.nhs.uk/mental-health/talking-therapies-medicine-treatments/talking-therapies-and-counselling/nhs-talking-therapies/
2025-07-27 12:26:03,639 - EnhancedCBTCollector - INFO - Collected high-quality content from https://www.nhs.uk/mental-health/talking-therapies-medicine-treatments/talking-therapies-and-counselling/nhs-talking-therapies/ (Score: 70)
2025-07-27 12:26:05,650 - EnhancedCBTCollector - INFO - Starting enhanced collection from nhs_cbt: https://www.nhs.uk/mental-health/talking-therapies-medicine-treatments/
2025-07-27 12:26:05,685 - EnhancedCBTCollector - WARNING - Content from https://www.nhs.uk/mental-health/talking-therapies-medicine-treatments/ failed quality assessment (Score: 20)
2025-07-27 12:26:07,689 - EnhancedCBTCollector - INFO - Starting enhanced collection from nhs_cbt: https://www.nhs.uk/mental-health/talking-therapies-medicine-treatments/talking-therapies-and-counselling/nhs-talking-therapies/
2025-07-27 12:26:07,722 - EnhancedCBTCollector - INFO - Collected high-quality content from https://www.nhs.uk/mental-health/talking-therapies-medicine-treatments/talking-therapies-and-counselling/nhs-talking-therapies/ (Score: 70)
2025-07-27 12:26:09,725 - EnhancedCBTCollector - INFO - Starting enhanced collection from nhs_cbt: https://www.nhs.uk/mental-health/talking-therapies-medicine-treatments/
2025-07-27 12:26:09,779 - EnhancedCBTCollector - WARNING - Content from https://www.nhs.uk/mental-health/talking-therapies-medicine-treatments/ failed quality assessment (Score: 20)
2025-07-27 12:26:11,783 - EnhancedCBTCollector - INFO - Starting enhanced collection from nhs_cbt: https://www.nhs.uk/mental-health/talking-therapies-medicine-treatments/talking-therapies-and-counselling/nhs-talking-therapies/
2025-07-27 12:26:11,816 - EnhancedCBTCollector - INFO - Collected high-quality content from https://www.nhs.uk/mental-health/talking-therapies-medicine-treatments/talking-therapies-and-counselling/nhs-talking-therapies/ (Score: 70)
2025-07-27 12:26:13,827 - EnhancedCBTCollector - INFO - Starting enhanced collection from nhs_cbt: https://www.nhs.uk/mental-health/talking-therapies-medicine-treatments/
2025-07-27 12:26:13,858 - EnhancedCBTCollector - WARNING - Content from https://www.nhs.uk/mental-health/talking-therapies-medicine-treatments/ failed quality assessment (Score: 20)
2025-07-27 12:26:15,869 - EnhancedCBTCollector - INFO - Starting enhanced collection from nhs_cbt: https://www.nhs.uk/mental-health/talking-therapies-medicine-treatments/talking-therapies-and-counselling/nhs-talking-therapies/
2025-07-27 12:26:15,903 - EnhancedCBTCollector - INFO - Collected high-quality content from https://www.nhs.uk/mental-health/talking-therapies-medicine-treatments/talking-therapies-and-counselling/nhs-talking-therapies/ (Score: 70)
2025-07-27 12:26:17,910 - EnhancedCBTCollector - INFO - Starting enhanced collection from nhs_cbt: https://www.nhs.uk/mental-health/talking-therapies-medicine-treatments/
2025-07-27 12:26:17,939 - EnhancedCBTCollector - WARNING - Content from https://www.nhs.uk/mental-health/talking-therapies-medicine-treatments/ failed quality assessment (Score: 20)
2025-07-27 12:26:19,952 - EnhancedCBTCollector - INFO - Starting enhanced collection from nhs_cbt: https://www.nhs.uk/mental-health/talking-therapies-medicine-treatments/talking-therapies-and-counselling/nhs-talking-therapies/
2025-07-27 12:26:19,985 - EnhancedCBTCollector - INFO - Collected high-quality content from https://www.nhs.uk/mental-health/talking-therapies-medicine-treatments/talking-therapies-and-counselling/nhs-talking-therapies/ (Score: 70)
2025-07-27 12:26:21,994 - EnhancedCBTCollector - INFO - Starting enhanced collection from nhs_cbt: https://www.nhs.uk/mental-health/talking-therapies-medicine-treatments/
2025-07-27 12:26:22,022 - EnhancedCBTCollector - WARNING - Content from https://www.nhs.uk/mental-health/talking-therapies-medicine-treatments/ failed quality assessment (Score: 20)
2025-07-27 12:26:24,033 - EnhancedCBTCollector - INFO - Starting enhanced collection from nhs_cbt: https://www.nhs.uk/mental-health/talking-therapies-medicine-treatments/talking-therapies-and-counselling/nhs-talking-therapies/
2025-07-27 12:26:24,067 - EnhancedCBTCollector - INFO - Collected high-quality content from https://www.nhs.uk/mental-health/talking-therapies-medicine-treatments/talking-therapies-and-counselling/nhs-talking-therapies/ (Score: 70)
2025-07-27 12:26:26,075 - EnhancedCBTCollector - INFO - Starting enhanced collection from nhs_cbt: https://www.nhs.uk/mental-health/talking-therapies-medicine-treatments/
2025-07-27 12:26:26,129 - EnhancedCBTCollector - WARNING - Content from https://www.nhs.uk/mental-health/talking-therapies-medicine-treatments/ failed quality assessment (Score: 20)
2025-07-27 12:26:28,142 - EnhancedCBTCollector - INFO - Starting enhanced collection from nhs_cbt: https://www.nhs.uk/mental-health/talking-therapies-medicine-treatments/talking-therapies-and-counselling/nhs-talking-therapies/
2025-07-27 12:26:28,184 - EnhancedCBTCollector - INFO - Collected high-quality content from https://www.nhs.uk/mental-health/talking-therapies-medicine-treatments/talking-therapies-and-counselling/nhs-talking-therapies/ (Score: 70)
2025-07-27 12:26:30,197 - EnhancedCBTCollector - INFO - Starting enhanced collection from nhs_cbt: https://www.nhs.uk/mental-health/talking-therapies-medicine-treatments/
2025-07-27 12:26:30,231 - EnhancedCBTCollector - WARNING - Content from https://www.nhs.uk/mental-health/talking-therapies-medicine-treatments/ failed quality assessment (Score: 20)
2025-07-27 12:26:32,240 - EnhancedCBTCollector - INFO - Starting enhanced collection from nhs_cbt: https://www.nhs.uk/mental-health/talking-therapies-medicine-treatments/talking-therapies-and-counselling/nhs-talking-therapies/
2025-07-27 12:26:32,273 - EnhancedCBTCollector - INFO - Collected high-quality content from https://www.nhs.uk/mental-health/talking-therapies-medicine-treatments/talking-therapies-and-counselling/nhs-talking-therapies/ (Score: 70)
2025-07-27 12:26:34,282 - EnhancedCBTCollector - INFO - Starting enhanced collection from nhs_cbt: https://www.nhs.uk/mental-health/talking-therapies-medicine-treatments/
2025-07-27 12:26:34,335 - EnhancedCBTCollector - WARNING - Content from https://www.nhs.uk/mental-health/talking-therapies-medicine-treatments/ failed quality assessment (Score: 20)
2025-07-27 12:26:36,348 - EnhancedCBTCollector - INFO - Starting enhanced collection from nhs_cbt: https://www.nhs.uk/mental-health/talking-therapies-medicine-treatments/talking-therapies-and-counselling/nhs-talking-therapies/
2025-07-27 12:26:36,405 - EnhancedCBTCollector - INFO - Collected high-quality content from https://www.nhs.uk/mental-health/talking-therapies-medicine-treatments/talking-therapies-and-counselling/nhs-talking-therapies/ (Score: 70)
2025-07-27 12:26:38,422 - EnhancedCBTCollector - INFO - Starting enhanced collection from nhs_cbt: https://www.nhs.uk/mental-health/talking-therapies-medicine-treatments/
2025-07-27 12:26:38,451 - EnhancedCBTCollector - WARNING - Content from https://www.nhs.uk/mental-health/talking-therapies-medicine-treatments/ failed quality assessment (Score: 20)
2025-07-27 12:26:40,461 - EnhancedCBTCollector - INFO - Starting enhanced collection from nhs_cbt: https://www.nhs.uk/mental-health/talking-therapies-medicine-treatments/talking-therapies-and-counselling/nhs-talking-therapies/
2025-07-27 12:26:40,494 - EnhancedCBTCollector - INFO - Collected high-quality content from https://www.nhs.uk/mental-health/talking-therapies-medicine-treatments/talking-therapies-and-counselling/nhs-talking-therapies/ (Score: 70)
2025-07-27 12:26:42,504 - EnhancedCBTCollector - INFO - Starting enhanced collection from nhs_cbt: https://www.nhs.uk/mental-health/talking-therapies-medicine-treatments/
2025-07-27 12:26:42,534 - EnhancedCBTCollector - WARNING - Content from https://www.nhs.uk/mental-health/talking-therapies-medicine-treatments/ failed quality assessment (Score: 20)
2025-07-27 12:26:44,544 - EnhancedCBTCollector - INFO - Starting enhanced collection from nhs_cbt: https://www.nhs.uk/mental-health/talking-therapies-medicine-treatments/talking-therapies-and-counselling/nhs-talking-therapies/
2025-07-27 12:26:44,577 - EnhancedCBTCollector - INFO - Collected high-quality content from https://www.nhs.uk/mental-health/talking-therapies-medicine-treatments/talking-therapies-and-counselling/nhs-talking-therapies/ (Score: 70)
2025-07-27 12:26:46,584 - EnhancedCBTCollector - INFO - Starting enhanced collection from nhs_cbt: https://www.nhs.uk/mental-health/talking-therapies-medicine-treatments/
2025-07-27 12:26:46,639 - EnhancedCBTCollector - WARNING - Content from https://www.nhs.uk/mental-health/talking-therapies-medicine-treatments/ failed quality assessment (Score: 20)
2025-07-27 12:26:48,651 - EnhancedCBTCollector - INFO - Starting enhanced collection from nhs_cbt: https://www.nhs.uk/mental-health/talking-therapies-medicine-treatments/talking-therapies-and-counselling/nhs-talking-therapies/
2025-07-27 12:26:48,692 - EnhancedCBTCollector - INFO - Collected high-quality content from https://www.nhs.uk/mental-health/talking-therapies-medicine-treatments/talking-therapies-and-counselling/nhs-talking-therapies/ (Score: 70)
2025-07-27 12:26:50,705 - EnhancedCBTCollector - INFO - Starting enhanced collection from nhs_cbt: https://www.nhs.uk/mental-health/talking-therapies-medicine-treatments/
2025-07-27 12:26:50,759 - EnhancedCBTCollector - WARNING - Content from https://www.nhs.uk/mental-health/talking-therapies-medicine-treatments/ failed quality assessment (Score: 20)
2025-07-27 12:26:52,766 - EnhancedCBTCollector - INFO - Starting enhanced collection from nhs_cbt: https://www.nhs.uk/mental-health/talking-therapies-medicine-treatments/talking-therapies-and-counselling/nhs-talking-therapies/
2025-07-27 12:26:52,800 - EnhancedCBTCollector - INFO - Collected high-quality content from https://www.nhs.uk/mental-health/talking-therapies-medicine-treatments/talking-therapies-and-counselling/nhs-talking-therapies/ (Score: 70)
2025-07-27 12:26:54,805 - EnhancedCBTCollector - INFO - Starting enhanced collection from nhs_cbt: https://www.nhs.uk/mental-health/talking-therapies-medicine-treatments/
2025-07-27 12:26:54,858 - EnhancedCBTCollector - WARNING - Content from https://www.nhs.uk/mental-health/talking-therapies-medicine-treatments/ failed quality assessment (Score: 20)
2025-07-27 12:26:56,871 - EnhancedCBTCollector - INFO - Starting enhanced collection from nhs_cbt: https://www.nhs.uk/mental-health/talking-therapies-medicine-treatments/talking-therapies-and-counselling/nhs-talking-therapies/
2025-07-27 12:26:56,903 - EnhancedCBTCollector - INFO - Collected high-quality content from https://www.nhs.uk/mental-health/talking-therapies-medicine-treatments/talking-therapies-and-counselling/nhs-talking-therapies/ (Score: 70)
2025-07-27 12:26:58,917 - EnhancedCBTCollector - INFO - Starting enhanced collection from nhs_cbt: https://www.nhs.uk/mental-health/talking-therapies-medicine-treatments/
2025-07-27 12:26:58,947 - EnhancedCBTCollector - WARNING - Content from https://www.nhs.uk/mental-health/talking-therapies-medicine-treatments/ failed quality assessment (Score: 20)
2025-07-27 12:27:00,955 - EnhancedCBTCollector - INFO - Starting enhanced collection from nhs_cbt: https://www.nhs.uk/mental-health/talking-therapies-medicine-treatments/talking-therapies-and-counselling/nhs-talking-therapies/
2025-07-27 12:27:01,014 - EnhancedCBTCollector - INFO - Collected high-quality content from https://www.nhs.uk/mental-health/talking-therapies-medicine-treatments/talking-therapies-and-counselling/nhs-talking-therapies/ (Score: 70)
2025-07-27 12:27:03,018 - EnhancedCBTCollector - INFO - Starting enhanced collection from nhs_cbt: https://www.nhs.uk/mental-health/talking-therapies-medicine-treatments/
2025-07-27 12:27:03,047 - EnhancedCBTCollector - WARNING - Content from https://www.nhs.uk/mental-health/talking-therapies-medicine-treatments/ failed quality assessment (Score: 20)
2025-07-27 12:27:05,056 - EnhancedCBTCollector - INFO - Starting enhanced collection from nhs_cbt: https://www.nhs.uk/mental-health/talking-therapies-medicine-treatments/talking-therapies-and-counselling/nhs-talking-therapies/
2025-07-27 12:27:05,088 - EnhancedCBTCollector - INFO - Collected high-quality content from https://www.nhs.uk/mental-health/talking-therapies-medicine-treatments/talking-therapies-and-counselling/nhs-talking-therapies/ (Score: 70)
2025-07-27 12:27:07,100 - EnhancedCBTCollector - INFO - Starting enhanced collection from nhs_cbt: https://www.nhs.uk/mental-health/talking-therapies-medicine-treatments/
2025-07-27 12:27:07,153 - EnhancedCBTCollector - WARNING - Content from https://www.nhs.uk/mental-health/talking-therapies-medicine-treatments/ failed quality assessment (Score: 20)
2025-07-27 12:27:09,164 - EnhancedCBTCollector - INFO - Starting enhanced collection from nhs_cbt: https://www.nhs.uk/mental-health/talking-therapies-medicine-treatments/talking-therapies-and-counselling/nhs-talking-therapies/
2025-07-27 12:27:09,197 - EnhancedCBTCollector - INFO - Collected high-quality content from https://www.nhs.uk/mental-health/talking-therapies-medicine-treatments/talking-therapies-and-counselling/nhs-talking-therapies/ (Score: 70)
2025-07-27 12:27:11,204 - EnhancedCBTCollector - INFO - Starting enhanced collection from nhs_cbt: https://www.nhs.uk/mental-health/talking-therapies-medicine-treatments/
2025-07-27 12:27:11,239 - EnhancedCBTCollector - WARNING - Content from https://www.nhs.uk/mental-health/talking-therapies-medicine-treatments/ failed quality assessment (Score: 20)
2025-07-27 12:27:13,242 - EnhancedCBTCollector - INFO - Starting enhanced collection from nhs_cbt: https://www.nhs.uk/mental-health/talking-therapies-medicine-treatments/talking-therapies-and-counselling/nhs-talking-therapies/
2025-07-27 12:27:13,275 - EnhancedCBTCollector - INFO - Collected high-quality content from https://www.nhs.uk/mental-health/talking-therapies-medicine-treatments/talking-therapies-and-counselling/nhs-talking-therapies/ (Score: 70)
2025-07-27 12:27:15,283 - EnhancedCBTCollector - INFO - Starting enhanced collection from nhs_cbt: https://www.nhs.uk/mental-health/talking-therapies-medicine-treatments/
2025-07-27 12:27:15,336 - EnhancedCBTCollector - WARNING - Content from https://www.nhs.uk/mental-health/talking-therapies-medicine-treatments/ failed quality assessment (Score: 20)
2025-07-27 12:27:17,342 - EnhancedCBTCollector - INFO - Starting enhanced collection from nhs_cbt: https://www.nhs.uk/mental-health/talking-therapies-medicine-treatments/talking-therapies-and-counselling/nhs-talking-therapies/
2025-07-27 12:27:17,398 - EnhancedCBTCollector - INFO - Collected high-quality content from https://www.nhs.uk/mental-health/talking-therapies-medicine-treatments/talking-therapies-and-counselling/nhs-talking-therapies/ (Score: 70)
2025-07-27 12:27:19,412 - EnhancedCBTCollector - INFO - Starting enhanced collection from nhs_cbt: https://www.nhs.uk/mental-health/talking-therapies-medicine-treatments/
2025-07-27 12:27:19,440 - EnhancedCBTCollector - WARNING - Content from https://www.nhs.uk/mental-health/talking-therapies-medicine-treatments/ failed quality assessment (Score: 20)
2025-07-27 12:27:21,457 - EnhancedCBTCollector - INFO - Starting enhanced collection from nhs_cbt: https://www.nhs.uk/mental-health/talking-therapies-medicine-treatments/talking-therapies-and-counselling/nhs-talking-therapies/
2025-07-27 12:27:21,515 - EnhancedCBTCollector - INFO - Collected high-quality content from https://www.nhs.uk/mental-health/talking-therapies-medicine-treatments/talking-therapies-and-counselling/nhs-talking-therapies/ (Score: 70)
2025-07-27 12:27:23,530 - EnhancedCBTCollector - INFO - Starting enhanced collection from nhs_cbt: https://www.nhs.uk/mental-health/talking-therapies-medicine-treatments/
2025-07-27 12:27:23,584 - EnhancedCBTCollector - WARNING - Content from https://www.nhs.uk/mental-health/talking-therapies-medicine-treatments/ failed quality assessment (Score: 20)
2025-07-27 12:27:25,600 - EnhancedCBTCollector - INFO - Starting enhanced collection from nhs_cbt: https://www.nhs.uk/mental-health/talking-therapies-medicine-treatments/talking-therapies-and-counselling/nhs-talking-therapies/
2025-07-27 12:27:25,659 - EnhancedCBTCollector - INFO - Collected high-quality content from https://www.nhs.uk/mental-health/talking-therapies-medicine-treatments/talking-therapies-and-counselling/nhs-talking-therapies/ (Score: 70)
2025-07-27 12:27:27,671 - EnhancedCBTCollector - INFO - Starting enhanced collection from nhs_cbt: https://www.nhs.uk/mental-health/talking-therapies-medicine-treatments/
2025-07-27 12:27:27,723 - EnhancedCBTCollector - WARNING - Content from https://www.nhs.uk/mental-health/talking-therapies-medicine-treatments/ failed quality assessment (Score: 20)
2025-07-27 12:27:29,730 - EnhancedCBTCollector - INFO - Starting enhanced collection from nhs_cbt: https://www.nhs.uk/mental-health/talking-therapies-medicine-treatments/talking-therapies-and-counselling/nhs-talking-therapies/
2025-07-27 12:27:29,788 - EnhancedCBTCollector - INFO - Collected high-quality content from https://www.nhs.uk/mental-health/talking-therapies-medicine-treatments/talking-therapies-and-counselling/nhs-talking-therapies/ (Score: 70)
2025-07-27 12:27:31,801 - EnhancedCBTCollector - INFO - Starting enhanced collection from nhs_cbt: https://www.nhs.uk/mental-health/talking-therapies-medicine-treatments/
2025-07-27 12:27:31,855 - EnhancedCBTCollector - WARNING - Content from https://www.nhs.uk/mental-health/talking-therapies-medicine-treatments/ failed quality assessment (Score: 20)
2025-07-27 12:27:33,862 - EnhancedCBTCollector - INFO - Starting enhanced collection from nhs_cbt: https://www.nhs.uk/mental-health/talking-therapies-medicine-treatments/talking-therapies-and-counselling/nhs-talking-therapies/
2025-07-27 12:27:33,900 - EnhancedCBTCollector - INFO - Collected high-quality content from https://www.nhs.uk/mental-health/talking-therapies-medicine-treatments/talking-therapies-and-counselling/nhs-talking-therapies/ (Score: 70)
2025-07-27 12:27:35,901 - EnhancedCBTCollector - INFO - Starting enhanced collection from nhs_cbt: https://www.nhs.uk/mental-health/talking-therapies-medicine-treatments/
2025-07-27 12:27:35,929 - EnhancedCBTCollector - WARNING - Content from https://www.nhs.uk/mental-health/talking-therapies-medicine-treatments/ failed quality assessment (Score: 20)
2025-07-27 12:27:37,941 - EnhancedCBTCollector - INFO - Starting enhanced collection from nhs_cbt: https://www.nhs.uk/mental-health/talking-therapies-medicine-treatments/talking-therapies-and-counselling/nhs-talking-therapies/
2025-07-27 12:27:37,975 - EnhancedCBTCollector - INFO - Collected high-quality content from https://www.nhs.uk/mental-health/talking-therapies-medicine-treatments/talking-therapies-and-counselling/nhs-talking-therapies/ (Score: 70)
2025-07-27 12:27:39,981 - EnhancedCBTCollector - INFO - Starting enhanced collection from nhs_cbt: https://www.nhs.uk/mental-health/talking-therapies-medicine-treatments/
2025-07-27 12:27:40,010 - EnhancedCBTCollector - WARNING - Content from https://www.nhs.uk/mental-health/talking-therapies-medicine-treatments/ failed quality assessment (Score: 20)
2025-07-27 12:27:42,024 - EnhancedCBTCollector - INFO - Starting enhanced collection from nhs_cbt: https://www.nhs.uk/mental-health/talking-therapies-medicine-treatments/talking-therapies-and-counselling/nhs-talking-therapies/
2025-07-27 12:27:42,215 - EnhancedCBTCollector - INFO - Collected high-quality content from https://www.nhs.uk/mental-health/talking-therapies-medicine-treatments/talking-therapies-and-counselling/nhs-talking-therapies/ (Score: 70)
2025-07-27 12:27:44,229 - EnhancedCBTCollector - INFO - Starting enhanced collection from nhs_cbt: https://www.nhs.uk/mental-health/talking-therapies-medicine-treatments/
2025-07-27 12:27:44,282 - EnhancedCBTCollector - WARNING - Content from https://www.nhs.uk/mental-health/talking-therapies-medicine-treatments/ failed quality assessment (Score: 20)
2025-07-27 12:27:46,283 - EnhancedCBTCollector - INFO - Starting enhanced collection from nhs_cbt: https://www.nhs.uk/mental-health/talking-therapies-medicine-treatments/talking-therapies-and-counselling/nhs-talking-therapies/
2025-07-27 12:27:46,315 - EnhancedCBTCollector - INFO - Collected high-quality content from https://www.nhs.uk/mental-health/talking-therapies-medicine-treatments/talking-therapies-and-counselling/nhs-talking-therapies/ (Score: 70)
2025-07-27 12:27:48,321 - EnhancedCBTCollector - INFO - Starting enhanced collection from nhs_cbt: https://www.nhs.uk/mental-health/talking-therapies-medicine-treatments/
2025-07-27 12:27:48,353 - EnhancedCBTCollector - WARNING - Content from https://www.nhs.uk/mental-health/talking-therapies-medicine-treatments/ failed quality assessment (Score: 20)
2025-07-27 12:27:50,365 - EnhancedCBTCollector - INFO - Starting enhanced collection from nhs_cbt: https://www.nhs.uk/mental-health/talking-therapies-medicine-treatments/talking-therapies-and-counselling/nhs-talking-therapies/
2025-07-27 12:27:50,422 - EnhancedCBTCollector - INFO - Collected high-quality content from https://www.nhs.uk/mental-health/talking-therapies-medicine-treatments/talking-therapies-and-counselling/nhs-talking-therapies/ (Score: 70)
2025-07-27 12:27:52,427 - EnhancedCBTCollector - INFO - Starting enhanced collection from nhs_cbt: https://www.nhs.uk/mental-health/talking-therapies-medicine-treatments/
2025-07-27 12:27:52,455 - EnhancedCBTCollector - WARNING - Content from https://www.nhs.uk/mental-health/talking-therapies-medicine-treatments/ failed quality assessment (Score: 20)
2025-07-27 12:27:54,461 - EnhancedCBTCollector - INFO - Starting enhanced collection from nhs_cbt: https://www.nhs.uk/mental-health/talking-therapies-medicine-treatments/talking-therapies-and-counselling/nhs-talking-therapies/
2025-07-27 12:27:54,499 - EnhancedCBTCollector - INFO - Collected high-quality content from https://www.nhs.uk/mental-health/talking-therapies-medicine-treatments/talking-therapies-and-counselling/nhs-talking-therapies/ (Score: 70)
2025-07-27 12:27:56,515 - EnhancedCBTCollector - INFO - Starting enhanced collection from nhs_cbt: https://www.nhs.uk/mental-health/talking-therapies-medicine-treatments/
2025-07-27 12:27:56,543 - EnhancedCBTCollector - WARNING - Content from https://www.nhs.uk/mental-health/talking-therapies-medicine-treatments/ failed quality assessment (Score: 20)
2025-07-27 12:27:58,549 - EnhancedCBTCollector - INFO - Starting enhanced collection from nhs_cbt: https://www.nhs.uk/mental-health/talking-therapies-medicine-treatments/talking-therapies-and-counselling/nhs-talking-therapies/
2025-07-27 12:27:58,585 - EnhancedCBTCollector - INFO - Collected high-quality content from https://www.nhs.uk/mental-health/talking-therapies-medicine-treatments/talking-therapies-and-counselling/nhs-talking-therapies/ (Score: 70)
2025-07-27 12:28:00,592 - EnhancedCBTCollector - INFO - Starting enhanced collection from nhs_cbt: https://www.nhs.uk/mental-health/talking-therapies-medicine-treatments/
2025-07-27 12:28:00,629 - EnhancedCBTCollector - WARNING - Content from https://www.nhs.uk/mental-health/talking-therapies-medicine-treatments/ failed quality assessment (Score: 20)
2025-07-27 12:28:02,634 - EnhancedCBTCollector - INFO - Starting enhanced collection from nhs_cbt: https://www.nhs.uk/mental-health/talking-therapies-medicine-treatments/talking-therapies-and-counselling/nhs-talking-therapies/
2025-07-27 12:28:02,666 - EnhancedCBTCollector - INFO - Collected high-quality content from https://www.nhs.uk/mental-health/talking-therapies-medicine-treatments/talking-therapies-and-counselling/nhs-talking-therapies/ (Score: 70)
2025-07-27 12:28:04,678 - EnhancedCBTCollector - INFO - Starting enhanced collection from nhs_cbt: https://www.nhs.uk/mental-health/talking-therapies-medicine-treatments/
2025-07-27 12:28:04,709 - EnhancedCBTCollector - WARNING - Content from https://www.nhs.uk/mental-health/talking-therapies-medicine-treatments/ failed quality assessment (Score: 20)
2025-07-27 12:28:06,718 - EnhancedCBTCollector - INFO - Starting enhanced collection from nhs_cbt: https://www.nhs.uk/mental-health/talking-therapies-medicine-treatments/talking-therapies-and-counselling/nhs-talking-therapies/
2025-07-27 12:28:06,750 - EnhancedCBTCollector - INFO - Collected high-quality content from https://www.nhs.uk/mental-health/talking-therapies-medicine-treatments/talking-therapies-and-counselling/nhs-talking-therapies/ (Score: 70)
2025-07-27 12:28:08,764 - EnhancedCBTCollector - INFO - Starting enhanced collection from nhs_cbt: https://www.nhs.uk/mental-health/talking-therapies-medicine-treatments/
2025-07-27 12:28:08,791 - EnhancedCBTCollector - WARNING - Content from https://www.nhs.uk/mental-health/talking-therapies-medicine-treatments/ failed quality assessment (Score: 20)
2025-07-27 12:28:10,804 - EnhancedCBTCollector - INFO - Starting enhanced collection from nhs_cbt: https://www.nhs.uk/mental-health/talking-therapies-medicine-treatments/talking-therapies-and-counselling/nhs-talking-therapies/
2025-07-27 12:28:10,860 - EnhancedCBTCollector - INFO - Collected high-quality content from https://www.nhs.uk/mental-health/talking-therapies-medicine-treatments/talking-therapies-and-counselling/nhs-talking-therapies/ (Score: 70)
2025-07-27 12:28:12,861 - EnhancedCBTCollector - INFO - Starting enhanced collection from nhs_cbt: https://www.nhs.uk/mental-health/talking-therapies-medicine-treatments/
2025-07-27 12:28:12,914 - EnhancedCBTCollector - WARNING - Content from https://www.nhs.uk/mental-health/talking-therapies-medicine-treatments/ failed quality assessment (Score: 20)
2025-07-27 12:28:14,918 - EnhancedCBTCollector - INFO - Starting enhanced collection from nhs_cbt: https://www.nhs.uk/mental-health/talking-therapies-medicine-treatments/talking-therapies-and-counselling/nhs-talking-therapies/
2025-07-27 12:28:14,955 - EnhancedCBTCollector - INFO - Collected high-quality content from https://www.nhs.uk/mental-health/talking-therapies-medicine-treatments/talking-therapies-and-counselling/nhs-talking-therapies/ (Score: 70)
2025-07-27 12:28:16,957 - EnhancedCBTCollector - INFO - Starting enhanced collection from nhs_cbt: https://www.nhs.uk/mental-health/talking-therapies-medicine-treatments/
2025-07-27 12:28:16,990 - EnhancedCBTCollector - WARNING - Content from https://www.nhs.uk/mental-health/talking-therapies-medicine-treatments/ failed quality assessment (Score: 20)
2025-07-27 12:28:19,007 - EnhancedCBTCollector - INFO - Starting enhanced collection from nhs_cbt: https://www.nhs.uk/mental-health/talking-therapies-medicine-treatments/talking-therapies-and-counselling/nhs-talking-therapies/
2025-07-27 12:28:19,042 - EnhancedCBTCollector - INFO - Collected high-quality content from https://www.nhs.uk/mental-health/talking-therapies-medicine-treatments/talking-therapies-and-counselling/nhs-talking-therapies/ (Score: 70)
2025-07-27 12:28:21,043 - EnhancedCBTCollector - INFO - Starting enhanced collection from nhs_cbt: https://www.nhs.uk/mental-health/talking-therapies-medicine-treatments/
2025-07-27 12:28:21,071 - EnhancedCBTCollector - WARNING - Content from https://www.nhs.uk/mental-health/talking-therapies-medicine-treatments/ failed quality assessment (Score: 20)
2025-07-27 12:28:23,083 - EnhancedCBTCollector - INFO - Starting enhanced collection from nhs_cbt: https://www.nhs.uk/mental-health/talking-therapies-medicine-treatments/talking-therapies-and-counselling/nhs-talking-therapies/
2025-07-27 12:28:23,141 - EnhancedCBTCollector - INFO - Collected high-quality content from https://www.nhs.uk/mental-health/talking-therapies-medicine-treatments/talking-therapies-and-counselling/nhs-talking-therapies/ (Score: 70)
2025-07-27 12:28:25,143 - EnhancedCBTCollector - INFO - Starting enhanced collection from nhs_cbt: https://www.nhs.uk/mental-health/talking-therapies-medicine-treatments/
2025-07-27 12:28:25,198 - EnhancedCBTCollector - WARNING - Content from https://www.nhs.uk/mental-health/talking-therapies-medicine-treatments/ failed quality assessment (Score: 20)
2025-07-27 12:28:27,199 - EnhancedCBTCollector - INFO - Starting enhanced collection from nhs_cbt: https://www.nhs.uk/mental-health/talking-therapies-medicine-treatments/talking-therapies-and-counselling/nhs-talking-therapies/
2025-07-27 12:28:27,232 - EnhancedCBTCollector - INFO - Collected high-quality content from https://www.nhs.uk/mental-health/talking-therapies-medicine-treatments/talking-therapies-and-counselling/nhs-talking-therapies/ (Score: 70)
2025-07-27 12:28:29,239 - EnhancedCBTCollector - INFO - Starting enhanced collection from nhs_cbt: https://www.nhs.uk/mental-health/talking-therapies-medicine-treatments/
2025-07-27 12:28:29,292 - EnhancedCBTCollector - WARNING - Content from https://www.nhs.uk/mental-health/talking-therapies-medicine-treatments/ failed quality assessment (Score: 20)
2025-07-27 12:28:31,298 - EnhancedCBTCollector - INFO - Starting enhanced collection from nhs_cbt: https://www.nhs.uk/mental-health/talking-therapies-medicine-treatments/talking-therapies-and-counselling/nhs-talking-therapies/
2025-07-27 12:28:31,332 - EnhancedCBTCollector - INFO - Collected high-quality content from https://www.nhs.uk/mental-health/talking-therapies-medicine-treatments/talking-therapies-and-counselling/nhs-talking-therapies/ (Score: 70)
2025-07-27 12:28:33,346 - EnhancedCBTCollector - INFO - Starting enhanced collection from nhs_cbt: https://www.nhs.uk/mental-health/talking-therapies-medicine-treatments/
2025-07-27 12:28:33,397 - EnhancedCBTCollector - WARNING - Content from https://www.nhs.uk/mental-health/talking-therapies-medicine-treatments/ failed quality assessment (Score: 20)
2025-07-27 12:28:35,413 - EnhancedCBTCollector - INFO - Starting enhanced collection from nhs_cbt: https://www.nhs.uk/mental-health/talking-therapies-medicine-treatments/talking-therapies-and-counselling/nhs-talking-therapies/
2025-07-27 12:28:35,467 - EnhancedCBTCollector - INFO - Collected high-quality content from https://www.nhs.uk/mental-health/talking-therapies-medicine-treatments/talking-therapies-and-counselling/nhs-talking-therapies/ (Score: 70)
2025-07-27 12:28:37,471 - EnhancedCBTCollector - INFO - Starting enhanced collection from nhs_cbt: https://www.nhs.uk/mental-health/talking-therapies-medicine-treatments/
2025-07-27 12:28:37,504 - EnhancedCBTCollector - WARNING - Content from https://www.nhs.uk/mental-health/talking-therapies-medicine-treatments/ failed quality assessment (Score: 20)
2025-07-27 12:28:39,520 - EnhancedCBTCollector - INFO - Starting enhanced collection from nhs_cbt: https://www.nhs.uk/mental-health/talking-therapies-medicine-treatments/talking-therapies-and-counselling/nhs-talking-therapies/
2025-07-27 12:28:39,579 - EnhancedCBTCollector - INFO - Collected high-quality content from https://www.nhs.uk/mental-health/talking-therapies-medicine-treatments/talking-therapies-and-counselling/nhs-talking-therapies/ (Score: 70)
2025-07-27 12:28:41,580 - EnhancedCBTCollector - INFO - Starting enhanced collection from nhs_cbt: https://www.nhs.uk/mental-health/talking-therapies-medicine-treatments/
2025-07-27 12:28:41,634 - EnhancedCBTCollector - WARNING - Content from https://www.nhs.uk/mental-health/talking-therapies-medicine-treatments/ failed quality assessment (Score: 20)
2025-07-27 12:28:43,636 - EnhancedCBTCollector - INFO - Starting enhanced collection from nhs_cbt: https://www.nhs.uk/mental-health/talking-therapies-medicine-treatments/talking-therapies-and-counselling/nhs-talking-therapies/
2025-07-27 12:28:43,669 - EnhancedCBTCollector - INFO - Collected high-quality content from https://www.nhs.uk/mental-health/talking-therapies-medicine-treatments/talking-therapies-and-counselling/nhs-talking-therapies/ (Score: 70)
2025-07-27 12:28:45,677 - EnhancedCBTCollector - INFO - Starting enhanced collection from nhs_cbt: https://www.nhs.uk/mental-health/talking-therapies-medicine-treatments/
2025-07-27 12:28:45,704 - EnhancedCBTCollector - WARNING - Content from https://www.nhs.uk/mental-health/talking-therapies-medicine-treatments/ failed quality assessment (Score: 20)
2025-07-27 12:28:47,708 - EnhancedCBTCollector - INFO - Starting enhanced collection from nhs_cbt: https://www.nhs.uk/mental-health/talking-therapies-medicine-treatments/talking-therapies-and-counselling/nhs-talking-therapies/
2025-07-27 12:28:47,741 - EnhancedCBTCollector - INFO - Collected high-quality content from https://www.nhs.uk/mental-health/talking-therapies-medicine-treatments/talking-therapies-and-counselling/nhs-talking-therapies/ (Score: 70)
2025-07-27 12:28:49,745 - EnhancedCBTCollector - INFO - Starting enhanced collection from nhs_cbt: https://www.nhs.uk/mental-health/talking-therapies-medicine-treatments/
2025-07-27 12:28:49,797 - EnhancedCBTCollector - WARNING - Content from https://www.nhs.uk/mental-health/talking-therapies-medicine-treatments/ failed quality assessment (Score: 20)
2025-07-27 12:28:51,801 - EnhancedCBTCollector - INFO - Starting enhanced collection from nhs_cbt: https://www.nhs.uk/mental-health/talking-therapies-medicine-treatments/talking-therapies-and-counselling/nhs-talking-therapies/
2025-07-27 12:28:51,832 - EnhancedCBTCollector - INFO - Collected high-quality content from https://www.nhs.uk/mental-health/talking-therapies-medicine-treatments/talking-therapies-and-counselling/nhs-talking-therapies/ (Score: 70)
2025-07-27 12:28:53,842 - EnhancedCBTCollector - INFO - Starting enhanced collection from nhs_cbt: https://www.nhs.uk/mental-health/talking-therapies-medicine-treatments/
2025-07-27 12:28:53,870 - EnhancedCBTCollector - WARNING - Content from https://www.nhs.uk/mental-health/talking-therapies-medicine-treatments/ failed quality assessment (Score: 20)
2025-07-27 12:28:55,885 - EnhancedCBTCollector - INFO - Starting enhanced collection from nhs_cbt: https://www.nhs.uk/mental-health/talking-therapies-medicine-treatments/talking-therapies-and-counselling/nhs-talking-therapies/
2025-07-27 12:28:55,919 - EnhancedCBTCollector - INFO - Collected high-quality content from https://www.nhs.uk/mental-health/talking-therapies-medicine-treatments/talking-therapies-and-counselling/nhs-talking-therapies/ (Score: 70)
2025-07-27 12:28:57,932 - EnhancedCBTCollector - INFO - Starting enhanced collection from nhs_cbt: https://www.nhs.uk/mental-health/talking-therapies-medicine-treatments/
2025-07-27 12:28:57,965 - EnhancedCBTCollector - WARNING - Content from https://www.nhs.uk/mental-health/talking-therapies-medicine-treatments/ failed quality assessment (Score: 20)
2025-07-27 12:28:59,977 - EnhancedCBTCollector - INFO - Starting enhanced collection from nhs_cbt: https://www.nhs.uk/mental-health/talking-therapies-medicine-treatments/talking-therapies-and-counselling/nhs-talking-therapies/
2025-07-27 12:29:00,017 - EnhancedCBTCollector - INFO - Collected high-quality content from https://www.nhs.uk/mental-health/talking-therapies-medicine-treatments/talking-therapies-and-counselling/nhs-talking-therapies/ (Score: 70)
2025-07-27 12:29:02,033 - EnhancedCBTCollector - INFO - Starting enhanced collection from nhs_cbt: https://www.nhs.uk/mental-health/talking-therapies-medicine-treatments/
2025-07-27 12:29:02,061 - EnhancedCBTCollector - WARNING - Content from https://www.nhs.uk/mental-health/talking-therapies-medicine-treatments/ failed quality assessment (Score: 20)
2025-07-27 12:29:04,072 - EnhancedCBTCollector - INFO - Starting enhanced collection from nhs_cbt: https://www.nhs.uk/mental-health/talking-therapies-medicine-treatments/talking-therapies-and-counselling/nhs-talking-therapies/
2025-07-27 12:29:04,106 - EnhancedCBTCollector - INFO - Collected high-quality content from https://www.nhs.uk/mental-health/talking-therapies-medicine-treatments/talking-therapies-and-counselling/nhs-talking-therapies/ (Score: 70)
2025-07-27 12:29:06,118 - EnhancedCBTCollector - INFO - Starting enhanced collection from nhs_cbt: https://www.nhs.uk/mental-health/talking-therapies-medicine-treatments/
2025-07-27 12:29:06,146 - EnhancedCBTCollector - WARNING - Content from https://www.nhs.uk/mental-health/talking-therapies-medicine-treatments/ failed quality assessment (Score: 20)
2025-07-27 12:29:08,154 - EnhancedCBTCollector - INFO - Starting enhanced collection from nhs_cbt: https://www.nhs.uk/mental-health/talking-therapies-medicine-treatments/talking-therapies-and-counselling/nhs-talking-therapies/
2025-07-27 12:29:08,187 - EnhancedCBTCollector - INFO - Collected high-quality content from https://www.nhs.uk/mental-health/talking-therapies-medicine-treatments/talking-therapies-and-counselling/nhs-talking-therapies/ (Score: 70)
2025-07-27 12:29:10,197 - EnhancedCBTCollector - INFO - Starting enhanced collection from nhs_cbt: https://www.nhs.uk/mental-health/talking-therapies-medicine-treatments/
2025-07-27 12:29:10,226 - EnhancedCBTCollector - WARNING - Content from https://www.nhs.uk/mental-health/talking-therapies-medicine-treatments/ failed quality assessment (Score: 20)
2025-07-27 12:29:12,231 - EnhancedCBTCollector - INFO - Starting enhanced collection from nhs_cbt: https://www.nhs.uk/mental-health/talking-therapies-medicine-treatments/talking-therapies-and-counselling/nhs-talking-therapies/
2025-07-27 12:29:12,287 - EnhancedCBTCollector - INFO - Collected high-quality content from https://www.nhs.uk/mental-health/talking-therapies-medicine-treatments/talking-therapies-and-counselling/nhs-talking-therapies/ (Score: 70)
2025-07-27 12:29:14,301 - EnhancedCBTCollector - INFO - Starting enhanced collection from nhs_cbt: https://www.nhs.uk/mental-health/talking-therapies-medicine-treatments/
2025-07-27 12:29:14,330 - EnhancedCBTCollector - WARNING - Content from https://www.nhs.uk/mental-health/talking-therapies-medicine-treatments/ failed quality assessment (Score: 20)
2025-07-27 12:29:16,346 - EnhancedCBTCollector - INFO - Starting enhanced collection from nhs_cbt: https://www.nhs.uk/mental-health/talking-therapies-medicine-treatments/talking-therapies-and-counselling/nhs-talking-therapies/
2025-07-27 12:29:16,379 - EnhancedCBTCollector - INFO - Collected high-quality content from https://www.nhs.uk/mental-health/talking-therapies-medicine-treatments/talking-therapies-and-counselling/nhs-talking-therapies/ (Score: 70)
2025-07-27 12:29:18,391 - EnhancedCBTCollector - INFO - Starting enhanced collection from nhs_cbt: https://www.nhs.uk/mental-health/talking-therapies-medicine-treatments/
2025-07-27 12:29:18,419 - EnhancedCBTCollector - WARNING - Content from https://www.nhs.uk/mental-health/talking-therapies-medicine-treatments/ failed quality assessment (Score: 20)
2025-07-27 12:29:20,429 - EnhancedCBTCollector - INFO - Starting enhanced collection from nhs_cbt: https://www.nhs.uk/mental-health/talking-therapies-medicine-treatments/talking-therapies-and-counselling/nhs-talking-therapies/
2025-07-27 12:29:20,469 - EnhancedCBTCollector - INFO - Collected high-quality content from https://www.nhs.uk/mental-health/talking-therapies-medicine-treatments/talking-therapies-and-counselling/nhs-talking-therapies/ (Score: 70)
2025-07-27 12:29:22,481 - EnhancedCBTCollector - INFO - Starting enhanced collection from nhs_cbt: https://www.nhs.uk/mental-health/talking-therapies-medicine-treatments/
2025-07-27 12:29:22,509 - EnhancedCBTCollector - WARNING - Content from https://www.nhs.uk/mental-health/talking-therapies-medicine-treatments/ failed quality assessment (Score: 20)
2025-07-27 12:29:24,519 - EnhancedCBTCollector - INFO - Starting enhanced collection from nhs_cbt: https://www.nhs.uk/mental-health/talking-therapies-medicine-treatments/talking-therapies-and-counselling/nhs-talking-therapies/
2025-07-27 12:29:24,551 - EnhancedCBTCollector - INFO - Collected high-quality content from https://www.nhs.uk/mental-health/talking-therapies-medicine-treatments/talking-therapies-and-counselling/nhs-talking-therapies/ (Score: 70)
2025-07-27 12:29:26,562 - EnhancedCBTCollector - INFO - Starting enhanced collection from nhs_cbt: https://www.nhs.uk/mental-health/talking-therapies-medicine-treatments/
2025-07-27 12:29:26,622 - EnhancedCBTCollector - WARNING - Content from https://www.nhs.uk/mental-health/talking-therapies-medicine-treatments/ failed quality assessment (Score: 20)
2025-07-27 12:29:28,634 - EnhancedCBTCollector - INFO - Starting enhanced collection from nhs_cbt: https://www.nhs.uk/mental-health/talking-therapies-medicine-treatments/talking-therapies-and-counselling/nhs-talking-therapies/
2025-07-27 12:29:28,667 - EnhancedCBTCollector - INFO - Collected high-quality content from https://www.nhs.uk/mental-health/talking-therapies-medicine-treatments/talking-therapies-and-counselling/nhs-talking-therapies/ (Score: 70)
2025-07-27 12:29:30,677 - EnhancedCBTCollector - INFO - Starting enhanced collection from nhs_cbt: https://www.nhs.uk/mental-health/talking-therapies-medicine-treatments/
2025-07-27 12:29:30,705 - EnhancedCBTCollector - WARNING - Content from https://www.nhs.uk/mental-health/talking-therapies-medicine-treatments/ failed quality assessment (Score: 20)
2025-07-27 12:29:32,716 - EnhancedCBTCollector - INFO - Starting enhanced collection from nhs_cbt: https://www.nhs.uk/mental-health/talking-therapies-medicine-treatments/talking-therapies-and-counselling/nhs-talking-therapies/
2025-07-27 12:29:32,773 - EnhancedCBTCollector - INFO - Collected high-quality content from https://www.nhs.uk/mental-health/talking-therapies-medicine-treatments/talking-therapies-and-counselling/nhs-talking-therapies/ (Score: 70)
2025-07-27 12:29:34,778 - EnhancedCBTCollector - INFO - Starting enhanced collection from nhs_cbt: https://www.nhs.uk/mental-health/talking-therapies-medicine-treatments/
2025-07-27 12:29:34,805 - EnhancedCBTCollector - WARNING - Content from https://www.nhs.uk/mental-health/talking-therapies-medicine-treatments/ failed quality assessment (Score: 20)
2025-07-27 12:29:36,820 - EnhancedCBTCollector - INFO - Starting enhanced collection from nhs_cbt: https://www.nhs.uk/mental-health/talking-therapies-medicine-treatments/talking-therapies-and-counselling/nhs-talking-therapies/
2025-07-27 12:29:36,852 - EnhancedCBTCollector - INFO - Collected high-quality content from https://www.nhs.uk/mental-health/talking-therapies-medicine-treatments/talking-therapies-and-counselling/nhs-talking-therapies/ (Score: 70)
2025-07-27 12:29:38,854 - EnhancedCBTCollector - INFO - Starting enhanced collection from nhs_cbt: https://www.nhs.uk/mental-health/talking-therapies-medicine-treatments/
2025-07-27 12:29:38,882 - EnhancedCBTCollector - WARNING - Content from https://www.nhs.uk/mental-health/talking-therapies-medicine-treatments/ failed quality assessment (Score: 20)
2025-07-27 12:29:40,896 - EnhancedCBTCollector - INFO - Starting enhanced collection from nhs_cbt: https://www.nhs.uk/mental-health/talking-therapies-medicine-treatments/talking-therapies-and-counselling/nhs-talking-therapies/
2025-07-27 12:29:40,952 - EnhancedCBTCollector - INFO - Collected high-quality content from https://www.nhs.uk/mental-health/talking-therapies-medicine-treatments/talking-therapies-and-counselling/nhs-talking-therapies/ (Score: 70)
2025-07-27 12:29:42,966 - EnhancedCBTCollector - INFO - Starting enhanced collection from nhs_cbt: https://www.nhs.uk/mental-health/talking-therapies-medicine-treatments/
2025-07-27 12:29:43,000 - EnhancedCBTCollector - WARNING - Content from https://www.nhs.uk/mental-health/talking-therapies-medicine-treatments/ failed quality assessment (Score: 20)
2025-07-27 12:29:45,004 - EnhancedCBTCollector - INFO - Starting enhanced collection from nhs_cbt: https://www.nhs.uk/mental-health/talking-therapies-medicine-treatments/talking-therapies-and-counselling/nhs-talking-therapies/
2025-07-27 12:29:45,035 - EnhancedCBTCollector - INFO - Collected high-quality content from https://www.nhs.uk/mental-health/talking-therapies-medicine-treatments/talking-therapies-and-counselling/nhs-talking-therapies/ (Score: 70)
2025-07-27 12:29:47,043 - EnhancedCBTCollector - INFO - Starting enhanced collection from nhs_cbt: https://www.nhs.uk/mental-health/talking-therapies-medicine-treatments/
2025-07-27 12:29:47,070 - EnhancedCBTCollector - WARNING - Content from https://www.nhs.uk/mental-health/talking-therapies-medicine-treatments/ failed quality assessment (Score: 20)
2025-07-27 12:29:49,071 - EnhancedCBTCollector - INFO - Starting enhanced collection from nhs_cbt: https://www.nhs.uk/mental-health/talking-therapies-medicine-treatments/talking-therapies-and-counselling/nhs-talking-therapies/
2025-07-27 12:29:49,130 - EnhancedCBTCollector - INFO - Collected high-quality content from https://www.nhs.uk/mental-health/talking-therapies-medicine-treatments/talking-therapies-and-counselling/nhs-talking-therapies/ (Score: 70)
2025-07-27 12:29:51,142 - EnhancedCBTCollector - INFO - Starting enhanced collection from nhs_cbt: https://www.nhs.uk/mental-health/talking-therapies-medicine-treatments/
2025-07-27 12:29:51,172 - EnhancedCBTCollector - WARNING - Content from https://www.nhs.uk/mental-health/talking-therapies-medicine-treatments/ failed quality assessment (Score: 20)
2025-07-27 12:29:53,185 - EnhancedCBTCollector - INFO - Starting enhanced collection from nhs_cbt: https://www.nhs.uk/mental-health/talking-therapies-medicine-treatments/talking-therapies-and-counselling/nhs-talking-therapies/
2025-07-27 12:29:53,216 - EnhancedCBTCollector - INFO - Collected high-quality content from https://www.nhs.uk/mental-health/talking-therapies-medicine-treatments/talking-therapies-and-counselling/nhs-talking-therapies/ (Score: 70)
2025-07-27 12:29:55,229 - EnhancedCBTCollector - INFO - Starting enhanced collection from nhs_cbt: https://www.nhs.uk/mental-health/talking-therapies-medicine-treatments/
2025-07-27 12:29:55,258 - EnhancedCBTCollector - WARNING - Content from https://www.nhs.uk/mental-health/talking-therapies-medicine-treatments/ failed quality assessment (Score: 20)
2025-07-27 12:29:57,270 - EnhancedCBTCollector - INFO - Starting enhanced collection from nhs_cbt: https://www.nhs.uk/mental-health/talking-therapies-medicine-treatments/talking-therapies-and-counselling/nhs-talking-therapies/
2025-07-27 12:29:57,305 - EnhancedCBTCollector - INFO - Collected high-quality content from https://www.nhs.uk/mental-health/talking-therapies-medicine-treatments/talking-therapies-and-counselling/nhs-talking-therapies/ (Score: 70)
2025-07-27 12:29:59,312 - EnhancedCBTCollector - INFO - Starting enhanced collection from nhs_cbt: https://www.nhs.uk/mental-health/talking-therapies-medicine-treatments/
2025-07-27 12:29:59,339 - EnhancedCBTCollector - WARNING - Content from https://www.nhs.uk/mental-health/talking-therapies-medicine-treatments/ failed quality assessment (Score: 20)
2025-07-27 12:30:01,354 - EnhancedCBTCollector - INFO - Starting enhanced collection from nhs_cbt: https://www.nhs.uk/mental-health/talking-therapies-medicine-treatments/talking-therapies-and-counselling/nhs-talking-therapies/
2025-07-27 12:30:01,392 - EnhancedCBTCollector - INFO - Collected high-quality content from https://www.nhs.uk/mental-health/talking-therapies-medicine-treatments/talking-therapies-and-counselling/nhs-talking-therapies/ (Score: 70)
2025-07-27 12:30:03,397 - EnhancedCBTCollector - INFO - Starting enhanced collection from nhs_cbt: https://www.nhs.uk/mental-health/talking-therapies-medicine-treatments/
2025-07-27 12:30:03,433 - EnhancedCBTCollector - WARNING - Content from https://www.nhs.uk/mental-health/talking-therapies-medicine-treatments/ failed quality assessment (Score: 20)
2025-07-27 12:30:05,440 - EnhancedCBTCollector - INFO - Starting enhanced collection from nhs_cbt: https://www.nhs.uk/mental-health/talking-therapies-medicine-treatments/talking-therapies-and-counselling/nhs-talking-therapies/
2025-07-27 12:30:05,495 - EnhancedCBTCollector - INFO - Collected high-quality content from https://www.nhs.uk/mental-health/talking-therapies-medicine-treatments/talking-therapies-and-counselling/nhs-talking-therapies/ (Score: 70)
2025-07-27 12:30:07,508 - EnhancedCBTCollector - INFO - Starting enhanced collection from nhs_cbt: https://www.nhs.uk/mental-health/talking-therapies-medicine-treatments/
2025-07-27 12:30:07,536 - EnhancedCBTCollector - WARNING - Content from https://www.nhs.uk/mental-health/talking-therapies-medicine-treatments/ failed quality assessment (Score: 20)
2025-07-27 12:30:09,544 - EnhancedCBTCollector - INFO - Starting enhanced collection from nhs_cbt: https://www.nhs.uk/mental-health/talking-therapies-medicine-treatments/talking-therapies-and-counselling/nhs-talking-therapies/
2025-07-27 12:30:09,579 - EnhancedCBTCollector - INFO - Collected high-quality content from https://www.nhs.uk/mental-health/talking-therapies-medicine-treatments/talking-therapies-and-counselling/nhs-talking-therapies/ (Score: 70)
2025-07-27 12:30:11,588 - EnhancedCBTCollector - INFO - Starting enhanced collection from nhs_cbt: https://www.nhs.uk/mental-health/talking-therapies-medicine-treatments/
2025-07-27 12:30:11,616 - EnhancedCBTCollector - WARNING - Content from https://www.nhs.uk/mental-health/talking-therapies-medicine-treatments/ failed quality assessment (Score: 20)
2025-07-27 12:30:13,623 - EnhancedCBTCollector - INFO - Starting enhanced collection from nhs_cbt: https://www.nhs.uk/mental-health/talking-therapies-medicine-treatments/talking-therapies-and-counselling/nhs-talking-therapies/
2025-07-27 12:30:13,656 - EnhancedCBTCollector - INFO - Collected high-quality content from https://www.nhs.uk/mental-health/talking-therapies-medicine-treatments/talking-therapies-and-counselling/nhs-talking-therapies/ (Score: 70)
2025-07-27 12:30:15,669 - EnhancedCBTCollector - INFO - Starting enhanced collection from nhs_cbt: https://www.nhs.uk/mental-health/talking-therapies-medicine-treatments/
2025-07-27 12:30:15,698 - EnhancedCBTCollector - WARNING - Content from https://www.nhs.uk/mental-health/talking-therapies-medicine-treatments/ failed quality assessment (Score: 20)
2025-07-27 12:30:17,706 - EnhancedCBTCollector - INFO - Starting enhanced collection from nhs_cbt: https://www.nhs.uk/mental-health/talking-therapies-medicine-treatments/talking-therapies-and-counselling/nhs-talking-therapies/
2025-07-27 12:30:17,742 - EnhancedCBTCollector - INFO - Collected high-quality content from https://www.nhs.uk/mental-health/talking-therapies-medicine-treatments/talking-therapies-and-counselling/nhs-talking-therapies/ (Score: 70)
2025-07-27 12:30:19,757 - EnhancedCBTCollector - INFO - Starting enhanced collection from nhs_cbt: https://www.nhs.uk/mental-health/talking-therapies-medicine-treatments/
2025-07-27 12:30:19,785 - EnhancedCBTCollector - WARNING - Content from https://www.nhs.uk/mental-health/talking-therapies-medicine-treatments/ failed quality assessment (Score: 20)
2025-07-27 12:30:21,798 - EnhancedCBTCollector - INFO - Starting enhanced collection from nhs_cbt: https://www.nhs.uk/mental-health/talking-therapies-medicine-treatments/talking-therapies-and-counselling/nhs-talking-therapies/
2025-07-27 12:30:21,833 - EnhancedCBTCollector - INFO - Collected high-quality content from https://www.nhs.uk/mental-health/talking-therapies-medicine-treatments/talking-therapies-and-counselling/nhs-talking-therapies/ (Score: 70)
2025-07-27 12:30:23,839 - EnhancedCBTCollector - INFO - Starting enhanced collection from nhs_cbt: https://www.nhs.uk/mental-health/talking-therapies-medicine-treatments/
2025-07-27 12:30:23,873 - EnhancedCBTCollector - WARNING - Content from https://www.nhs.uk/mental-health/talking-therapies-medicine-treatments/ failed quality assessment (Score: 20)
2025-07-27 12:30:25,888 - EnhancedCBTCollector - INFO - Starting enhanced collection from nhs_cbt: https://www.nhs.uk/mental-health/talking-therapies-medicine-treatments/talking-therapies-and-counselling/nhs-talking-therapies/
2025-07-27 12:30:25,926 - EnhancedCBTCollector - INFO - Collected high-quality content from https://www.nhs.uk/mental-health/talking-therapies-medicine-treatments/talking-therapies-and-counselling/nhs-talking-therapies/ (Score: 70)
2025-07-27 12:30:27,934 - EnhancedCBTCollector - INFO - Starting enhanced collection from nhs_cbt: https://www.nhs.uk/mental-health/talking-therapies-medicine-treatments/
2025-07-27 12:30:27,989 - EnhancedCBTCollector - WARNING - Content from https://www.nhs.uk/mental-health/talking-therapies-medicine-treatments/ failed quality assessment (Score: 20)
2025-07-27 12:30:29,998 - EnhancedCBTCollector - INFO - Starting enhanced collection from nhs_cbt: https://www.nhs.uk/mental-health/talking-therapies-medicine-treatments/talking-therapies-and-counselling/nhs-talking-therapies/
2025-07-27 12:30:30,039 - EnhancedCBTCollector - INFO - Collected high-quality content from https://www.nhs.uk/mental-health/talking-therapies-medicine-treatments/talking-therapies-and-counselling/nhs-talking-therapies/ (Score: 70)
2025-07-27 12:30:32,041 - EnhancedCBTCollector - INFO - Starting enhanced collection from nhs_cbt: https://www.nhs.uk/mental-health/talking-therapies-medicine-treatments/
2025-07-27 12:30:32,069 - EnhancedCBTCollector - WARNING - Content from https://www.nhs.uk/mental-health/talking-therapies-medicine-treatments/ failed quality assessment (Score: 20)
2025-07-27 12:30:34,083 - EnhancedCBTCollector - INFO - Starting enhanced collection from nhs_cbt: https://www.nhs.uk/mental-health/talking-therapies-medicine-treatments/talking-therapies-and-counselling/nhs-talking-therapies/
2025-07-27 12:30:34,140 - EnhancedCBTCollector - INFO - Collected high-quality content from https://www.nhs.uk/mental-health/talking-therapies-medicine-treatments/talking-therapies-and-counselling/nhs-talking-therapies/ (Score: 70)
2025-07-27 12:30:36,143 - EnhancedCBTCollector - INFO - Starting enhanced collection from nhs_cbt: https://www.nhs.uk/mental-health/talking-therapies-medicine-treatments/
2025-07-27 12:30:36,171 - EnhancedCBTCollector - WARNING - Content from https://www.nhs.uk/mental-health/talking-therapies-medicine-treatments/ failed quality assessment (Score: 20)
2025-07-27 12:30:38,184 - EnhancedCBTCollector - INFO - Starting enhanced collection from nhs_cbt: https://www.nhs.uk/mental-health/talking-therapies-medicine-treatments/talking-therapies-and-counselling/nhs-talking-therapies/
2025-07-27 12:30:38,215 - EnhancedCBTCollector - INFO - Collected high-quality content from https://www.nhs.uk/mental-health/talking-therapies-medicine-treatments/talking-therapies-and-counselling/nhs-talking-therapies/ (Score: 70)
2025-07-27 12:30:40,225 - EnhancedCBTCollector - INFO - Starting enhanced collection from nhs_cbt: https://www.nhs.uk/mental-health/talking-therapies-medicine-treatments/
2025-07-27 12:30:40,252 - EnhancedCBTCollector - WARNING - Content from https://www.nhs.uk/mental-health/talking-therapies-medicine-treatments/ failed quality assessment (Score: 20)
2025-07-27 12:30:42,256 - EnhancedCBTCollector - INFO - Starting enhanced collection from nhs_cbt: https://www.nhs.uk/mental-health/talking-therapies-medicine-treatments/talking-therapies-and-counselling/nhs-talking-therapies/
2025-07-27 12:30:42,291 - EnhancedCBTCollector - INFO - Collected high-quality content from https://www.nhs.uk/mental-health/talking-therapies-medicine-treatments/talking-therapies-and-counselling/nhs-talking-therapies/ (Score: 70)
2025-07-27 12:30:44,297 - EnhancedCBTCollector - INFO - Starting enhanced collection from nhs_cbt: https://www.nhs.uk/mental-health/talking-therapies-medicine-treatments/
2025-07-27 12:30:44,354 - EnhancedCBTCollector - WARNING - Content from https://www.nhs.uk/mental-health/talking-therapies-medicine-treatments/ failed quality assessment (Score: 20)
2025-07-27 12:30:46,369 - EnhancedCBTCollector - INFO - Starting enhanced collection from nhs_cbt: https://www.nhs.uk/mental-health/talking-therapies-medicine-treatments/talking-therapies-and-counselling/nhs-talking-therapies/
2025-07-27 12:30:46,416 - EnhancedCBTCollector - INFO - Collected high-quality content from https://www.nhs.uk/mental-health/talking-therapies-medicine-treatments/talking-therapies-and-counselling/nhs-talking-therapies/ (Score: 70)
2025-07-27 12:30:48,426 - EnhancedCBTCollector - INFO - Starting enhanced collection from nhs_cbt: https://www.nhs.uk/mental-health/talking-therapies-medicine-treatments/
2025-07-27 12:30:48,480 - EnhancedCBTCollector - WARNING - Content from https://www.nhs.uk/mental-health/talking-therapies-medicine-treatments/ failed quality assessment (Score: 20)
2025-07-27 12:30:50,486 - EnhancedCBTCollector - INFO - Starting enhanced collection from nhs_cbt: https://www.nhs.uk/mental-health/talking-therapies-medicine-treatments/talking-therapies-and-counselling/nhs-talking-therapies/
2025-07-27 12:30:50,517 - EnhancedCBTCollector - INFO - Collected high-quality content from https://www.nhs.uk/mental-health/talking-therapies-medicine-treatments/talking-therapies-and-counselling/nhs-talking-therapies/ (Score: 70)
2025-07-27 12:30:52,521 - EnhancedCBTCollector - INFO - Starting enhanced collection from nhs_cbt: https://www.nhs.uk/mental-health/talking-therapies-medicine-treatments/
2025-07-27 12:30:52,549 - EnhancedCBTCollector - WARNING - Content from https://www.nhs.uk/mental-health/talking-therapies-medicine-treatments/ failed quality assessment (Score: 20)
2025-07-27 12:30:54,562 - EnhancedCBTCollector - INFO - Starting enhanced collection from nhs_cbt: https://www.nhs.uk/mental-health/talking-therapies-medicine-treatments/talking-therapies-and-counselling/nhs-talking-therapies/
2025-07-27 12:30:54,619 - EnhancedCBTCollector - INFO - Collected high-quality content from https://www.nhs.uk/mental-health/talking-therapies-medicine-treatments/talking-therapies-and-counselling/nhs-talking-therapies/ (Score: 70)
2025-07-27 12:30:56,633 - EnhancedCBTCollector - INFO - Starting enhanced collection from nhs_cbt: https://www.nhs.uk/mental-health/talking-therapies-medicine-treatments/
2025-07-27 12:30:56,666 - EnhancedCBTCollector - WARNING - Content from https://www.nhs.uk/mental-health/talking-therapies-medicine-treatments/ failed quality assessment (Score: 20)
2025-07-27 12:30:58,672 - EnhancedCBTCollector - INFO - Starting enhanced collection from nhs_cbt: https://www.nhs.uk/mental-health/talking-therapies-medicine-treatments/talking-therapies-and-counselling/nhs-talking-therapies/
2025-07-27 12:30:58,703 - EnhancedCBTCollector - INFO - Collected high-quality content from https://www.nhs.uk/mental-health/talking-therapies-medicine-treatments/talking-therapies-and-counselling/nhs-talking-therapies/ (Score: 70)
2025-07-27 12:31:00,716 - EnhancedCBTCollector - INFO - Starting enhanced collection from nhs_cbt: https://www.nhs.uk/mental-health/talking-therapies-medicine-treatments/
2025-07-27 12:31:00,770 - EnhancedCBTCollector - WARNING - Content from https://www.nhs.uk/mental-health/talking-therapies-medicine-treatments/ failed quality assessment (Score: 20)
2025-07-27 12:31:02,784 - EnhancedCBTCollector - INFO - Starting enhanced collection from nhs_cbt: https://www.nhs.uk/mental-health/talking-therapies-medicine-treatments/talking-therapies-and-counselling/nhs-talking-therapies/
2025-07-27 12:31:02,840 - EnhancedCBTCollector - INFO - Collected high-quality content from https://www.nhs.uk/mental-health/talking-therapies-medicine-treatments/talking-therapies-and-counselling/nhs-talking-therapies/ (Score: 70)
2025-07-27 12:31:04,857 - EnhancedCBTCollector - INFO - Starting enhanced collection from nhs_cbt: https://www.nhs.uk/mental-health/talking-therapies-medicine-treatments/
2025-07-27 12:31:04,910 - EnhancedCBTCollector - WARNING - Content from https://www.nhs.uk/mental-health/talking-therapies-medicine-treatments/ failed quality assessment (Score: 20)
2025-07-27 12:31:06,923 - EnhancedCBTCollector - INFO - Starting enhanced collection from nhs_cbt: https://www.nhs.uk/mental-health/talking-therapies-medicine-treatments/talking-therapies-and-counselling/nhs-talking-therapies/
2025-07-27 12:31:06,968 - EnhancedCBTCollector - INFO - Collected high-quality content from https://www.nhs.uk/mental-health/talking-therapies-medicine-treatments/talking-therapies-and-counselling/nhs-talking-therapies/ (Score: 70)
2025-07-27 12:31:08,976 - EnhancedCBTCollector - INFO - Starting enhanced collection from nhs_cbt: https://www.nhs.uk/mental-health/talking-therapies-medicine-treatments/
2025-07-27 12:31:09,013 - EnhancedCBTCollector - WARNING - Content from https://www.nhs.uk/mental-health/talking-therapies-medicine-treatments/ failed quality assessment (Score: 20)
2025-07-27 12:31:11,019 - EnhancedCBTCollector - INFO - Starting enhanced collection from nhs_cbt: https://www.nhs.uk/mental-health/talking-therapies-medicine-treatments/talking-therapies-and-counselling/nhs-talking-therapies/
2025-07-27 12:31:11,076 - EnhancedCBTCollector - INFO - Collected high-quality content from https://www.nhs.uk/mental-health/talking-therapies-medicine-treatments/talking-therapies-and-counselling/nhs-talking-therapies/ (Score: 70)
2025-07-27 12:31:13,087 - EnhancedCBTCollector - INFO - Starting enhanced collection from nhs_cbt: https://www.nhs.uk/mental-health/talking-therapies-medicine-treatments/
2025-07-27 12:31:13,116 - EnhancedCBTCollector - WARNING - Content from https://www.nhs.uk/mental-health/talking-therapies-medicine-treatments/ failed quality assessment (Score: 20)
2025-07-27 12:31:15,122 - EnhancedCBTCollector - INFO - Starting enhanced collection from nhs_cbt: https://www.nhs.uk/mental-health/talking-therapies-medicine-treatments/talking-therapies-and-counselling/nhs-talking-therapies/
2025-07-27 12:31:15,182 - EnhancedCBTCollector - INFO - Collected high-quality content from https://www.nhs.uk/mental-health/talking-therapies-medicine-treatments/talking-therapies-and-counselling/nhs-talking-therapies/ (Score: 70)
2025-07-27 12:31:17,196 - EnhancedCBTCollector - INFO - Starting enhanced collection from nhs_cbt: https://www.nhs.uk/mental-health/talking-therapies-medicine-treatments/
2025-07-27 12:31:17,249 - EnhancedCBTCollector - WARNING - Content from https://www.nhs.uk/mental-health/talking-therapies-medicine-treatments/ failed quality assessment (Score: 20)
2025-07-27 12:31:19,253 - EnhancedCBTCollector - INFO - Starting enhanced collection from nhs_cbt: https://www.nhs.uk/mental-health/talking-therapies-medicine-treatments/talking-therapies-and-counselling/nhs-talking-therapies/
2025-07-27 12:31:19,311 - EnhancedCBTCollector - INFO - Collected high-quality content from https://www.nhs.uk/mental-health/talking-therapies-medicine-treatments/talking-therapies-and-counselling/nhs-talking-therapies/ (Score: 70)
2025-07-27 12:31:21,319 - EnhancedCBTCollector - INFO - Starting enhanced collection from nhs_cbt: https://www.nhs.uk/mental-health/talking-therapies-medicine-treatments/
2025-07-27 12:31:21,347 - EnhancedCBTCollector - WARNING - Content from https://www.nhs.uk/mental-health/talking-therapies-medicine-treatments/ failed quality assessment (Score: 20)
2025-07-27 12:31:23,354 - EnhancedCBTCollector - INFO - Starting enhanced collection from nhs_cbt: https://www.nhs.uk/mental-health/talking-therapies-medicine-treatments/talking-therapies-and-counselling/nhs-talking-therapies/
2025-07-27 12:31:23,419 - EnhancedCBTCollector - INFO - Collected high-quality content from https://www.nhs.uk/mental-health/talking-therapies-medicine-treatments/talking-therapies-and-counselling/nhs-talking-therapies/ (Score: 70)
2025-07-27 12:31:25,429 - EnhancedCBTCollector - INFO - Starting enhanced collection from nhs_cbt: https://www.nhs.uk/mental-health/talking-therapies-medicine-treatments/
2025-07-27 12:31:25,468 - EnhancedCBTCollector - WARNING - Content from https://www.nhs.uk/mental-health/talking-therapies-medicine-treatments/ failed quality assessment (Score: 20)
2025-07-27 12:31:27,470 - EnhancedCBTCollector - INFO - Starting enhanced collection from nhs_cbt: https://www.nhs.uk/mental-health/talking-therapies-medicine-treatments/talking-therapies-and-counselling/nhs-talking-therapies/
2025-07-27 12:31:27,504 - EnhancedCBTCollector - INFO - Collected high-quality content from https://www.nhs.uk/mental-health/talking-therapies-medicine-treatments/talking-therapies-and-counselling/nhs-talking-therapies/ (Score: 70)
2025-07-27 12:31:29,508 - EnhancedCBTCollector - INFO - Starting enhanced collection from nhs_cbt: https://www.nhs.uk/mental-health/talking-therapies-medicine-treatments/
2025-07-27 12:31:29,561 - EnhancedCBTCollector - WARNING - Content from https://www.nhs.uk/mental-health/talking-therapies-medicine-treatments/ failed quality assessment (Score: 20)
2025-07-27 12:31:31,566 - EnhancedCBTCollector - INFO - Starting enhanced collection from nhs_cbt: https://www.nhs.uk/mental-health/talking-therapies-medicine-treatments/talking-therapies-and-counselling/nhs-talking-therapies/
2025-07-27 12:31:31,599 - EnhancedCBTCollector - INFO - Collected high-quality content from https://www.nhs.uk/mental-health/talking-therapies-medicine-treatments/talking-therapies-and-counselling/nhs-talking-therapies/ (Score: 70)
2025-07-27 12:31:33,606 - EnhancedCBTCollector - INFO - Starting enhanced collection from nhs_cbt: https://www.nhs.uk/mental-health/talking-therapies-medicine-treatments/
2025-07-27 12:31:33,658 - EnhancedCBTCollector - WARNING - Content from https://www.nhs.uk/mental-health/talking-therapies-medicine-treatments/ failed quality assessment (Score: 20)
2025-07-27 12:31:35,676 - EnhancedCBTCollector - INFO - Starting enhanced collection from nhs_cbt: https://www.nhs.uk/mental-health/talking-therapies-medicine-treatments/talking-therapies-and-counselling/nhs-talking-therapies/
2025-07-27 12:31:35,710 - EnhancedCBTCollector - INFO - Collected high-quality content from https://www.nhs.uk/mental-health/talking-therapies-medicine-treatments/talking-therapies-and-counselling/nhs-talking-therapies/ (Score: 70)
2025-07-27 12:31:37,714 - EnhancedCBTCollector - INFO - Starting enhanced collection from nhs_cbt: https://www.nhs.uk/mental-health/talking-therapies-medicine-treatments/
2025-07-27 12:31:37,742 - EnhancedCBTCollector - WARNING - Content from https://www.nhs.uk/mental-health/talking-therapies-medicine-treatments/ failed quality assessment (Score: 20)
2025-07-27 12:31:39,753 - EnhancedCBTCollector - INFO - Starting enhanced collection from nhs_cbt: https://www.nhs.uk/mental-health/talking-therapies-medicine-treatments/talking-therapies-and-counselling/nhs-talking-therapies/
2025-07-27 12:31:39,811 - EnhancedCBTCollector - INFO - Collected high-quality content from https://www.nhs.uk/mental-health/talking-therapies-medicine-treatments/talking-therapies-and-counselling/nhs-talking-therapies/ (Score: 70)
2025-07-27 12:31:41,814 - EnhancedCBTCollector - INFO - Starting enhanced collection from nhs_cbt: https://www.nhs.uk/mental-health/talking-therapies-medicine-treatments/
2025-07-27 12:31:41,846 - EnhancedCBTCollector - WARNING - Content from https://www.nhs.uk/mental-health/talking-therapies-medicine-treatments/ failed quality assessment (Score: 20)
2025-07-27 12:31:43,861 - EnhancedCBTCollector - INFO - Starting enhanced collection from nhs_cbt: https://www.nhs.uk/mental-health/talking-therapies-medicine-treatments/talking-therapies-and-counselling/nhs-talking-therapies/
2025-07-27 12:31:43,893 - EnhancedCBTCollector - INFO - Collected high-quality content from https://www.nhs.uk/mental-health/talking-therapies-medicine-treatments/talking-therapies-and-counselling/nhs-talking-therapies/ (Score: 70)
2025-07-27 12:31:45,900 - EnhancedCBTCollector - INFO - Starting enhanced collection from nhs_cbt: https://www.nhs.uk/mental-health/talking-therapies-medicine-treatments/
2025-07-27 12:31:45,962 - EnhancedCBTCollector - WARNING - Content from https://www.nhs.uk/mental-health/talking-therapies-medicine-treatments/ failed quality assessment (Score: 20)
2025-07-27 12:31:47,975 - EnhancedCBTCollector - INFO - Starting enhanced collection from nhs_cbt: https://www.nhs.uk/mental-health/talking-therapies-medicine-treatments/talking-therapies-and-counselling/nhs-talking-therapies/
2025-07-27 12:31:48,017 - EnhancedCBTCollector - INFO - Collected high-quality content from https://www.nhs.uk/mental-health/talking-therapies-medicine-treatments/talking-therapies-and-counselling/nhs-talking-therapies/ (Score: 70)
2025-07-27 12:31:50,031 - EnhancedCBTCollector - INFO - Starting enhanced collection from nhs_cbt: https://www.nhs.uk/mental-health/talking-therapies-medicine-treatments/
2025-07-27 12:31:50,063 - EnhancedCBTCollector - WARNING - Content from https://www.nhs.uk/mental-health/talking-therapies-medicine-treatments/ failed quality assessment (Score: 20)
2025-07-27 12:31:52,079 - EnhancedCBTCollector - INFO - Starting enhanced collection from nhs_cbt: https://www.nhs.uk/mental-health/talking-therapies-medicine-treatments/talking-therapies-and-counselling/nhs-talking-therapies/
2025-07-27 12:31:52,116 - EnhancedCBTCollector - INFO - Collected high-quality content from https://www.nhs.uk/mental-health/talking-therapies-medicine-treatments/talking-therapies-and-counselling/nhs-talking-therapies/ (Score: 70)
2025-07-27 12:31:54,120 - EnhancedCBTCollector - INFO - Starting enhanced collection from nhs_cbt: https://www.nhs.uk/mental-health/talking-therapies-medicine-treatments/
2025-07-27 12:31:54,172 - EnhancedCBTCollector - WARNING - Content from https://www.nhs.uk/mental-health/talking-therapies-medicine-treatments/ failed quality assessment (Score: 20)
2025-07-27 12:31:56,176 - EnhancedCBTCollector - INFO - Starting enhanced collection from nhs_cbt: https://www.nhs.uk/mental-health/talking-therapies-medicine-treatments/talking-therapies-and-counselling/nhs-talking-therapies/
2025-07-27 12:31:56,208 - EnhancedCBTCollector - INFO - Collected high-quality content from https://www.nhs.uk/mental-health/talking-therapies-medicine-treatments/talking-therapies-and-counselling/nhs-talking-therapies/ (Score: 70)
2025-07-27 12:31:58,211 - EnhancedCBTCollector - INFO - Starting enhanced collection from nhs_cbt: https://www.nhs.uk/mental-health/talking-therapies-medicine-treatments/
2025-07-27 12:31:58,244 - EnhancedCBTCollector - WARNING - Content from https://www.nhs.uk/mental-health/talking-therapies-medicine-treatments/ failed quality assessment (Score: 20)
2025-07-27 12:32:00,259 - EnhancedCBTCollector - INFO - Starting enhanced collection from nhs_cbt: https://www.nhs.uk/mental-health/talking-therapies-medicine-treatments/talking-therapies-and-counselling/nhs-talking-therapies/
2025-07-27 12:32:00,290 - EnhancedCBTCollector - INFO - Collected high-quality content from https://www.nhs.uk/mental-health/talking-therapies-medicine-treatments/talking-therapies-and-counselling/nhs-talking-therapies/ (Score: 70)
2025-07-27 12:32:02,305 - EnhancedCBTCollector - INFO - Starting enhanced collection from nhs_cbt: https://www.nhs.uk/mental-health/talking-therapies-medicine-treatments/
2025-07-27 12:32:02,333 - EnhancedCBTCollector - WARNING - Content from https://www.nhs.uk/mental-health/talking-therapies-medicine-treatments/ failed quality assessment (Score: 20)
2025-07-27 12:32:04,337 - EnhancedCBTCollector - INFO - Starting enhanced collection from nhs_cbt: https://www.nhs.uk/mental-health/talking-therapies-medicine-treatments/talking-therapies-and-counselling/nhs-talking-therapies/
2025-07-27 12:32:04,371 - EnhancedCBTCollector - INFO - Collected high-quality content from https://www.nhs.uk/mental-health/talking-therapies-medicine-treatments/talking-therapies-and-counselling/nhs-talking-therapies/ (Score: 70)
2025-07-27 12:32:06,376 - EnhancedCBTCollector - INFO - Starting enhanced collection from nhs_cbt: https://www.nhs.uk/mental-health/talking-therapies-medicine-treatments/
2025-07-27 12:32:06,403 - EnhancedCBTCollector - WARNING - Content from https://www.nhs.uk/mental-health/talking-therapies-medicine-treatments/ failed quality assessment (Score: 20)
2025-07-27 12:32:08,419 - EnhancedCBTCollector - INFO - Starting enhanced collection from nhs_cbt: https://www.nhs.uk/mental-health/talking-therapies-medicine-treatments/talking-therapies-and-counselling/nhs-talking-therapies/
2025-07-27 12:32:08,654 - EnhancedCBTCollector - INFO - Collected high-quality content from https://www.nhs.uk/mental-health/talking-therapies-medicine-treatments/talking-therapies-and-counselling/nhs-talking-therapies/ (Score: 70)
2025-07-27 12:32:10,661 - EnhancedCBTCollector - INFO - Starting enhanced collection from nhs_cbt: https://www.nhs.uk/mental-health/talking-therapies-medicine-treatments/
2025-07-27 12:32:10,687 - EnhancedCBTCollector - WARNING - Content from https://www.nhs.uk/mental-health/talking-therapies-medicine-treatments/ failed quality assessment (Score: 20)
2025-07-27 12:32:12,704 - EnhancedCBTCollector - INFO - Starting enhanced collection from nhs_cbt: https://www.nhs.uk/mental-health/talking-therapies-medicine-treatments/talking-therapies-and-counselling/nhs-talking-therapies/
2025-07-27 12:32:12,741 - EnhancedCBTCollector - INFO - Collected high-quality content from https://www.nhs.uk/mental-health/talking-therapies-medicine-treatments/talking-therapies-and-counselling/nhs-talking-therapies/ (Score: 70)
2025-07-27 12:32:14,745 - EnhancedCBTCollector - INFO - Starting enhanced collection from nhs_cbt: https://www.nhs.uk/mental-health/talking-therapies-medicine-treatments/
2025-07-27 12:32:14,773 - EnhancedCBTCollector - WARNING - Content from https://www.nhs.uk/mental-health/talking-therapies-medicine-treatments/ failed quality assessment (Score: 20)
2025-07-27 12:32:16,782 - EnhancedCBTCollector - INFO - Starting enhanced collection from nhs_cbt: https://www.nhs.uk/mental-health/talking-therapies-medicine-treatments/talking-therapies-and-counselling/nhs-talking-therapies/
2025-07-27 12:32:16,838 - EnhancedCBTCollector - INFO - Collected high-quality content from https://www.nhs.uk/mental-health/talking-therapies-medicine-treatments/talking-therapies-and-counselling/nhs-talking-therapies/ (Score: 70)
2025-07-27 12:32:18,840 - EnhancedCBTCollector - INFO - Starting enhanced collection from nhs_cbt: https://www.nhs.uk/mental-health/talking-therapies-medicine-treatments/
2025-07-27 12:32:18,868 - EnhancedCBTCollector - WARNING - Content from https://www.nhs.uk/mental-health/talking-therapies-medicine-treatments/ failed quality assessment (Score: 20)
2025-07-27 12:32:20,882 - EnhancedCBTCollector - INFO - Starting enhanced collection from nhs_cbt: https://www.nhs.uk/mental-health/talking-therapies-medicine-treatments/talking-therapies-and-counselling/nhs-talking-therapies/
2025-07-27 12:32:20,914 - EnhancedCBTCollector - INFO - Collected high-quality content from https://www.nhs.uk/mental-health/talking-therapies-medicine-treatments/talking-therapies-and-counselling/nhs-talking-therapies/ (Score: 70)
2025-07-27 12:32:22,927 - EnhancedCBTCollector - INFO - Starting enhanced collection from nhs_cbt: https://www.nhs.uk/mental-health/talking-therapies-medicine-treatments/
2025-07-27 12:32:22,956 - EnhancedCBTCollector - WARNING - Content from https://www.nhs.uk/mental-health/talking-therapies-medicine-treatments/ failed quality assessment (Score: 20)
2025-07-27 12:32:24,962 - EnhancedCBTCollector - INFO - Starting enhanced collection from nhs_cbt: https://www.nhs.uk/mental-health/talking-therapies-medicine-treatments/talking-therapies-and-counselling/nhs-talking-therapies/
2025-07-27 12:32:24,994 - EnhancedCBTCollector - INFO - Collected high-quality content from https://www.nhs.uk/mental-health/talking-therapies-medicine-treatments/talking-therapies-and-counselling/nhs-talking-therapies/ (Score: 70)
2025-07-27 12:32:26,997 - EnhancedCBTCollector - INFO - Starting enhanced collection from nhs_cbt: https://www.nhs.uk/mental-health/talking-therapies-medicine-treatments/
2025-07-27 12:32:27,025 - EnhancedCBTCollector - WARNING - Content from https://www.nhs.uk/mental-health/talking-therapies-medicine-treatments/ failed quality assessment (Score: 20)
2025-07-27 12:32:29,037 - EnhancedCBTCollector - INFO - Starting enhanced collection from nhs_cbt: https://www.nhs.uk/mental-health/talking-therapies-medicine-treatments/talking-therapies-and-counselling/nhs-talking-therapies/
2025-07-27 12:32:29,073 - EnhancedCBTCollector - INFO - Collected high-quality content from https://www.nhs.uk/mental-health/talking-therapies-medicine-treatments/talking-therapies-and-counselling/nhs-talking-therapies/ (Score: 70)
2025-07-27 12:32:31,076 - EnhancedCBTCollector - INFO - Starting enhanced collection from nhs_cbt: https://www.nhs.uk/mental-health/talking-therapies-medicine-treatments/
2025-07-27 12:32:31,106 - EnhancedCBTCollector - WARNING - Content from https://www.nhs.uk/mental-health/talking-therapies-medicine-treatments/ failed quality assessment (Score: 20)
2025-07-27 12:32:33,110 - EnhancedCBTCollector - INFO - Starting enhanced collection from nhs_cbt: https://www.nhs.uk/mental-health/talking-therapies-medicine-treatments/talking-therapies-and-counselling/nhs-talking-therapies/
2025-07-27 12:32:33,148 - EnhancedCBTCollector - INFO - Collected high-quality content from https://www.nhs.uk/mental-health/talking-therapies-medicine-treatments/talking-therapies-and-counselling/nhs-talking-therapies/ (Score: 70)
2025-07-27 12:32:35,164 - EnhancedCBTCollector - INFO - Starting enhanced collection from nhs_cbt: https://www.nhs.uk/mental-health/talking-therapies-medicine-treatments/
2025-07-27 12:32:35,193 - EnhancedCBTCollector - WARNING - Content from https://www.nhs.uk/mental-health/talking-therapies-medicine-treatments/ failed quality assessment (Score: 20)
2025-07-27 12:32:37,201 - EnhancedCBTCollector - INFO - Starting enhanced collection from nhs_cbt: https://www.nhs.uk/mental-health/talking-therapies-medicine-treatments/talking-therapies-and-counselling/nhs-talking-therapies/
2025-07-27 12:32:37,242 - EnhancedCBTCollector - INFO - Collected high-quality content from https://www.nhs.uk/mental-health/talking-therapies-medicine-treatments/talking-therapies-and-counselling/nhs-talking-therapies/ (Score: 70)
2025-07-27 12:32:39,257 - EnhancedCBTCollector - INFO - Starting enhanced collection from nhs_cbt: https://www.nhs.uk/mental-health/talking-therapies-medicine-treatments/
2025-07-27 12:32:39,285 - EnhancedCBTCollector - WARNING - Content from https://www.nhs.uk/mental-health/talking-therapies-medicine-treatments/ failed quality assessment (Score: 20)
2025-07-27 12:32:41,297 - EnhancedCBTCollector - INFO - Starting enhanced collection from nhs_cbt: https://www.nhs.uk/mental-health/talking-therapies-medicine-treatments/talking-therapies-and-counselling/nhs-talking-therapies/
2025-07-27 12:32:41,357 - EnhancedCBTCollector - INFO - Collected high-quality content from https://www.nhs.uk/mental-health/talking-therapies-medicine-treatments/talking-therapies-and-counselling/nhs-talking-therapies/ (Score: 70)
2025-07-27 12:32:43,366 - EnhancedCBTCollector - INFO - Starting enhanced collection from nhs_cbt: https://www.nhs.uk/mental-health/talking-therapies-medicine-treatments/
2025-07-27 12:32:43,396 - EnhancedCBTCollector - WARNING - Content from https://www.nhs.uk/mental-health/talking-therapies-medicine-treatments/ failed quality assessment (Score: 20)
2025-07-27 12:32:45,401 - EnhancedCBTCollector - INFO - Starting enhanced collection from nhs_cbt: https://www.nhs.uk/mental-health/talking-therapies-medicine-treatments/talking-therapies-and-counselling/nhs-talking-therapies/
2025-07-27 12:32:45,439 - EnhancedCBTCollector - INFO - Collected high-quality content from https://www.nhs.uk/mental-health/talking-therapies-medicine-treatments/talking-therapies-and-counselling/nhs-talking-therapies/ (Score: 70)
2025-07-27 12:32:47,444 - EnhancedCBTCollector - INFO - Starting enhanced collection from nhs_cbt: https://www.nhs.uk/mental-health/talking-therapies-medicine-treatments/
2025-07-27 12:32:47,498 - EnhancedCBTCollector - WARNING - Content from https://www.nhs.uk/mental-health/talking-therapies-medicine-treatments/ failed quality assessment (Score: 20)
2025-07-27 12:32:49,514 - EnhancedCBTCollector - INFO - Starting enhanced collection from nhs_cbt: https://www.nhs.uk/mental-health/talking-therapies-medicine-treatments/talking-therapies-and-counselling/nhs-talking-therapies/
2025-07-27 12:32:49,571 - EnhancedCBTCollector - INFO - Collected high-quality content from https://www.nhs.uk/mental-health/talking-therapies-medicine-treatments/talking-therapies-and-counselling/nhs-talking-therapies/ (Score: 70)
2025-07-27 12:32:51,575 - EnhancedCBTCollector - INFO - Starting enhanced collection from nhs_cbt: https://www.nhs.uk/mental-health/talking-therapies-medicine-treatments/
2025-07-27 12:32:51,602 - EnhancedCBTCollector - WARNING - Content from https://www.nhs.uk/mental-health/talking-therapies-medicine-treatments/ failed quality assessment (Score: 20)
2025-07-27 12:32:53,619 - EnhancedCBTCollector - INFO - Starting enhanced collection from nhs_cbt: https://www.nhs.uk/mental-health/talking-therapies-medicine-treatments/talking-therapies-and-counselling/nhs-talking-therapies/
2025-07-27 12:32:53,656 - EnhancedCBTCollector - INFO - Collected high-quality content from https://www.nhs.uk/mental-health/talking-therapies-medicine-treatments/talking-therapies-and-counselling/nhs-talking-therapies/ (Score: 70)
2025-07-27 12:32:55,668 - EnhancedCBTCollector - INFO - Starting enhanced collection from nhs_cbt: https://www.nhs.uk/mental-health/talking-therapies-medicine-treatments/
2025-07-27 12:32:55,703 - EnhancedCBTCollector - WARNING - Content from https://www.nhs.uk/mental-health/talking-therapies-medicine-treatments/ failed quality assessment (Score: 20)
2025-07-27 12:32:57,706 - EnhancedCBTCollector - INFO - Starting enhanced collection from nhs_cbt: https://www.nhs.uk/mental-health/talking-therapies-medicine-treatments/talking-therapies-and-counselling/nhs-talking-therapies/
2025-07-27 12:32:57,741 - EnhancedCBTCollector - INFO - Collected high-quality content from https://www.nhs.uk/mental-health/talking-therapies-medicine-treatments/talking-therapies-and-counselling/nhs-talking-therapies/ (Score: 70)
2025-07-27 12:32:59,752 - EnhancedCBTCollector - INFO - Starting enhanced collection from nhs_cbt: https://www.nhs.uk/mental-health/talking-therapies-medicine-treatments/
2025-07-27 12:32:59,781 - EnhancedCBTCollector - WARNING - Content from https://www.nhs.uk/mental-health/talking-therapies-medicine-treatments/ failed quality assessment (Score: 20)
2025-07-27 12:33:01,795 - EnhancedCBTCollector - INFO - Starting enhanced collection from nhs_cbt: https://www.nhs.uk/mental-health/talking-therapies-medicine-treatments/talking-therapies-and-counselling/nhs-talking-therapies/
2025-07-27 12:33:01,861 - EnhancedCBTCollector - INFO - Collected high-quality content from https://www.nhs.uk/mental-health/talking-therapies-medicine-treatments/talking-therapies-and-counselling/nhs-talking-therapies/ (Score: 70)
2025-07-27 12:33:03,875 - EnhancedCBTCollector - INFO - Starting enhanced collection from nhs_cbt: https://www.nhs.uk/mental-health/talking-therapies-medicine-treatments/
2025-07-27 12:33:03,904 - EnhancedCBTCollector - WARNING - Content from https://www.nhs.uk/mental-health/talking-therapies-medicine-treatments/ failed quality assessment (Score: 20)
2025-07-27 12:33:05,910 - EnhancedCBTCollector - INFO - Starting enhanced collection from nhs_cbt: https://www.nhs.uk/mental-health/talking-therapies-medicine-treatments/talking-therapies-and-counselling/nhs-talking-therapies/
2025-07-27 12:33:05,968 - EnhancedCBTCollector - INFO - Collected high-quality content from https://www.nhs.uk/mental-health/talking-therapies-medicine-treatments/talking-therapies-and-counselling/nhs-talking-therapies/ (Score: 70)
2025-07-27 12:33:07,984 - EnhancedCBTCollector - INFO - Starting enhanced collection from nhs_cbt: https://www.nhs.uk/mental-health/talking-therapies-medicine-treatments/
2025-07-27 12:33:08,014 - EnhancedCBTCollector - WARNING - Content from https://www.nhs.uk/mental-health/talking-therapies-medicine-treatments/ failed quality assessment (Score: 20)
2025-07-27 12:33:10,029 - EnhancedCBTCollector - INFO - Starting enhanced collection from nhs_cbt: https://www.nhs.uk/mental-health/talking-therapies-medicine-treatments/talking-therapies-and-counselling/nhs-talking-therapies/
2025-07-27 12:33:10,062 - EnhancedCBTCollector - INFO - Collected high-quality content from https://www.nhs.uk/mental-health/talking-therapies-medicine-treatments/talking-therapies-and-counselling/nhs-talking-therapies/ (Score: 70)
2025-07-27 12:33:12,073 - EnhancedCBTCollector - INFO - Starting enhanced collection from nhs_cbt: https://www.nhs.uk/mental-health/talking-therapies-medicine-treatments/
2025-07-27 12:33:12,127 - EnhancedCBTCollector - WARNING - Content from https://www.nhs.uk/mental-health/talking-therapies-medicine-treatments/ failed quality assessment (Score: 20)
2025-07-27 12:33:14,140 - EnhancedCBTCollector - INFO - Starting enhanced collection from nhs_cbt: https://www.nhs.uk/mental-health/talking-therapies-medicine-treatments/talking-therapies-and-counselling/nhs-talking-therapies/
2025-07-27 12:33:14,173 - EnhancedCBTCollector - INFO - Collected high-quality content from https://www.nhs.uk/mental-health/talking-therapies-medicine-treatments/talking-therapies-and-counselling/nhs-talking-therapies/ (Score: 70)
2025-07-27 12:33:16,188 - EnhancedCBTCollector - INFO - Starting enhanced collection from nhs_cbt: https://www.nhs.uk/mental-health/talking-therapies-medicine-treatments/
2025-07-27 12:33:16,227 - EnhancedCBTCollector - WARNING - Content from https://www.nhs.uk/mental-health/talking-therapies-medicine-treatments/ failed quality assessment (Score: 20)
2025-07-27 12:33:18,229 - EnhancedCBTCollector - INFO - Starting enhanced collection from nhs_cbt: https://www.nhs.uk/mental-health/talking-therapies-medicine-treatments/talking-therapies-and-counselling/nhs-talking-therapies/
2025-07-27 12:33:18,266 - EnhancedCBTCollector - INFO - Collected high-quality content from https://www.nhs.uk/mental-health/talking-therapies-medicine-treatments/talking-therapies-and-counselling/nhs-talking-therapies/ (Score: 70)
2025-07-27 12:33:20,272 - EnhancedCBTCollector - INFO - Starting enhanced collection from nhs_cbt: https://www.nhs.uk/mental-health/talking-therapies-medicine-treatments/
2025-07-27 12:33:20,324 - EnhancedCBTCollector - WARNING - Content from https://www.nhs.uk/mental-health/talking-therapies-medicine-treatments/ failed quality assessment (Score: 20)
2025-07-27 12:33:22,332 - EnhancedCBTCollector - INFO - Starting enhanced collection from nhs_cbt: https://www.nhs.uk/mental-health/talking-therapies-medicine-treatments/talking-therapies-and-counselling/nhs-talking-therapies/
2025-07-27 12:33:22,364 - EnhancedCBTCollector - INFO - Collected high-quality content from https://www.nhs.uk/mental-health/talking-therapies-medicine-treatments/talking-therapies-and-counselling/nhs-talking-therapies/ (Score: 70)
2025-07-27 12:33:24,368 - EnhancedCBTCollector - INFO - Starting enhanced collection from nhs_cbt: https://www.nhs.uk/mental-health/talking-therapies-medicine-treatments/
2025-07-27 12:33:24,396 - EnhancedCBTCollector - WARNING - Content from https://www.nhs.uk/mental-health/talking-therapies-medicine-treatments/ failed quality assessment (Score: 20)
2025-07-27 12:33:26,410 - EnhancedCBTCollector - INFO - Starting enhanced collection from nhs_cbt: https://www.nhs.uk/mental-health/talking-therapies-medicine-treatments/talking-therapies-and-counselling/nhs-talking-therapies/
2025-07-27 12:33:26,442 - EnhancedCBTCollector - INFO - Collected high-quality content from https://www.nhs.uk/mental-health/talking-therapies-medicine-treatments/talking-therapies-and-counselling/nhs-talking-therapies/ (Score: 70)
2025-07-27 12:33:28,451 - EnhancedCBTCollector - INFO - Starting enhanced collection from nhs_cbt: https://www.nhs.uk/mental-health/talking-therapies-medicine-treatments/
2025-07-27 12:33:28,504 - EnhancedCBTCollector - WARNING - Content from https://www.nhs.uk/mental-health/talking-therapies-medicine-treatments/ failed quality assessment (Score: 20)
2025-07-27 12:33:30,508 - EnhancedCBTCollector - INFO - Starting enhanced collection from nhs_cbt: https://www.nhs.uk/mental-health/talking-therapies-medicine-treatments/talking-therapies-and-counselling/nhs-talking-therapies/
2025-07-27 12:33:30,540 - EnhancedCBTCollector - INFO - Collected high-quality content from https://www.nhs.uk/mental-health/talking-therapies-medicine-treatments/talking-therapies-and-counselling/nhs-talking-therapies/ (Score: 70)
2025-07-27 12:33:32,548 - EnhancedCBTCollector - INFO - Starting enhanced collection from nhs_cbt: https://www.nhs.uk/mental-health/talking-therapies-medicine-treatments/
2025-07-27 12:33:32,576 - EnhancedCBTCollector - WARNING - Content from https://www.nhs.uk/mental-health/talking-therapies-medicine-treatments/ failed quality assessment (Score: 20)
2025-07-27 12:33:34,590 - EnhancedCBTCollector - INFO - Starting enhanced collection from nhs_cbt: https://www.nhs.uk/mental-health/talking-therapies-medicine-treatments/talking-therapies-and-counselling/nhs-talking-therapies/
2025-07-27 12:33:34,625 - EnhancedCBTCollector - INFO - Collected high-quality content from https://www.nhs.uk/mental-health/talking-therapies-medicine-treatments/talking-therapies-and-counselling/nhs-talking-therapies/ (Score: 70)
2025-07-27 12:33:36,631 - EnhancedCBTCollector - INFO - Starting enhanced collection from nhs_cbt: https://www.nhs.uk/mental-health/talking-therapies-medicine-treatments/
2025-07-27 12:33:36,668 - EnhancedCBTCollector - WARNING - Content from https://www.nhs.uk/mental-health/talking-therapies-medicine-treatments/ failed quality assessment (Score: 20)
2025-07-27 12:33:38,675 - EnhancedCBTCollector - INFO - Starting enhanced collection from nhs_cbt: https://www.nhs.uk/mental-health/talking-therapies-medicine-treatments/talking-therapies-and-counselling/nhs-talking-therapies/
2025-07-27 12:33:38,715 - EnhancedCBTCollector - INFO - Collected high-quality content from https://www.nhs.uk/mental-health/talking-therapies-medicine-treatments/talking-therapies-and-counselling/nhs-talking-therapies/ (Score: 70)
2025-07-27 12:33:40,732 - EnhancedCBTCollector - INFO - Starting enhanced collection from nhs_cbt: https://www.nhs.uk/mental-health/talking-therapies-medicine-treatments/
2025-07-27 12:33:40,760 - EnhancedCBTCollector - WARNING - Content from https://www.nhs.uk/mental-health/talking-therapies-medicine-treatments/ failed quality assessment (Score: 20)
2025-07-27 12:33:42,775 - EnhancedCBTCollector - INFO - Starting enhanced collection from nhs_cbt: https://www.nhs.uk/mental-health/talking-therapies-medicine-treatments/talking-therapies-and-counselling/nhs-talking-therapies/
2025-07-27 12:33:42,809 - EnhancedCBTCollector - INFO - Collected high-quality content from https://www.nhs.uk/mental-health/talking-therapies-medicine-treatments/talking-therapies-and-counselling/nhs-talking-therapies/ (Score: 70)
2025-07-27 12:33:44,814 - EnhancedCBTCollector - INFO - Starting enhanced collection from nhs_cbt: https://www.nhs.uk/mental-health/talking-therapies-medicine-treatments/
2025-07-27 12:33:44,842 - EnhancedCBTCollector - WARNING - Content from https://www.nhs.uk/mental-health/talking-therapies-medicine-treatments/ failed quality assessment (Score: 20)
2025-07-27 12:33:46,857 - EnhancedCBTCollector - INFO - Starting enhanced collection from nhs_cbt: https://www.nhs.uk/mental-health/talking-therapies-medicine-treatments/talking-therapies-and-counselling/nhs-talking-therapies/
2025-07-27 12:33:46,889 - EnhancedCBTCollector - INFO - Collected high-quality content from https://www.nhs.uk/mental-health/talking-therapies-medicine-treatments/talking-therapies-and-counselling/nhs-talking-therapies/ (Score: 70)
2025-07-27 12:33:48,892 - EnhancedCBTCollector - INFO - Starting enhanced collection from nhs_cbt: https://www.nhs.uk/mental-health/talking-therapies-medicine-treatments/
2025-07-27 12:33:48,925 - EnhancedCBTCollector - WARNING - Content from https://www.nhs.uk/mental-health/talking-therapies-medicine-treatments/ failed quality assessment (Score: 20)
2025-07-27 12:33:50,933 - EnhancedCBTCollector - INFO - Starting enhanced collection from nhs_cbt: https://www.nhs.uk/mental-health/talking-therapies-medicine-treatments/talking-therapies-and-counselling/nhs-talking-therapies/
2025-07-27 12:33:50,967 - EnhancedCBTCollector - INFO - Collected high-quality content from https://www.nhs.uk/mental-health/talking-therapies-medicine-treatments/talking-therapies-and-counselling/nhs-talking-therapies/ (Score: 70)
2025-07-27 12:33:52,975 - EnhancedCBTCollector - INFO - Starting enhanced collection from nhs_cbt: https://www.nhs.uk/mental-health/talking-therapies-medicine-treatments/
2025-07-27 12:33:53,027 - EnhancedCBTCollector - WARNING - Content from https://www.nhs.uk/mental-health/talking-therapies-medicine-treatments/ failed quality assessment (Score: 20)
2025-07-27 12:33:55,034 - EnhancedCBTCollector - INFO - Starting enhanced collection from nhs_cbt: https://www.nhs.uk/mental-health/talking-therapies-medicine-treatments/talking-therapies-and-counselling/nhs-talking-therapies/
2025-07-27 12:33:55,066 - EnhancedCBTCollector - INFO - Collected high-quality content from https://www.nhs.uk/mental-health/talking-therapies-medicine-treatments/talking-therapies-and-counselling/nhs-talking-therapies/ (Score: 70)
2025-07-27 12:33:57,072 - EnhancedCBTCollector - INFO - Starting enhanced collection from nhs_cbt: https://www.nhs.uk/mental-health/talking-therapies-medicine-treatments/
2025-07-27 12:33:57,100 - EnhancedCBTCollector - WARNING - Content from https://www.nhs.uk/mental-health/talking-therapies-medicine-treatments/ failed quality assessment (Score: 20)
2025-07-27 12:33:59,112 - EnhancedCBTCollector - INFO - Starting enhanced collection from nhs_cbt: https://www.nhs.uk/mental-health/talking-therapies-medicine-treatments/talking-therapies-and-counselling/nhs-talking-therapies/
2025-07-27 12:33:59,171 - EnhancedCBTCollector - INFO - Collected high-quality content from https://www.nhs.uk/mental-health/talking-therapies-medicine-treatments/talking-therapies-and-counselling/nhs-talking-therapies/ (Score: 70)
2025-07-27 12:34:01,180 - EnhancedCBTCollector - INFO - Starting enhanced collection from nhs_cbt: https://www.nhs.uk/mental-health/talking-therapies-medicine-treatments/
2025-07-27 12:34:01,210 - EnhancedCBTCollector - WARNING - Content from https://www.nhs.uk/mental-health/talking-therapies-medicine-treatments/ failed quality assessment (Score: 20)
2025-07-27 12:34:03,214 - EnhancedCBTCollector - INFO - Starting enhanced collection from nhs_cbt: https://www.nhs.uk/mental-health/talking-therapies-medicine-treatments/talking-therapies-and-counselling/nhs-talking-therapies/
2025-07-27 12:34:03,245 - EnhancedCBTCollector - INFO - Collected high-quality content from https://www.nhs.uk/mental-health/talking-therapies-medicine-treatments/talking-therapies-and-counselling/nhs-talking-therapies/ (Score: 70)
2025-07-27 12:34:05,254 - EnhancedCBTCollector - INFO - Starting enhanced collection from nhs_cbt: https://www.nhs.uk/mental-health/talking-therapies-medicine-treatments/
2025-07-27 12:34:05,282 - EnhancedCBTCollector - WARNING - Content from https://www.nhs.uk/mental-health/talking-therapies-medicine-treatments/ failed quality assessment (Score: 20)
2025-07-27 12:34:07,295 - EnhancedCBTCollector - INFO - Starting enhanced collection from nhs_cbt: https://www.nhs.uk/mental-health/talking-therapies-medicine-treatments/talking-therapies-and-counselling/nhs-talking-therapies/
2025-07-27 12:34:07,352 - EnhancedCBTCollector - INFO - Collected high-quality content from https://www.nhs.uk/mental-health/talking-therapies-medicine-treatments/talking-therapies-and-counselling/nhs-talking-therapies/ (Score: 70)
2025-07-27 12:34:09,368 - EnhancedCBTCollector - INFO - Starting enhanced collection from nhs_cbt: https://www.nhs.uk/mental-health/talking-therapies-medicine-treatments/
2025-07-27 12:34:09,399 - EnhancedCBTCollector - WARNING - Content from https://www.nhs.uk/mental-health/talking-therapies-medicine-treatments/ failed quality assessment (Score: 20)
2025-07-27 12:34:11,408 - EnhancedCBTCollector - INFO - Starting enhanced collection from nhs_cbt: https://www.nhs.uk/mental-health/talking-therapies-medicine-treatments/talking-therapies-and-counselling/nhs-talking-therapies/
2025-07-27 12:34:11,465 - EnhancedCBTCollector - INFO - Collected high-quality content from https://www.nhs.uk/mental-health/talking-therapies-medicine-treatments/talking-therapies-and-counselling/nhs-talking-therapies/ (Score: 70)
2025-07-27 12:34:13,469 - EnhancedCBTCollector - INFO - Starting enhanced collection from nhs_cbt: https://www.nhs.uk/mental-health/talking-therapies-medicine-treatments/
2025-07-27 12:34:13,498 - EnhancedCBTCollector - WARNING - Content from https://www.nhs.uk/mental-health/talking-therapies-medicine-treatments/ failed quality assessment (Score: 20)
2025-07-27 12:34:15,508 - EnhancedCBTCollector - INFO - Starting enhanced collection from nhs_cbt: https://www.nhs.uk/mental-health/talking-therapies-medicine-treatments/talking-therapies-and-counselling/nhs-talking-therapies/
2025-07-27 12:34:15,540 - EnhancedCBTCollector - INFO - Collected high-quality content from https://www.nhs.uk/mental-health/talking-therapies-medicine-treatments/talking-therapies-and-counselling/nhs-talking-therapies/ (Score: 70)
2025-07-27 12:34:17,554 - EnhancedCBTCollector - INFO - Starting enhanced collection from nhs_cbt: https://www.nhs.uk/mental-health/talking-therapies-medicine-treatments/
2025-07-27 12:34:17,581 - EnhancedCBTCollector - WARNING - Content from https://www.nhs.uk/mental-health/talking-therapies-medicine-treatments/ failed quality assessment (Score: 20)
2025-07-27 12:34:19,586 - EnhancedCBTCollector - INFO - Starting enhanced collection from nhs_cbt: https://www.nhs.uk/mental-health/talking-therapies-medicine-treatments/talking-therapies-and-counselling/nhs-talking-therapies/
2025-07-27 12:34:19,622 - EnhancedCBTCollector - INFO - Collected high-quality content from https://www.nhs.uk/mental-health/talking-therapies-medicine-treatments/talking-therapies-and-counselling/nhs-talking-therapies/ (Score: 70)
2025-07-27 12:34:21,631 - EnhancedCBTCollector - INFO - Starting enhanced collection from nhs_cbt: https://www.nhs.uk/mental-health/talking-therapies-medicine-treatments/
2025-07-27 12:34:21,669 - EnhancedCBTCollector - WARNING - Content from https://www.nhs.uk/mental-health/talking-therapies-medicine-treatments/ failed quality assessment (Score: 20)
2025-07-27 12:34:23,673 - EnhancedCBTCollector - INFO - Starting enhanced collection from nhs_cbt: https://www.nhs.uk/mental-health/talking-therapies-medicine-treatments/talking-therapies-and-counselling/nhs-talking-therapies/
2025-07-27 12:34:23,705 - EnhancedCBTCollector - INFO - Collected high-quality content from https://www.nhs.uk/mental-health/talking-therapies-medicine-treatments/talking-therapies-and-counselling/nhs-talking-therapies/ (Score: 70)
2025-07-27 12:34:25,719 - EnhancedCBTCollector - INFO - Starting enhanced collection from nhs_cbt: https://www.nhs.uk/mental-health/talking-therapies-medicine-treatments/
2025-07-27 12:34:25,748 - EnhancedCBTCollector - WARNING - Content from https://www.nhs.uk/mental-health/talking-therapies-medicine-treatments/ failed quality assessment (Score: 20)
2025-07-27 12:34:27,762 - EnhancedCBTCollector - INFO - Starting enhanced collection from nhs_cbt: https://www.nhs.uk/mental-health/talking-therapies-medicine-treatments/talking-therapies-and-counselling/nhs-talking-therapies/
2025-07-27 12:34:27,796 - EnhancedCBTCollector - INFO - Collected high-quality content from https://www.nhs.uk/mental-health/talking-therapies-medicine-treatments/talking-therapies-and-counselling/nhs-talking-therapies/ (Score: 70)
2025-07-27 12:34:29,801 - EnhancedCBTCollector - INFO - Starting enhanced collection from nhs_cbt: https://www.nhs.uk/mental-health/talking-therapies-medicine-treatments/
2025-07-27 12:34:29,829 - EnhancedCBTCollector - WARNING - Content from https://www.nhs.uk/mental-health/talking-therapies-medicine-treatments/ failed quality assessment (Score: 20)
2025-07-27 12:34:31,837 - EnhancedCBTCollector - INFO - Starting enhanced collection from nhs_cbt: https://www.nhs.uk/mental-health/talking-therapies-medicine-treatments/talking-therapies-and-counselling/nhs-talking-therapies/
2025-07-27 12:34:31,880 - EnhancedCBTCollector - INFO - Collected high-quality content from https://www.nhs.uk/mental-health/talking-therapies-medicine-treatments/talking-therapies-and-counselling/nhs-talking-therapies/ (Score: 70)
2025-07-27 12:34:33,897 - EnhancedCBTCollector - INFO - Starting enhanced collection from nhs_cbt: https://www.nhs.uk/mental-health/talking-therapies-medicine-treatments/
2025-07-27 12:34:33,928 - EnhancedCBTCollector - WARNING - Content from https://www.nhs.uk/mental-health/talking-therapies-medicine-treatments/ failed quality assessment (Score: 20)
2025-07-27 12:34:35,939 - EnhancedCBTCollector - INFO - Starting enhanced collection from nhs_cbt: https://www.nhs.uk/mental-health/talking-therapies-medicine-treatments/talking-therapies-and-counselling/nhs-talking-therapies/
2025-07-27 12:34:35,995 - EnhancedCBTCollector - INFO - Collected high-quality content from https://www.nhs.uk/mental-health/talking-therapies-medicine-treatments/talking-therapies-and-counselling/nhs-talking-therapies/ (Score: 70)
2025-07-27 12:34:38,008 - EnhancedCBTCollector - INFO - Starting enhanced collection from nhs_cbt: https://www.nhs.uk/mental-health/talking-therapies-medicine-treatments/
2025-07-27 12:34:38,036 - EnhancedCBTCollector - WARNING - Content from https://www.nhs.uk/mental-health/talking-therapies-medicine-treatments/ failed quality assessment (Score: 20)
2025-07-27 12:34:40,038 - EnhancedCBTCollector - INFO - Starting enhanced collection from nhs_cbt: https://www.nhs.uk/mental-health/talking-therapies-medicine-treatments/talking-therapies-and-counselling/nhs-talking-therapies/
2025-07-27 12:34:40,071 - EnhancedCBTCollector - INFO - Collected high-quality content from https://www.nhs.uk/mental-health/talking-therapies-medicine-treatments/talking-therapies-and-counselling/nhs-talking-therapies/ (Score: 70)
2025-07-27 12:34:42,073 - EnhancedCBTCollector - INFO - Starting enhanced collection from nhs_cbt: https://www.nhs.uk/mental-health/talking-therapies-medicine-treatments/
2025-07-27 12:34:42,107 - EnhancedCBTCollector - WARNING - Content from https://www.nhs.uk/mental-health/talking-therapies-medicine-treatments/ failed quality assessment (Score: 20)
2025-07-27 12:34:44,113 - EnhancedCBTCollector - INFO - Starting enhanced collection from nhs_cbt: https://www.nhs.uk/mental-health/talking-therapies-medicine-treatments/talking-therapies-and-counselling/nhs-talking-therapies/
2025-07-27 12:34:44,152 - EnhancedCBTCollector - INFO - Collected high-quality content from https://www.nhs.uk/mental-health/talking-therapies-medicine-treatments/talking-therapies-and-counselling/nhs-talking-therapies/ (Score: 70)
2025-07-27 12:34:46,156 - EnhancedCBTCollector - INFO - Starting enhanced collection from nhs_cbt: https://www.nhs.uk/mental-health/talking-therapies-medicine-treatments/
2025-07-27 12:34:46,184 - EnhancedCBTCollector - WARNING - Content from https://www.nhs.uk/mental-health/talking-therapies-medicine-treatments/ failed quality assessment (Score: 20)
2025-07-27 12:34:48,196 - EnhancedCBTCollector - INFO - Starting enhanced collection from nhs_cbt: https://www.nhs.uk/mental-health/talking-therapies-medicine-treatments/talking-therapies-and-counselling/nhs-talking-therapies/
2025-07-27 12:34:48,229 - EnhancedCBTCollector - INFO - Collected high-quality content from https://www.nhs.uk/mental-health/talking-therapies-medicine-treatments/talking-therapies-and-counselling/nhs-talking-therapies/ (Score: 70)
2025-07-27 12:34:50,243 - EnhancedCBTCollector - INFO - Starting enhanced collection from nhs_cbt: https://www.nhs.uk/mental-health/talking-therapies-medicine-treatments/
2025-07-27 12:34:50,270 - EnhancedCBTCollector - WARNING - Content from https://www.nhs.uk/mental-health/talking-therapies-medicine-treatments/ failed quality assessment (Score: 20)
2025-07-27 12:34:52,286 - EnhancedCBTCollector - INFO - Starting enhanced collection from nhs_cbt: https://www.nhs.uk/mental-health/talking-therapies-medicine-treatments/talking-therapies-and-counselling/nhs-talking-therapies/
2025-07-27 12:34:52,317 - EnhancedCBTCollector - INFO - Collected high-quality content from https://www.nhs.uk/mental-health/talking-therapies-medicine-treatments/talking-therapies-and-counselling/nhs-talking-therapies/ (Score: 70)
2025-07-27 12:34:54,323 - EnhancedCBTCollector - INFO - Starting enhanced collection from nhs_cbt: https://www.nhs.uk/mental-health/talking-therapies-medicine-treatments/
2025-07-27 12:34:54,376 - EnhancedCBTCollector - WARNING - Content from https://www.nhs.uk/mental-health/talking-therapies-medicine-treatments/ failed quality assessment (Score: 20)
2025-07-27 12:34:56,383 - EnhancedCBTCollector - INFO - Starting enhanced collection from nhs_cbt: https://www.nhs.uk/mental-health/talking-therapies-medicine-treatments/talking-therapies-and-counselling/nhs-talking-therapies/
2025-07-27 12:34:56,418 - EnhancedCBTCollector - INFO - Collected high-quality content from https://www.nhs.uk/mental-health/talking-therapies-medicine-treatments/talking-therapies-and-counselling/nhs-talking-therapies/ (Score: 70)
2025-07-27 12:34:58,424 - EnhancedCBTCollector - INFO - Starting enhanced collection from nhs_cbt: https://www.nhs.uk/mental-health/talking-therapies-medicine-treatments/
2025-07-27 12:34:58,478 - EnhancedCBTCollector - WARNING - Content from https://www.nhs.uk/mental-health/talking-therapies-medicine-treatments/ failed quality assessment (Score: 20)
2025-07-27 12:35:00,481 - EnhancedCBTCollector - INFO - Starting enhanced collection from nhs_cbt: https://www.nhs.uk/mental-health/talking-therapies-medicine-treatments/talking-therapies-and-counselling/nhs-talking-therapies/
2025-07-27 12:35:00,523 - EnhancedCBTCollector - INFO - Collected high-quality content from https://www.nhs.uk/mental-health/talking-therapies-medicine-treatments/talking-therapies-and-counselling/nhs-talking-therapies/ (Score: 70)
2025-07-27 12:35:02,534 - EnhancedCBTCollector - INFO - Starting enhanced collection from nhs_cbt: https://www.nhs.uk/mental-health/talking-therapies-medicine-treatments/
2025-07-27 12:35:02,564 - EnhancedCBTCollector - WARNING - Content from https://www.nhs.uk/mental-health/talking-therapies-medicine-treatments/ failed quality assessment (Score: 20)
2025-07-27 12:35:04,575 - EnhancedCBTCollector - INFO - Starting enhanced collection from nhs_cbt: https://www.nhs.uk/mental-health/talking-therapies-medicine-treatments/talking-therapies-and-counselling/nhs-talking-therapies/
2025-07-27 12:35:04,611 - EnhancedCBTCollector - INFO - Collected high-quality content from https://www.nhs.uk/mental-health/talking-therapies-medicine-treatments/talking-therapies-and-counselling/nhs-talking-therapies/ (Score: 70)
2025-07-27 12:35:06,617 - EnhancedCBTCollector - INFO - Starting enhanced collection from nhs_cbt: https://www.nhs.uk/mental-health/talking-therapies-medicine-treatments/
2025-07-27 12:35:06,654 - EnhancedCBTCollector - WARNING - Content from https://www.nhs.uk/mental-health/talking-therapies-medicine-treatments/ failed quality assessment (Score: 20)
2025-07-27 12:35:08,661 - EnhancedCBTCollector - INFO - Starting enhanced collection from nhs_cbt: https://www.nhs.uk/mental-health/talking-therapies-medicine-treatments/talking-therapies-and-counselling/nhs-talking-therapies/
2025-07-27 12:35:08,694 - EnhancedCBTCollector - INFO - Collected high-quality content from https://www.nhs.uk/mental-health/talking-therapies-medicine-treatments/talking-therapies-and-counselling/nhs-talking-therapies/ (Score: 70)
2025-07-27 12:35:10,700 - EnhancedCBTCollector - INFO - Starting enhanced collection from nhs_cbt: https://www.nhs.uk/mental-health/talking-therapies-medicine-treatments/
2025-07-27 12:35:10,759 - EnhancedCBTCollector - WARNING - Content from https://www.nhs.uk/mental-health/talking-therapies-medicine-treatments/ failed quality assessment (Score: 20)
2025-07-27 12:35:12,769 - EnhancedCBTCollector - INFO - Starting enhanced collection from nhs_cbt: https://www.nhs.uk/mental-health/talking-therapies-medicine-treatments/talking-therapies-and-counselling/nhs-talking-therapies/
2025-07-27 12:35:12,826 - EnhancedCBTCollector - INFO - Collected high-quality content from https://www.nhs.uk/mental-health/talking-therapies-medicine-treatments/talking-therapies-and-counselling/nhs-talking-therapies/ (Score: 70)
2025-07-27 12:35:14,840 - EnhancedCBTCollector - INFO - Starting enhanced collection from nhs_cbt: https://www.nhs.uk/mental-health/talking-therapies-medicine-treatments/
2025-07-27 12:35:14,868 - EnhancedCBTCollector - WARNING - Content from https://www.nhs.uk/mental-health/talking-therapies-medicine-treatments/ failed quality assessment (Score: 20)
2025-07-27 12:35:16,882 - EnhancedCBTCollector - INFO - Starting enhanced collection from nhs_cbt: https://www.nhs.uk/mental-health/talking-therapies-medicine-treatments/talking-therapies-and-counselling/nhs-talking-therapies/
2025-07-27 12:35:16,915 - EnhancedCBTCollector - INFO - Collected high-quality content from https://www.nhs.uk/mental-health/talking-therapies-medicine-treatments/talking-therapies-and-counselling/nhs-talking-therapies/ (Score: 70)
2025-07-27 12:35:18,924 - EnhancedCBTCollector - INFO - Starting enhanced collection from nhs_cbt: https://www.nhs.uk/mental-health/talking-therapies-medicine-treatments/
2025-07-27 12:35:18,952 - EnhancedCBTCollector - WARNING - Content from https://www.nhs.uk/mental-health/talking-therapies-medicine-treatments/ failed quality assessment (Score: 20)
2025-07-27 12:35:20,967 - EnhancedCBTCollector - INFO - Starting enhanced collection from nhs_cbt: https://www.nhs.uk/mental-health/talking-therapies-medicine-treatments/talking-therapies-and-counselling/nhs-talking-therapies/
2025-07-27 12:35:21,025 - EnhancedCBTCollector - INFO - Collected high-quality content from https://www.nhs.uk/mental-health/talking-therapies-medicine-treatments/talking-therapies-and-counselling/nhs-talking-therapies/ (Score: 70)
2025-07-27 12:35:23,039 - EnhancedCBTCollector - INFO - Starting enhanced collection from nhs_cbt: https://www.nhs.uk/mental-health/talking-therapies-medicine-treatments/
2025-07-27 12:35:23,076 - EnhancedCBTCollector - WARNING - Content from https://www.nhs.uk/mental-health/talking-therapies-medicine-treatments/ failed quality assessment (Score: 20)
2025-07-27 12:35:25,082 - EnhancedCBTCollector - INFO - Starting enhanced collection from nhs_cbt: https://www.nhs.uk/mental-health/talking-therapies-medicine-treatments/talking-therapies-and-counselling/nhs-talking-therapies/
2025-07-27 12:35:25,137 - EnhancedCBTCollector - INFO - Collected high-quality content from https://www.nhs.uk/mental-health/talking-therapies-medicine-treatments/talking-therapies-and-counselling/nhs-talking-therapies/ (Score: 70)
2025-07-27 12:35:27,152 - EnhancedCBTCollector - INFO - Starting enhanced collection from nhs_cbt: https://www.nhs.uk/mental-health/talking-therapies-medicine-treatments/
2025-07-27 12:35:27,187 - EnhancedCBTCollector - WARNING - Content from https://www.nhs.uk/mental-health/talking-therapies-medicine-treatments/ failed quality assessment (Score: 20)
2025-07-27 12:35:29,195 - EnhancedCBTCollector - INFO - Starting enhanced collection from nhs_cbt: https://www.nhs.uk/mental-health/talking-therapies-medicine-treatments/talking-therapies-and-counselling/nhs-talking-therapies/
2025-07-27 12:35:29,251 - EnhancedCBTCollector - INFO - Collected high-quality content from https://www.nhs.uk/mental-health/talking-therapies-medicine-treatments/talking-therapies-and-counselling/nhs-talking-therapies/ (Score: 70)
2025-07-27 12:35:31,257 - EnhancedCBTCollector - INFO - Starting enhanced collection from nhs_cbt: https://www.nhs.uk/mental-health/talking-therapies-medicine-treatments/
2025-07-27 12:35:31,285 - EnhancedCBTCollector - WARNING - Content from https://www.nhs.uk/mental-health/talking-therapies-medicine-treatments/ failed quality assessment (Score: 20)
2025-07-27 12:35:33,296 - EnhancedCBTCollector - INFO - Starting enhanced collection from nhs_cbt: https://www.nhs.uk/mental-health/talking-therapies-medicine-treatments/talking-therapies-and-counselling/nhs-talking-therapies/
2025-07-27 12:35:33,354 - EnhancedCBTCollector - INFO - Collected high-quality content from https://www.nhs.uk/mental-health/talking-therapies-medicine-treatments/talking-therapies-and-counselling/nhs-talking-therapies/ (Score: 70)
2025-07-27 12:35:35,360 - EnhancedCBTCollector - INFO - Starting enhanced collection from nhs_cbt: https://www.nhs.uk/mental-health/talking-therapies-medicine-treatments/
2025-07-27 12:35:35,414 - EnhancedCBTCollector - WARNING - Content from https://www.nhs.uk/mental-health/talking-therapies-medicine-treatments/ failed quality assessment (Score: 20)
2025-07-27 12:35:37,417 - EnhancedCBTCollector - INFO - Starting enhanced collection from nhs_cbt: https://www.nhs.uk/mental-health/talking-therapies-medicine-treatments/talking-therapies-and-counselling/nhs-talking-therapies/
2025-07-27 12:35:37,452 - EnhancedCBTCollector - INFO - Collected high-quality content from https://www.nhs.uk/mental-health/talking-therapies-medicine-treatments/talking-therapies-and-counselling/nhs-talking-therapies/ (Score: 70)
2025-07-27 12:35:39,460 - EnhancedCBTCollector - INFO - Starting enhanced collection from nhs_cbt: https://www.nhs.uk/mental-health/talking-therapies-medicine-treatments/
2025-07-27 12:35:39,512 - EnhancedCBTCollector - WARNING - Content from https://www.nhs.uk/mental-health/talking-therapies-medicine-treatments/ failed quality assessment (Score: 20)
2025-07-27 12:35:41,518 - EnhancedCBTCollector - INFO - Starting enhanced collection from nhs_cbt: https://www.nhs.uk/mental-health/talking-therapies-medicine-treatments/talking-therapies-and-counselling/nhs-talking-therapies/
2025-07-27 12:35:41,564 - EnhancedCBTCollector - INFO - Collected high-quality content from https://www.nhs.uk/mental-health/talking-therapies-medicine-treatments/talking-therapies-and-counselling/nhs-talking-therapies/ (Score: 70)
2025-07-27 12:35:43,576 - EnhancedCBTCollector - INFO - Starting enhanced collection from nhs_cbt: https://www.nhs.uk/mental-health/talking-therapies-medicine-treatments/
2025-07-27 12:35:43,604 - EnhancedCBTCollector - WARNING - Content from https://www.nhs.uk/mental-health/talking-therapies-medicine-treatments/ failed quality assessment (Score: 20)
2025-07-27 12:35:45,619 - EnhancedCBTCollector - INFO - Starting enhanced collection from nhs_cbt: https://www.nhs.uk/mental-health/talking-therapies-medicine-treatments/talking-therapies-and-counselling/nhs-talking-therapies/
2025-07-27 12:35:45,677 - EnhancedCBTCollector - INFO - Collected high-quality content from https://www.nhs.uk/mental-health/talking-therapies-medicine-treatments/talking-therapies-and-counselling/nhs-talking-therapies/ (Score: 70)
2025-07-27 12:35:47,691 - EnhancedCBTCollector - INFO - Starting enhanced collection from nhs_cbt: https://www.nhs.uk/mental-health/talking-therapies-medicine-treatments/
2025-07-27 12:35:47,724 - EnhancedCBTCollector - WARNING - Content from https://www.nhs.uk/mental-health/talking-therapies-medicine-treatments/ failed quality assessment (Score: 20)
2025-07-27 12:35:49,735 - EnhancedCBTCollector - INFO - Starting enhanced collection from nhs_cbt: https://www.nhs.uk/mental-health/talking-therapies-medicine-treatments/talking-therapies-and-counselling/nhs-talking-therapies/
2025-07-27 12:35:49,774 - EnhancedCBTCollector - INFO - Collected high-quality content from https://www.nhs.uk/mental-health/talking-therapies-medicine-treatments/talking-therapies-and-counselling/nhs-talking-therapies/ (Score: 70)
2025-07-27 12:35:51,790 - EnhancedCBTCollector - INFO - Starting enhanced collection from nhs_cbt: https://www.nhs.uk/mental-health/talking-therapies-medicine-treatments/
2025-07-27 12:35:51,822 - EnhancedCBTCollector - WARNING - Content from https://www.nhs.uk/mental-health/talking-therapies-medicine-treatments/ failed quality assessment (Score: 20)
2025-07-27 12:35:53,837 - EnhancedCBTCollector - INFO - Starting enhanced collection from nhs_cbt: https://www.nhs.uk/mental-health/talking-therapies-medicine-treatments/talking-therapies-and-counselling/nhs-talking-therapies/
2025-07-27 12:35:53,880 - EnhancedCBTCollector - INFO - Collected high-quality content from https://www.nhs.uk/mental-health/talking-therapies-medicine-treatments/talking-therapies-and-counselling/nhs-talking-therapies/ (Score: 70)
2025-07-27 12:35:55,881 - EnhancedCBTCollector - INFO - Starting enhanced collection from nhs_cbt: https://www.nhs.uk/mental-health/talking-therapies-medicine-treatments/
2025-07-27 12:35:55,908 - EnhancedCBTCollector - WARNING - Content from https://www.nhs.uk/mental-health/talking-therapies-medicine-treatments/ failed quality assessment (Score: 20)
2025-07-27 12:35:57,924 - EnhancedCBTCollector - INFO - Starting enhanced collection from nhs_cbt: https://www.nhs.uk/mental-health/talking-therapies-medicine-treatments/talking-therapies-and-counselling/nhs-talking-therapies/
2025-07-27 12:35:57,981 - EnhancedCBTCollector - INFO - Collected high-quality content from https://www.nhs.uk/mental-health/talking-therapies-medicine-treatments/talking-therapies-and-counselling/nhs-talking-therapies/ (Score: 70)
2025-07-27 12:35:59,983 - EnhancedCBTCollector - INFO - Starting enhanced collection from nhs_cbt: https://www.nhs.uk/mental-health/talking-therapies-medicine-treatments/
2025-07-27 12:36:00,010 - EnhancedCBTCollector - WARNING - Content from https://www.nhs.uk/mental-health/talking-therapies-medicine-treatments/ failed quality assessment (Score: 20)
2025-07-27 12:36:02,026 - EnhancedCBTCollector - INFO - Starting enhanced collection from nhs_cbt: https://www.nhs.uk/mental-health/talking-therapies-medicine-treatments/talking-therapies-and-counselling/nhs-talking-therapies/
2025-07-27 12:36:02,061 - EnhancedCBTCollector - INFO - Collected high-quality content from https://www.nhs.uk/mental-health/talking-therapies-medicine-treatments/talking-therapies-and-counselling/nhs-talking-therapies/ (Score: 70)
2025-07-27 12:36:04,065 - EnhancedCBTCollector - INFO - Starting enhanced collection from nhs_cbt: https://www.nhs.uk/mental-health/talking-therapies-medicine-treatments/
2025-07-27 12:36:04,117 - EnhancedCBTCollector - WARNING - Content from https://www.nhs.uk/mental-health/talking-therapies-medicine-treatments/ failed quality assessment (Score: 20)
2025-07-27 12:36:06,127 - EnhancedCBTCollector - INFO - Starting enhanced collection from nhs_cbt: https://www.nhs.uk/mental-health/talking-therapies-medicine-treatments/talking-therapies-and-counselling/nhs-talking-therapies/
2025-07-27 12:36:06,160 - EnhancedCBTCollector - INFO - Collected high-quality content from https://www.nhs.uk/mental-health/talking-therapies-medicine-treatments/talking-therapies-and-counselling/nhs-talking-therapies/ (Score: 70)
2025-07-27 12:36:08,172 - EnhancedCBTCollector - INFO - Starting enhanced collection from nhs_cbt: https://www.nhs.uk/mental-health/talking-therapies-medicine-treatments/
2025-07-27 12:36:08,201 - EnhancedCBTCollector - WARNING - Content from https://www.nhs.uk/mental-health/talking-therapies-medicine-treatments/ failed quality assessment (Score: 20)
2025-07-27 12:36:10,213 - EnhancedCBTCollector - INFO - Starting enhanced collection from nhs_cbt: https://www.nhs.uk/mental-health/talking-therapies-medicine-treatments/talking-therapies-and-counselling/nhs-talking-therapies/
2025-07-27 12:36:10,252 - EnhancedCBTCollector - INFO - Collected high-quality content from https://www.nhs.uk/mental-health/talking-therapies-medicine-treatments/talking-therapies-and-counselling/nhs-talking-therapies/ (Score: 70)
2025-07-27 12:36:12,255 - EnhancedCBTCollector - INFO - Starting enhanced collection from nhs_cbt: https://www.nhs.uk/mental-health/talking-therapies-medicine-treatments/
2025-07-27 12:36:12,283 - EnhancedCBTCollector - WARNING - Content from https://www.nhs.uk/mental-health/talking-therapies-medicine-treatments/ failed quality assessment (Score: 20)
2025-07-27 12:36:14,298 - EnhancedCBTCollector - INFO - Starting enhanced collection from nhs_cbt: https://www.nhs.uk/mental-health/talking-therapies-medicine-treatments/talking-therapies-and-counselling/nhs-talking-therapies/
2025-07-27 12:36:14,330 - EnhancedCBTCollector - INFO - Collected high-quality content from https://www.nhs.uk/mental-health/talking-therapies-medicine-treatments/talking-therapies-and-counselling/nhs-talking-therapies/ (Score: 70)
2025-07-27 12:36:16,343 - EnhancedCBTCollector - INFO - Starting enhanced collection from nhs_cbt: https://www.nhs.uk/mental-health/talking-therapies-medicine-treatments/
2025-07-27 12:36:16,374 - EnhancedCBTCollector - WARNING - Content from https://www.nhs.uk/mental-health/talking-therapies-medicine-treatments/ failed quality assessment (Score: 20)
2025-07-27 12:36:18,376 - EnhancedCBTCollector - INFO - Starting enhanced collection from nhs_cbt: https://www.nhs.uk/mental-health/talking-therapies-medicine-treatments/talking-therapies-and-counselling/nhs-talking-therapies/
2025-07-27 12:36:18,411 - EnhancedCBTCollector - INFO - Collected high-quality content from https://www.nhs.uk/mental-health/talking-therapies-medicine-treatments/talking-therapies-and-counselling/nhs-talking-therapies/ (Score: 70)
2025-07-27 12:36:20,417 - EnhancedCBTCollector - INFO - Starting enhanced collection from nhs_cbt: https://www.nhs.uk/mental-health/talking-therapies-medicine-treatments/
2025-07-27 12:36:20,445 - EnhancedCBTCollector - WARNING - Content from https://www.nhs.uk/mental-health/talking-therapies-medicine-treatments/ failed quality assessment (Score: 20)
2025-07-27 12:36:22,460 - EnhancedCBTCollector - INFO - Starting enhanced collection from nhs_cbt: https://www.nhs.uk/mental-health/talking-therapies-medicine-treatments/talking-therapies-and-counselling/nhs-talking-therapies/
2025-07-27 12:36:22,497 - EnhancedCBTCollector - INFO - Collected high-quality content from https://www.nhs.uk/mental-health/talking-therapies-medicine-treatments/talking-therapies-and-counselling/nhs-talking-therapies/ (Score: 70)
2025-07-27 12:36:24,499 - EnhancedCBTCollector - INFO - Starting enhanced collection from nhs_cbt: https://www.nhs.uk/mental-health/talking-therapies-medicine-treatments/
2025-07-27 12:36:24,526 - EnhancedCBTCollector - WARNING - Content from https://www.nhs.uk/mental-health/talking-therapies-medicine-treatments/ failed quality assessment (Score: 20)
2025-07-27 12:36:26,538 - EnhancedCBTCollector - INFO - Starting enhanced collection from nhs_cbt: https://www.nhs.uk/mental-health/talking-therapies-medicine-treatments/talking-therapies-and-counselling/nhs-talking-therapies/
2025-07-27 12:36:26,595 - EnhancedCBTCollector - INFO - Collected high-quality content from https://www.nhs.uk/mental-health/talking-therapies-medicine-treatments/talking-therapies-and-counselling/nhs-talking-therapies/ (Score: 70)
2025-07-27 12:36:28,606 - EnhancedCBTCollector - INFO - Starting enhanced collection from nhs_cbt: https://www.nhs.uk/mental-health/talking-therapies-medicine-treatments/
2025-07-27 12:36:28,661 - EnhancedCBTCollector - WARNING - Content from https://www.nhs.uk/mental-health/talking-therapies-medicine-treatments/ failed quality assessment (Score: 20)
2025-07-27 12:36:30,674 - EnhancedCBTCollector - INFO - Starting enhanced collection from nhs_cbt: https://www.nhs.uk/mental-health/talking-therapies-medicine-treatments/talking-therapies-and-counselling/nhs-talking-therapies/
2025-07-27 12:36:30,729 - EnhancedCBTCollector - INFO - Collected high-quality content from https://www.nhs.uk/mental-health/talking-therapies-medicine-treatments/talking-therapies-and-counselling/nhs-talking-therapies/ (Score: 70)
2025-07-27 12:36:32,732 - EnhancedCBTCollector - INFO - Starting enhanced collection from nhs_cbt: https://www.nhs.uk/mental-health/talking-therapies-medicine-treatments/
2025-07-27 12:36:32,767 - EnhancedCBTCollector - WARNING - Content from https://www.nhs.uk/mental-health/talking-therapies-medicine-treatments/ failed quality assessment (Score: 20)
2025-07-27 12:36:34,772 - EnhancedCBTCollector - INFO - Starting enhanced collection from nhs_cbt: https://www.nhs.uk/mental-health/talking-therapies-medicine-treatments/talking-therapies-and-counselling/nhs-talking-therapies/
2025-07-27 12:36:34,806 - EnhancedCBTCollector - INFO - Collected high-quality content from https://www.nhs.uk/mental-health/talking-therapies-medicine-treatments/talking-therapies-and-counselling/nhs-talking-therapies/ (Score: 70)
2025-07-27 12:36:36,819 - EnhancedCBTCollector - INFO - Starting enhanced collection from nhs_cbt: https://www.nhs.uk/mental-health/talking-therapies-medicine-treatments/
2025-07-27 12:36:36,851 - EnhancedCBTCollector - WARNING - Content from https://www.nhs.uk/mental-health/talking-therapies-medicine-treatments/ failed quality assessment (Score: 20)
2025-07-27 12:36:38,859 - EnhancedCBTCollector - INFO - Starting enhanced collection from nhs_cbt: https://www.nhs.uk/mental-health/talking-therapies-medicine-treatments/talking-therapies-and-counselling/nhs-talking-therapies/
2025-07-27 12:36:38,891 - EnhancedCBTCollector - INFO - Collected high-quality content from https://www.nhs.uk/mental-health/talking-therapies-medicine-treatments/talking-therapies-and-counselling/nhs-talking-therapies/ (Score: 70)
2025-07-27 12:36:40,900 - EnhancedCBTCollector - INFO - Starting enhanced collection from nhs_cbt: https://www.nhs.uk/mental-health/talking-therapies-medicine-treatments/
2025-07-27 12:36:40,928 - EnhancedCBTCollector - WARNING - Content from https://www.nhs.uk/mental-health/talking-therapies-medicine-treatments/ failed quality assessment (Score: 20)
2025-07-27 12:36:42,944 - EnhancedCBTCollector - INFO - Starting enhanced collection from nhs_cbt: https://www.nhs.uk/mental-health/talking-therapies-medicine-treatments/talking-therapies-and-counselling/nhs-talking-therapies/
2025-07-27 12:36:43,001 - EnhancedCBTCollector - INFO - Collected high-quality content from https://www.nhs.uk/mental-health/talking-therapies-medicine-treatments/talking-therapies-and-counselling/nhs-talking-therapies/ (Score: 70)
2025-07-27 12:36:45,012 - EnhancedCBTCollector - INFO - Starting enhanced collection from nhs_cbt: https://www.nhs.uk/mental-health/talking-therapies-medicine-treatments/
2025-07-27 12:36:45,042 - EnhancedCBTCollector - WARNING - Content from https://www.nhs.uk/mental-health/talking-therapies-medicine-treatments/ failed quality assessment (Score: 20)
2025-07-27 12:36:47,052 - EnhancedCBTCollector - INFO - Starting enhanced collection from nhs_cbt: https://www.nhs.uk/mental-health/talking-therapies-medicine-treatments/talking-therapies-and-counselling/nhs-talking-therapies/
2025-07-27 12:36:47,085 - EnhancedCBTCollector - INFO - Collected high-quality content from https://www.nhs.uk/mental-health/talking-therapies-medicine-treatments/talking-therapies-and-counselling/nhs-talking-therapies/ (Score: 70)
2025-07-27 12:36:49,091 - EnhancedCBTCollector - INFO - Starting enhanced collection from nhs_cbt: https://www.nhs.uk/mental-health/talking-therapies-medicine-treatments/
2025-07-27 12:36:49,118 - EnhancedCBTCollector - WARNING - Content from https://www.nhs.uk/mental-health/talking-therapies-medicine-treatments/ failed quality assessment (Score: 20)
2025-07-27 12:36:51,132 - EnhancedCBTCollector - INFO - Starting enhanced collection from nhs_cbt: https://www.nhs.uk/mental-health/talking-therapies-medicine-treatments/talking-therapies-and-counselling/nhs-talking-therapies/
2025-07-27 12:36:51,164 - EnhancedCBTCollector - INFO - Collected high-quality content from https://www.nhs.uk/mental-health/talking-therapies-medicine-treatments/talking-therapies-and-counselling/nhs-talking-therapies/ (Score: 70)
2025-07-27 12:36:53,167 - EnhancedCBTCollector - INFO - Starting enhanced collection from nhs_cbt: https://www.nhs.uk/mental-health/talking-therapies-medicine-treatments/
2025-07-27 12:36:53,204 - EnhancedCBTCollector - WARNING - Content from https://www.nhs.uk/mental-health/talking-therapies-medicine-treatments/ failed quality assessment (Score: 20)
2025-07-27 12:36:55,206 - EnhancedCBTCollector - INFO - Starting enhanced collection from nhs_cbt: https://www.nhs.uk/mental-health/talking-therapies-medicine-treatments/talking-therapies-and-counselling/nhs-talking-therapies/
2025-07-27 12:36:55,238 - EnhancedCBTCollector - INFO - Collected high-quality content from https://www.nhs.uk/mental-health/talking-therapies-medicine-treatments/talking-therapies-and-counselling/nhs-talking-therapies/ (Score: 70)
2025-07-27 12:36:57,248 - EnhancedCBTCollector - INFO - Starting enhanced collection from nhs_cbt: https://www.nhs.uk/mental-health/talking-therapies-medicine-treatments/
2025-07-27 12:36:57,276 - EnhancedCBTCollector - WARNING - Content from https://www.nhs.uk/mental-health/talking-therapies-medicine-treatments/ failed quality assessment (Score: 20)
2025-07-27 12:36:59,290 - EnhancedCBTCollector - INFO - Starting enhanced collection from nhs_cbt: https://www.nhs.uk/mental-health/talking-therapies-medicine-treatments/talking-therapies-and-counselling/nhs-talking-therapies/
2025-07-27 12:36:59,323 - EnhancedCBTCollector - INFO - Collected high-quality content from https://www.nhs.uk/mental-health/talking-therapies-medicine-treatments/talking-therapies-and-counselling/nhs-talking-therapies/ (Score: 70)
2025-07-27 12:37:01,325 - EnhancedCBTCollector - INFO - Starting enhanced collection from nhs_cbt: https://www.nhs.uk/mental-health/talking-therapies-medicine-treatments/
2025-07-27 12:37:01,353 - EnhancedCBTCollector - WARNING - Content from https://www.nhs.uk/mental-health/talking-therapies-medicine-treatments/ failed quality assessment (Score: 20)
2025-07-27 12:37:03,359 - EnhancedCBTCollector - INFO - Starting enhanced collection from nhs_cbt: https://www.nhs.uk/mental-health/talking-therapies-medicine-treatments/talking-therapies-and-counselling/nhs-talking-therapies/
2025-07-27 12:37:03,390 - EnhancedCBTCollector - INFO - Collected high-quality content from https://www.nhs.uk/mental-health/talking-therapies-medicine-treatments/talking-therapies-and-counselling/nhs-talking-therapies/ (Score: 70)
2025-07-27 12:37:05,406 - EnhancedCBTCollector - INFO - Starting enhanced collection from nhs_cbt: https://www.nhs.uk/mental-health/talking-therapies-medicine-treatments/
2025-07-27 12:37:05,458 - EnhancedCBTCollector - WARNING - Content from https://www.nhs.uk/mental-health/talking-therapies-medicine-treatments/ failed quality assessment (Score: 20)
2025-07-27 12:37:07,473 - EnhancedCBTCollector - INFO - Starting enhanced collection from nhs_cbt: https://www.nhs.uk/mental-health/talking-therapies-medicine-treatments/talking-therapies-and-counselling/nhs-talking-therapies/
2025-07-27 12:37:07,507 - EnhancedCBTCollector - INFO - Collected high-quality content from https://www.nhs.uk/mental-health/talking-therapies-medicine-treatments/talking-therapies-and-counselling/nhs-talking-therapies/ (Score: 70)
2025-07-27 12:37:09,516 - EnhancedCBTCollector - INFO - Starting enhanced collection from nhs_cbt: https://www.nhs.uk/mental-health/talking-therapies-medicine-treatments/
2025-07-27 12:37:09,547 - EnhancedCBTCollector - WARNING - Content from https://www.nhs.uk/mental-health/talking-therapies-medicine-treatments/ failed quality assessment (Score: 20)
2025-07-27 12:37:11,560 - EnhancedCBTCollector - INFO - Starting enhanced collection from nhs_cbt: https://www.nhs.uk/mental-health/talking-therapies-medicine-treatments/talking-therapies-and-counselling/nhs-talking-therapies/
2025-07-27 12:37:11,592 - EnhancedCBTCollector - INFO - Collected high-quality content from https://www.nhs.uk/mental-health/talking-therapies-medicine-treatments/talking-therapies-and-counselling/nhs-talking-therapies/ (Score: 70)
2025-07-27 12:37:13,599 - EnhancedCBTCollector - INFO - Starting enhanced collection from nhs_cbt: https://www.nhs.uk/mental-health/talking-therapies-medicine-treatments/
2025-07-27 12:37:13,644 - EnhancedCBTCollector - WARNING - Content from https://www.nhs.uk/mental-health/talking-therapies-medicine-treatments/ failed quality assessment (Score: 20)
2025-07-27 12:37:15,646 - EnhancedCBTCollector - INFO - Starting enhanced collection from nhs_cbt: https://www.nhs.uk/mental-health/talking-therapies-medicine-treatments/talking-therapies-and-counselling/nhs-talking-therapies/
2025-07-27 12:37:15,687 - EnhancedCBTCollector - INFO - Collected high-quality content from https://www.nhs.uk/mental-health/talking-therapies-medicine-treatments/talking-therapies-and-counselling/nhs-talking-therapies/ (Score: 70)
2025-07-27 12:37:17,693 - EnhancedCBTCollector - INFO - Starting enhanced collection from nhs_cbt: https://www.nhs.uk/mental-health/talking-therapies-medicine-treatments/
2025-07-27 12:37:17,721 - EnhancedCBTCollector - WARNING - Content from https://www.nhs.uk/mental-health/talking-therapies-medicine-treatments/ failed quality assessment (Score: 20)
2025-07-27 12:37:19,735 - EnhancedCBTCollector - INFO - Starting enhanced collection from nhs_cbt: https://www.nhs.uk/mental-health/talking-therapies-medicine-treatments/talking-therapies-and-counselling/nhs-talking-therapies/
2025-07-27 12:37:19,768 - EnhancedCBTCollector - INFO - Collected high-quality content from https://www.nhs.uk/mental-health/talking-therapies-medicine-treatments/talking-therapies-and-counselling/nhs-talking-therapies/ (Score: 70)
2025-07-27 12:37:21,777 - EnhancedCBTCollector - INFO - Starting enhanced collection from nhs_cbt: https://www.nhs.uk/mental-health/talking-therapies-medicine-treatments/
2025-07-27 12:37:21,805 - EnhancedCBTCollector - WARNING - Content from https://www.nhs.uk/mental-health/talking-therapies-medicine-treatments/ failed quality assessment (Score: 20)
2025-07-27 12:37:23,821 - EnhancedCBTCollector - INFO - Starting enhanced collection from nhs_cbt: https://www.nhs.uk/mental-health/talking-therapies-medicine-treatments/talking-therapies-and-counselling/nhs-talking-therapies/
2025-07-27 12:37:23,865 - EnhancedCBTCollector - INFO - Collected high-quality content from https://www.nhs.uk/mental-health/talking-therapies-medicine-treatments/talking-therapies-and-counselling/nhs-talking-therapies/ (Score: 70)
2025-07-27 12:37:25,869 - EnhancedCBTCollector - INFO - Starting enhanced collection from nhs_cbt: https://www.nhs.uk/mental-health/talking-therapies-medicine-treatments/
2025-07-27 12:37:25,896 - EnhancedCBTCollector - WARNING - Content from https://www.nhs.uk/mental-health/talking-therapies-medicine-treatments/ failed quality assessment (Score: 20)
2025-07-27 12:37:27,904 - EnhancedCBTCollector - INFO - Starting enhanced collection from nhs_cbt: https://www.nhs.uk/mental-health/talking-therapies-medicine-treatments/talking-therapies-and-counselling/nhs-talking-therapies/
2025-07-27 12:37:27,937 - EnhancedCBTCollector - INFO - Collected high-quality content from https://www.nhs.uk/mental-health/talking-therapies-medicine-treatments/talking-therapies-and-counselling/nhs-talking-therapies/ (Score: 70)
2025-07-27 12:37:29,944 - EnhancedCBTCollector - INFO - Starting enhanced collection from nhs_cbt: https://www.nhs.uk/mental-health/talking-therapies-medicine-treatments/
2025-07-27 12:37:29,972 - EnhancedCBTCollector - WARNING - Content from https://www.nhs.uk/mental-health/talking-therapies-medicine-treatments/ failed quality assessment (Score: 20)
2025-07-27 12:37:31,983 - EnhancedCBTCollector - INFO - Starting enhanced collection from nhs_cbt: https://www.nhs.uk/mental-health/talking-therapies-medicine-treatments/talking-therapies-and-counselling/nhs-talking-therapies/
2025-07-27 12:37:32,022 - EnhancedCBTCollector - INFO - Collected high-quality content from https://www.nhs.uk/mental-health/talking-therapies-medicine-treatments/talking-therapies-and-counselling/nhs-talking-therapies/ (Score: 70)
2025-07-27 12:37:34,029 - EnhancedCBTCollector - INFO - Starting enhanced collection from nhs_cbt: https://www.nhs.uk/mental-health/talking-therapies-medicine-treatments/
2025-07-27 12:37:34,057 - EnhancedCBTCollector - WARNING - Content from https://www.nhs.uk/mental-health/talking-therapies-medicine-treatments/ failed quality assessment (Score: 20)
2025-07-27 12:37:36,070 - EnhancedCBTCollector - INFO - Starting enhanced collection from nhs_cbt: https://www.nhs.uk/mental-health/talking-therapies-medicine-treatments/talking-therapies-and-counselling/nhs-talking-therapies/
2025-07-27 12:37:36,112 - EnhancedCBTCollector - INFO - Collected high-quality content from https://www.nhs.uk/mental-health/talking-therapies-medicine-treatments/talking-therapies-and-counselling/nhs-talking-therapies/ (Score: 70)
2025-07-27 12:37:38,124 - EnhancedCBTCollector - INFO - Starting enhanced collection from nhs_cbt: https://www.nhs.uk/mental-health/talking-therapies-medicine-treatments/
2025-07-27 12:37:38,158 - EnhancedCBTCollector - WARNING - Content from https://www.nhs.uk/mental-health/talking-therapies-medicine-treatments/ failed quality assessment (Score: 20)
2025-07-27 12:37:40,171 - EnhancedCBTCollector - INFO - Starting enhanced collection from nhs_cbt: https://www.nhs.uk/mental-health/talking-therapies-medicine-treatments/talking-therapies-and-counselling/nhs-talking-therapies/
2025-07-27 12:37:40,235 - EnhancedCBTCollector - INFO - Collected high-quality content from https://www.nhs.uk/mental-health/talking-therapies-medicine-treatments/talking-therapies-and-counselling/nhs-talking-therapies/ (Score: 70)
2025-07-27 12:37:42,246 - EnhancedCBTCollector - INFO - Starting enhanced collection from nhs_cbt: https://www.nhs.uk/mental-health/talking-therapies-medicine-treatments/
2025-07-27 12:37:42,483 - EnhancedCBTCollector - WARNING - Content from https://www.nhs.uk/mental-health/talking-therapies-medicine-treatments/ failed quality assessment (Score: 20)
2025-07-27 12:37:44,486 - EnhancedCBTCollector - INFO - Starting enhanced collection from nhs_cbt: https://www.nhs.uk/mental-health/talking-therapies-medicine-treatments/talking-therapies-and-counselling/nhs-talking-therapies/
2025-07-27 12:37:44,519 - EnhancedCBTCollector - INFO - Collected high-quality content from https://www.nhs.uk/mental-health/talking-therapies-medicine-treatments/talking-therapies-and-counselling/nhs-talking-therapies/ (Score: 70)
2025-07-27 12:37:46,535 - EnhancedCBTCollector - INFO - Starting enhanced collection from nhs_cbt: https://www.nhs.uk/mental-health/talking-therapies-medicine-treatments/
2025-07-27 12:37:46,563 - EnhancedCBTCollector - WARNING - Content from https://www.nhs.uk/mental-health/talking-therapies-medicine-treatments/ failed quality assessment (Score: 20)
2025-07-27 12:37:48,579 - EnhancedCBTCollector - INFO - Starting enhanced collection from nhs_cbt: https://www.nhs.uk/mental-health/talking-therapies-medicine-treatments/talking-therapies-and-counselling/nhs-talking-therapies/
2025-07-27 12:37:48,613 - EnhancedCBTCollector - INFO - Collected high-quality content from https://www.nhs.uk/mental-health/talking-therapies-medicine-treatments/talking-therapies-and-counselling/nhs-talking-therapies/ (Score: 70)
2025-07-27 12:37:50,616 - EnhancedCBTCollector - INFO - Starting enhanced collection from nhs_cbt: https://www.nhs.uk/mental-health/talking-therapies-medicine-treatments/
2025-07-27 12:37:50,646 - EnhancedCBTCollector - WARNING - Content from https://www.nhs.uk/mental-health/talking-therapies-medicine-treatments/ failed quality assessment (Score: 20)
2025-07-27 12:37:52,658 - EnhancedCBTCollector - INFO - Starting enhanced collection from nhs_cbt: https://www.nhs.uk/mental-health/talking-therapies-medicine-treatments/talking-therapies-and-counselling/nhs-talking-therapies/
2025-07-27 12:37:52,691 - EnhancedCBTCollector - INFO - Collected high-quality content from https://www.nhs.uk/mental-health/talking-therapies-medicine-treatments/talking-therapies-and-counselling/nhs-talking-therapies/ (Score: 70)
2025-07-27 12:37:54,698 - EnhancedCBTCollector - INFO - Starting enhanced collection from nhs_cbt: https://www.nhs.uk/mental-health/talking-therapies-medicine-treatments/
2025-07-27 12:37:54,727 - EnhancedCBTCollector - WARNING - Content from https://www.nhs.uk/mental-health/talking-therapies-medicine-treatments/ failed quality assessment (Score: 20)
2025-07-27 12:37:56,742 - EnhancedCBTCollector - INFO - Starting enhanced collection from nhs_cbt: https://www.nhs.uk/mental-health/talking-therapies-medicine-treatments/talking-therapies-and-counselling/nhs-talking-therapies/
2025-07-27 12:37:56,792 - EnhancedCBTCollector - INFO - Collected high-quality content from https://www.nhs.uk/mental-health/talking-therapies-medicine-treatments/talking-therapies-and-counselling/nhs-talking-therapies/ (Score: 70)
2025-07-27 12:37:58,796 - EnhancedCBTCollector - INFO - Starting enhanced collection from nhs_cbt: https://www.nhs.uk/mental-health/talking-therapies-medicine-treatments/
2025-07-27 12:37:58,849 - EnhancedCBTCollector - WARNING - Content from https://www.nhs.uk/mental-health/talking-therapies-medicine-treatments/ failed quality assessment (Score: 20)
2025-07-27 12:38:00,858 - EnhancedCBTCollector - INFO - Starting enhanced collection from nhs_cbt: https://www.nhs.uk/mental-health/talking-therapies-medicine-treatments/talking-therapies-and-counselling/nhs-talking-therapies/
2025-07-27 12:38:00,889 - EnhancedCBTCollector - INFO - Collected high-quality content from https://www.nhs.uk/mental-health/talking-therapies-medicine-treatments/talking-therapies-and-counselling/nhs-talking-therapies/ (Score: 70)
2025-07-27 12:38:02,900 - EnhancedCBTCollector - INFO - Starting enhanced collection from nhs_cbt: https://www.nhs.uk/mental-health/talking-therapies-medicine-treatments/
2025-07-27 12:38:02,954 - EnhancedCBTCollector - WARNING - Content from https://www.nhs.uk/mental-health/talking-therapies-medicine-treatments/ failed quality assessment (Score: 20)
2025-07-27 12:38:04,962 - EnhancedCBTCollector - INFO - Starting enhanced collection from nhs_cbt: https://www.nhs.uk/mental-health/talking-therapies-medicine-treatments/talking-therapies-and-counselling/nhs-talking-therapies/
2025-07-27 12:38:05,000 - EnhancedCBTCollector - INFO - Collected high-quality content from https://www.nhs.uk/mental-health/talking-therapies-medicine-treatments/talking-therapies-and-counselling/nhs-talking-therapies/ (Score: 70)
2025-07-27 12:38:07,002 - EnhancedCBTCollector - INFO - Starting enhanced collection from nhs_cbt: https://www.nhs.uk/mental-health/talking-therapies-medicine-treatments/
2025-07-27 12:38:07,030 - EnhancedCBTCollector - WARNING - Content from https://www.nhs.uk/mental-health/talking-therapies-medicine-treatments/ failed quality assessment (Score: 20)
2025-07-27 12:38:09,044 - EnhancedCBTCollector - INFO - Starting enhanced collection from nhs_cbt: https://www.nhs.uk/mental-health/talking-therapies-medicine-treatments/talking-therapies-and-counselling/nhs-talking-therapies/
2025-07-27 12:38:09,077 - EnhancedCBTCollector - INFO - Collected high-quality content from https://www.nhs.uk/mental-health/talking-therapies-medicine-treatments/talking-therapies-and-counselling/nhs-talking-therapies/ (Score: 70)
2025-07-27 12:38:11,085 - EnhancedCBTCollector - INFO - Starting enhanced collection from nhs_cbt: https://www.nhs.uk/mental-health/talking-therapies-medicine-treatments/
2025-07-27 12:38:11,123 - EnhancedCBTCollector - WARNING - Content from https://www.nhs.uk/mental-health/talking-therapies-medicine-treatments/ failed quality assessment (Score: 20)
2025-07-27 12:38:13,126 - EnhancedCBTCollector - INFO - Starting enhanced collection from nhs_cbt: https://www.nhs.uk/mental-health/talking-therapies-medicine-treatments/talking-therapies-and-counselling/nhs-talking-therapies/
2025-07-27 12:38:13,160 - EnhancedCBTCollector - INFO - Collected high-quality content from https://www.nhs.uk/mental-health/talking-therapies-medicine-treatments/talking-therapies-and-counselling/nhs-talking-therapies/ (Score: 70)
2025-07-27 12:38:15,171 - EnhancedCBTCollector - INFO - Starting enhanced collection from nhs_cbt: https://www.nhs.uk/mental-health/talking-therapies-medicine-treatments/
2025-07-27 12:38:15,199 - EnhancedCBTCollector - WARNING - Content from https://www.nhs.uk/mental-health/talking-therapies-medicine-treatments/ failed quality assessment (Score: 20)
2025-07-27 12:38:17,214 - EnhancedCBTCollector - INFO - Starting enhanced collection from nhs_cbt: https://www.nhs.uk/mental-health/talking-therapies-medicine-treatments/talking-therapies-and-counselling/nhs-talking-therapies/
2025-07-27 12:38:17,271 - EnhancedCBTCollector - INFO - Collected high-quality content from https://www.nhs.uk/mental-health/talking-therapies-medicine-treatments/talking-therapies-and-counselling/nhs-talking-therapies/ (Score: 70)
2025-07-27 12:38:19,286 - EnhancedCBTCollector - INFO - Starting enhanced collection from nhs_cbt: https://www.nhs.uk/mental-health/talking-therapies-medicine-treatments/
2025-07-27 12:38:19,340 - EnhancedCBTCollector - WARNING - Content from https://www.nhs.uk/mental-health/talking-therapies-medicine-treatments/ failed quality assessment (Score: 20)
2025-07-27 12:38:21,356 - EnhancedCBTCollector - INFO - Starting enhanced collection from nhs_cbt: https://www.nhs.uk/mental-health/talking-therapies-medicine-treatments/talking-therapies-and-counselling/nhs-talking-therapies/
2025-07-27 12:38:21,389 - EnhancedCBTCollector - INFO - Collected high-quality content from https://www.nhs.uk/mental-health/talking-therapies-medicine-treatments/talking-therapies-and-counselling/nhs-talking-therapies/ (Score: 70)
2025-07-27 12:38:23,403 - EnhancedCBTCollector - INFO - Starting enhanced collection from nhs_cbt: https://www.nhs.uk/mental-health/talking-therapies-medicine-treatments/
2025-07-27 12:38:23,431 - EnhancedCBTCollector - WARNING - Content from https://www.nhs.uk/mental-health/talking-therapies-medicine-treatments/ failed quality assessment (Score: 20)
2025-07-27 12:38:25,440 - EnhancedCBTCollector - INFO - Starting enhanced collection from nhs_cbt: https://www.nhs.uk/mental-health/talking-therapies-medicine-treatments/talking-therapies-and-counselling/nhs-talking-therapies/
2025-07-27 12:38:25,472 - EnhancedCBTCollector - INFO - Collected high-quality content from https://www.nhs.uk/mental-health/talking-therapies-medicine-treatments/talking-therapies-and-counselling/nhs-talking-therapies/ (Score: 70)
2025-07-27 12:38:27,489 - EnhancedCBTCollector - INFO - Starting enhanced collection from nhs_cbt: https://www.nhs.uk/mental-health/talking-therapies-medicine-treatments/
2025-07-27 12:38:27,521 - EnhancedCBTCollector - WARNING - Content from https://www.nhs.uk/mental-health/talking-therapies-medicine-treatments/ failed quality assessment (Score: 20)
2025-07-27 12:38:29,532 - EnhancedCBTCollector - INFO - Starting enhanced collection from nhs_cbt: https://www.nhs.uk/mental-health/talking-therapies-medicine-treatments/talking-therapies-and-counselling/nhs-talking-therapies/
2025-07-27 12:38:29,565 - EnhancedCBTCollector - INFO - Collected high-quality content from https://www.nhs.uk/mental-health/talking-therapies-medicine-treatments/talking-therapies-and-counselling/nhs-talking-therapies/ (Score: 70)
2025-07-27 12:38:31,575 - EnhancedCBTCollector - INFO - Starting enhanced collection from nhs_cbt: https://www.nhs.uk/mental-health/talking-therapies-medicine-treatments/
2025-07-27 12:38:31,603 - EnhancedCBTCollector - WARNING - Content from https://www.nhs.uk/mental-health/talking-therapies-medicine-treatments/ failed quality assessment (Score: 20)
2025-07-27 12:38:33,613 - EnhancedCBTCollector - INFO - Starting enhanced collection from nhs_cbt: https://www.nhs.uk/mental-health/talking-therapies-medicine-treatments/talking-therapies-and-counselling/nhs-talking-therapies/
2025-07-27 12:38:33,671 - EnhancedCBTCollector - INFO - Collected high-quality content from https://www.nhs.uk/mental-health/talking-therapies-medicine-treatments/talking-therapies-and-counselling/nhs-talking-therapies/ (Score: 70)
2025-07-27 12:38:35,688 - EnhancedCBTCollector - INFO - Starting enhanced collection from nhs_cbt: https://www.nhs.uk/mental-health/talking-therapies-medicine-treatments/
2025-07-27 12:38:35,717 - EnhancedCBTCollector - WARNING - Content from https://www.nhs.uk/mental-health/talking-therapies-medicine-treatments/ failed quality assessment (Score: 20)
2025-07-27 12:38:37,732 - EnhancedCBTCollector - INFO - Starting enhanced collection from nhs_cbt: https://www.nhs.uk/mental-health/talking-therapies-medicine-treatments/talking-therapies-and-counselling/nhs-talking-therapies/
2025-07-27 12:38:37,800 - EnhancedCBTCollector - INFO - Collected high-quality content from https://www.nhs.uk/mental-health/talking-therapies-medicine-treatments/talking-therapies-and-counselling/nhs-talking-therapies/ (Score: 70)
2025-07-27 12:38:39,802 - EnhancedCBTCollector - INFO - Starting enhanced collection from nhs_cbt: https://www.nhs.uk/mental-health/talking-therapies-medicine-treatments/
2025-07-27 12:38:39,830 - EnhancedCBTCollector - WARNING - Content from https://www.nhs.uk/mental-health/talking-therapies-medicine-treatments/ failed quality assessment (Score: 20)
2025-07-27 12:38:41,841 - EnhancedCBTCollector - INFO - Starting enhanced collection from nhs_cbt: https://www.nhs.uk/mental-health/talking-therapies-medicine-treatments/talking-therapies-and-counselling/nhs-talking-therapies/
2025-07-27 12:38:41,878 - EnhancedCBTCollector - INFO - Collected high-quality content from https://www.nhs.uk/mental-health/talking-therapies-medicine-treatments/talking-therapies-and-counselling/nhs-talking-therapies/ (Score: 70)
2025-07-27 12:38:43,888 - EnhancedCBTCollector - INFO - Starting enhanced collection from nhs_cbt: https://www.nhs.uk/mental-health/talking-therapies-medicine-treatments/
2025-07-27 12:38:43,941 - EnhancedCBTCollector - WARNING - Content from https://www.nhs.uk/mental-health/talking-therapies-medicine-treatments/ failed quality assessment (Score: 20)
2025-07-27 12:38:45,947 - EnhancedCBTCollector - INFO - Starting enhanced collection from nhs_cbt: https://www.nhs.uk/mental-health/talking-therapies-medicine-treatments/talking-therapies-and-counselling/nhs-talking-therapies/
2025-07-27 12:38:45,980 - EnhancedCBTCollector - INFO - Collected high-quality content from https://www.nhs.uk/mental-health/talking-therapies-medicine-treatments/talking-therapies-and-counselling/nhs-talking-therapies/ (Score: 70)
2025-07-27 12:38:47,989 - EnhancedCBTCollector - INFO - Starting enhanced collection from nhs_cbt: https://www.nhs.uk/mental-health/talking-therapies-medicine-treatments/
2025-07-27 12:38:48,022 - EnhancedCBTCollector - WARNING - Content from https://www.nhs.uk/mental-health/talking-therapies-medicine-treatments/ failed quality assessment (Score: 20)
2025-07-27 12:38:50,029 - EnhancedCBTCollector - INFO - Starting enhanced collection from nhs_cbt: https://www.nhs.uk/mental-health/talking-therapies-medicine-treatments/talking-therapies-and-counselling/nhs-talking-therapies/
2025-07-27 12:38:50,061 - EnhancedCBTCollector - INFO - Collected high-quality content from https://www.nhs.uk/mental-health/talking-therapies-medicine-treatments/talking-therapies-and-counselling/nhs-talking-therapies/ (Score: 70)
2025-07-27 12:38:52,074 - EnhancedCBTCollector - INFO - Starting enhanced collection from nhs_cbt: https://www.nhs.uk/mental-health/talking-therapies-medicine-treatments/
2025-07-27 12:38:52,102 - EnhancedCBTCollector - WARNING - Content from https://www.nhs.uk/mental-health/talking-therapies-medicine-treatments/ failed quality assessment (Score: 20)
2025-07-27 12:38:54,106 - EnhancedCBTCollector - INFO - Starting enhanced collection from nhs_cbt: https://www.nhs.uk/mental-health/talking-therapies-medicine-treatments/talking-therapies-and-counselling/nhs-talking-therapies/
2025-07-27 12:38:54,138 - EnhancedCBTCollector - INFO - Collected high-quality content from https://www.nhs.uk/mental-health/talking-therapies-medicine-treatments/talking-therapies-and-counselling/nhs-talking-therapies/ (Score: 70)
2025-07-27 12:38:56,144 - EnhancedCBTCollector - INFO - Starting enhanced collection from nhs_cbt: https://www.nhs.uk/mental-health/talking-therapies-medicine-treatments/
2025-07-27 12:38:56,172 - EnhancedCBTCollector - WARNING - Content from https://www.nhs.uk/mental-health/talking-therapies-medicine-treatments/ failed quality assessment (Score: 20)
2025-07-27 12:38:58,186 - EnhancedCBTCollector - INFO - Starting enhanced collection from nhs_cbt: https://www.nhs.uk/mental-health/talking-therapies-medicine-treatments/talking-therapies-and-counselling/nhs-talking-therapies/
2025-07-27 12:38:58,244 - EnhancedCBTCollector - INFO - Collected high-quality content from https://www.nhs.uk/mental-health/talking-therapies-medicine-treatments/talking-therapies-and-counselling/nhs-talking-therapies/ (Score: 70)
2025-07-27 12:39:00,248 - EnhancedCBTCollector - INFO - Starting enhanced collection from nhs_cbt: https://www.nhs.uk/mental-health/talking-therapies-medicine-treatments/
2025-07-27 12:39:00,302 - EnhancedCBTCollector - WARNING - Content from https://www.nhs.uk/mental-health/talking-therapies-medicine-treatments/ failed quality assessment (Score: 20)
2025-07-27 12:39:02,305 - EnhancedCBTCollector - INFO - Starting enhanced collection from nhs_cbt: https://www.nhs.uk/mental-health/talking-therapies-medicine-treatments/talking-therapies-and-counselling/nhs-talking-therapies/
2025-07-27 12:39:02,338 - EnhancedCBTCollector - INFO - Collected high-quality content from https://www.nhs.uk/mental-health/talking-therapies-medicine-treatments/talking-therapies-and-counselling/nhs-talking-therapies/ (Score: 70)
2025-07-27 12:39:04,344 - EnhancedCBTCollector - INFO - Starting enhanced collection from nhs_cbt: https://www.nhs.uk/mental-health/talking-therapies-medicine-treatments/
2025-07-27 12:39:04,397 - EnhancedCBTCollector - WARNING - Content from https://www.nhs.uk/mental-health/talking-therapies-medicine-treatments/ failed quality assessment (Score: 20)
2025-07-27 12:39:06,413 - EnhancedCBTCollector - INFO - Starting enhanced collection from nhs_cbt: https://www.nhs.uk/mental-health/talking-therapies-medicine-treatments/talking-therapies-and-counselling/nhs-talking-therapies/
2025-07-27 12:39:06,445 - EnhancedCBTCollector - INFO - Collected high-quality content from https://www.nhs.uk/mental-health/talking-therapies-medicine-treatments/talking-therapies-and-counselling/nhs-talking-therapies/ (Score: 70)
2025-07-27 12:39:08,454 - EnhancedCBTCollector - INFO - Starting enhanced collection from nhs_cbt: https://www.nhs.uk/mental-health/talking-therapies-medicine-treatments/
2025-07-27 12:39:08,508 - EnhancedCBTCollector - WARNING - Content from https://www.nhs.uk/mental-health/talking-therapies-medicine-treatments/ failed quality assessment (Score: 20)
2025-07-27 12:39:10,510 - EnhancedCBTCollector - INFO - Starting enhanced collection from nhs_cbt: https://www.nhs.uk/mental-health/talking-therapies-medicine-treatments/talking-therapies-and-counselling/nhs-talking-therapies/
2025-07-27 12:39:10,542 - EnhancedCBTCollector - INFO - Collected high-quality content from https://www.nhs.uk/mental-health/talking-therapies-medicine-treatments/talking-therapies-and-counselling/nhs-talking-therapies/ (Score: 70)
2025-07-27 12:39:12,544 - EnhancedCBTCollector - INFO - Starting enhanced collection from nhs_cbt: https://www.nhs.uk/mental-health/talking-therapies-medicine-treatments/
2025-07-27 12:39:12,573 - EnhancedCBTCollector - WARNING - Content from https://www.nhs.uk/mental-health/talking-therapies-medicine-treatments/ failed quality assessment (Score: 20)
2025-07-27 12:39:14,581 - EnhancedCBTCollector - INFO - Starting enhanced collection from nhs_cbt: https://www.nhs.uk/mental-health/talking-therapies-medicine-treatments/talking-therapies-and-counselling/nhs-talking-therapies/
2025-07-27 12:39:14,615 - EnhancedCBTCollector - INFO - Collected high-quality content from https://www.nhs.uk/mental-health/talking-therapies-medicine-treatments/talking-therapies-and-counselling/nhs-talking-therapies/ (Score: 70)
2025-07-27 12:39:16,624 - EnhancedCBTCollector - INFO - Starting enhanced collection from nhs_cbt: https://www.nhs.uk/mental-health/talking-therapies-medicine-treatments/
2025-07-27 12:39:16,676 - EnhancedCBTCollector - WARNING - Content from https://www.nhs.uk/mental-health/talking-therapies-medicine-treatments/ failed quality assessment (Score: 20)
2025-07-27 12:39:18,678 - EnhancedCBTCollector - INFO - Starting enhanced collection from nhs_cbt: https://www.nhs.uk/mental-health/talking-therapies-medicine-treatments/talking-therapies-and-counselling/nhs-talking-therapies/
2025-07-27 12:39:18,711 - EnhancedCBTCollector - INFO - Collected high-quality content from https://www.nhs.uk/mental-health/talking-therapies-medicine-treatments/talking-therapies-and-counselling/nhs-talking-therapies/ (Score: 70)
2025-07-27 12:39:20,718 - EnhancedCBTCollector - INFO - Starting enhanced collection from nhs_cbt: https://www.nhs.uk/mental-health/talking-therapies-medicine-treatments/
2025-07-27 12:39:20,772 - EnhancedCBTCollector - WARNING - Content from https://www.nhs.uk/mental-health/talking-therapies-medicine-treatments/ failed quality assessment (Score: 20)
2025-07-27 12:39:22,773 - EnhancedCBTCollector - INFO - Starting enhanced collection from nhs_cbt: https://www.nhs.uk/mental-health/talking-therapies-medicine-treatments/talking-therapies-and-counselling/nhs-talking-therapies/
2025-07-27 12:39:22,805 - EnhancedCBTCollector - INFO - Collected high-quality content from https://www.nhs.uk/mental-health/talking-therapies-medicine-treatments/talking-therapies-and-counselling/nhs-talking-therapies/ (Score: 70)
2025-07-27 12:39:24,813 - EnhancedCBTCollector - INFO - Starting enhanced collection from nhs_cbt: https://www.nhs.uk/mental-health/talking-therapies-medicine-treatments/
2025-07-27 12:39:24,841 - EnhancedCBTCollector - WARNING - Content from https://www.nhs.uk/mental-health/talking-therapies-medicine-treatments/ failed quality assessment (Score: 20)
2025-07-27 12:39:26,854 - EnhancedCBTCollector - INFO - Starting enhanced collection from nhs_cbt: https://www.nhs.uk/mental-health/talking-therapies-medicine-treatments/talking-therapies-and-counselling/nhs-talking-therapies/
2025-07-27 12:39:26,911 - EnhancedCBTCollector - INFO - Collected high-quality content from https://www.nhs.uk/mental-health/talking-therapies-medicine-treatments/talking-therapies-and-counselling/nhs-talking-therapies/ (Score: 70)
2025-07-27 12:39:28,923 - EnhancedCBTCollector - INFO - Starting enhanced collection from nhs_cbt: https://www.nhs.uk/mental-health/talking-therapies-medicine-treatments/
2025-07-27 12:39:28,959 - EnhancedCBTCollector - WARNING - Content from https://www.nhs.uk/mental-health/talking-therapies-medicine-treatments/ failed quality assessment (Score: 20)
2025-07-27 12:39:30,962 - EnhancedCBTCollector - INFO - Starting enhanced collection from nhs_cbt: https://www.nhs.uk/mental-health/talking-therapies-medicine-treatments/talking-therapies-and-counselling/nhs-talking-therapies/
2025-07-27 12:39:31,002 - EnhancedCBTCollector - INFO - Collected high-quality content from https://www.nhs.uk/mental-health/talking-therapies-medicine-treatments/talking-therapies-and-counselling/nhs-talking-therapies/ (Score: 70)
2025-07-27 12:39:33,018 - EnhancedCBTCollector - INFO - Starting enhanced collection from nhs_cbt: https://www.nhs.uk/mental-health/talking-therapies-medicine-treatments/
2025-07-27 12:39:33,072 - EnhancedCBTCollector - WARNING - Content from https://www.nhs.uk/mental-health/talking-therapies-medicine-treatments/ failed quality assessment (Score: 20)
2025-07-27 12:39:35,078 - EnhancedCBTCollector - INFO - Starting enhanced collection from nhs_cbt: https://www.nhs.uk/mental-health/talking-therapies-medicine-treatments/talking-therapies-and-counselling/nhs-talking-therapies/
2025-07-27 12:39:35,136 - EnhancedCBTCollector - INFO - Collected high-quality content from https://www.nhs.uk/mental-health/talking-therapies-medicine-treatments/talking-therapies-and-counselling/nhs-talking-therapies/ (Score: 70)
2025-07-27 12:39:37,148 - EnhancedCBTCollector - INFO - Starting enhanced collection from nhs_cbt: https://www.nhs.uk/mental-health/talking-therapies-medicine-treatments/
2025-07-27 12:39:37,201 - EnhancedCBTCollector - WARNING - Content from https://www.nhs.uk/mental-health/talking-therapies-medicine-treatments/ failed quality assessment (Score: 20)
2025-07-27 12:39:39,216 - EnhancedCBTCollector - INFO - Starting enhanced collection from nhs_cbt: https://www.nhs.uk/mental-health/talking-therapies-medicine-treatments/talking-therapies-and-counselling/nhs-talking-therapies/
2025-07-27 12:39:39,272 - EnhancedCBTCollector - INFO - Collected high-quality content from https://www.nhs.uk/mental-health/talking-therapies-medicine-treatments/talking-therapies-and-counselling/nhs-talking-therapies/ (Score: 70)
2025-07-27 12:39:41,288 - EnhancedCBTCollector - INFO - Starting enhanced collection from nhs_cbt: https://www.nhs.uk/mental-health/talking-therapies-medicine-treatments/
2025-07-27 12:39:41,347 - EnhancedCBTCollector - WARNING - Content from https://www.nhs.uk/mental-health/talking-therapies-medicine-treatments/ failed quality assessment (Score: 20)
2025-07-27 12:39:43,355 - EnhancedCBTCollector - INFO - Starting enhanced collection from nhs_cbt: https://www.nhs.uk/mental-health/talking-therapies-medicine-treatments/talking-therapies-and-counselling/nhs-talking-therapies/
2025-07-27 12:39:43,387 - EnhancedCBTCollector - INFO - Collected high-quality content from https://www.nhs.uk/mental-health/talking-therapies-medicine-treatments/talking-therapies-and-counselling/nhs-talking-therapies/ (Score: 70)
2025-07-27 12:39:45,396 - EnhancedCBTCollector - INFO - Starting enhanced collection from nhs_cbt: https://www.nhs.uk/mental-health/talking-therapies-medicine-treatments/
2025-07-27 12:39:45,425 - EnhancedCBTCollector - WARNING - Content from https://www.nhs.uk/mental-health/talking-therapies-medicine-treatments/ failed quality assessment (Score: 20)
2025-07-27 12:39:47,432 - EnhancedCBTCollector - INFO - Starting enhanced collection from nhs_cbt: https://www.nhs.uk/mental-health/talking-therapies-medicine-treatments/talking-therapies-and-counselling/nhs-talking-therapies/
2025-07-27 12:39:47,489 - EnhancedCBTCollector - INFO - Collected high-quality content from https://www.nhs.uk/mental-health/talking-therapies-medicine-treatments/talking-therapies-and-counselling/nhs-talking-therapies/ (Score: 70)
2025-07-27 12:39:49,493 - EnhancedCBTCollector - INFO - Starting enhanced collection from nhs_cbt: https://www.nhs.uk/mental-health/talking-therapies-medicine-treatments/
2025-07-27 12:39:49,520 - EnhancedCBTCollector - WARNING - Content from https://www.nhs.uk/mental-health/talking-therapies-medicine-treatments/ failed quality assessment (Score: 20)
2025-07-27 12:39:51,533 - EnhancedCBTCollector - INFO - Starting enhanced collection from nhs_cbt: https://www.nhs.uk/mental-health/talking-therapies-medicine-treatments/talking-therapies-and-counselling/nhs-talking-therapies/
2025-07-27 12:39:51,571 - EnhancedCBTCollector - INFO - Collected high-quality content from https://www.nhs.uk/mental-health/talking-therapies-medicine-treatments/talking-therapies-and-counselling/nhs-talking-therapies/ (Score: 70)
2025-07-27 12:39:53,572 - EnhancedCBTCollector - INFO - Starting enhanced collection from nhs_cbt: https://www.nhs.uk/mental-health/talking-therapies-medicine-treatments/
2025-07-27 12:39:53,599 - EnhancedCBTCollector - WARNING - Content from https://www.nhs.uk/mental-health/talking-therapies-medicine-treatments/ failed quality assessment (Score: 20)
2025-07-27 12:39:55,610 - EnhancedCBTCollector - INFO - Starting enhanced collection from nhs_cbt: https://www.nhs.uk/mental-health/talking-therapies-medicine-treatments/talking-therapies-and-counselling/nhs-talking-therapies/
2025-07-27 12:39:55,643 - EnhancedCBTCollector - INFO - Collected high-quality content from https://www.nhs.uk/mental-health/talking-therapies-medicine-treatments/talking-therapies-and-counselling/nhs-talking-therapies/ (Score: 70)
2025-07-27 12:39:57,646 - EnhancedCBTCollector - INFO - Starting enhanced collection from nhs_cbt: https://www.nhs.uk/mental-health/talking-therapies-medicine-treatments/
2025-07-27 12:39:57,683 - EnhancedCBTCollector - WARNING - Content from https://www.nhs.uk/mental-health/talking-therapies-medicine-treatments/ failed quality assessment (Score: 20)
2025-07-27 12:39:59,692 - EnhancedCBTCollector - INFO - Starting enhanced collection from nhs_cbt: https://www.nhs.uk/mental-health/talking-therapies-medicine-treatments/talking-therapies-and-counselling/nhs-talking-therapies/
2025-07-27 12:39:59,728 - EnhancedCBTCollector - INFO - Collected high-quality content from https://www.nhs.uk/mental-health/talking-therapies-medicine-treatments/talking-therapies-and-counselling/nhs-talking-therapies/ (Score: 70)
2025-07-27 12:40:01,735 - EnhancedCBTCollector - INFO - Starting enhanced collection from nhs_cbt: https://www.nhs.uk/mental-health/talking-therapies-medicine-treatments/
2025-07-27 12:40:01,773 - EnhancedCBTCollector - WARNING - Content from https://www.nhs.uk/mental-health/talking-therapies-medicine-treatments/ failed quality assessment (Score: 20)
2025-07-27 12:40:03,778 - EnhancedCBTCollector - INFO - Starting enhanced collection from nhs_cbt: https://www.nhs.uk/mental-health/talking-therapies-medicine-treatments/talking-therapies-and-counselling/nhs-talking-therapies/
2025-07-27 12:40:03,811 - EnhancedCBTCollector - INFO - Collected high-quality content from https://www.nhs.uk/mental-health/talking-therapies-medicine-treatments/talking-therapies-and-counselling/nhs-talking-therapies/ (Score: 70)
2025-07-27 12:40:05,818 - EnhancedCBTCollector - INFO - Starting enhanced collection from nhs_cbt: https://www.nhs.uk/mental-health/talking-therapies-medicine-treatments/
2025-07-27 12:40:05,845 - EnhancedCBTCollector - WARNING - Content from https://www.nhs.uk/mental-health/talking-therapies-medicine-treatments/ failed quality assessment (Score: 20)
2025-07-27 12:40:07,847 - EnhancedCBTCollector - INFO - Starting enhanced collection from nhs_cbt: https://www.nhs.uk/mental-health/talking-therapies-medicine-treatments/talking-therapies-and-counselling/nhs-talking-therapies/
2025-07-27 12:40:07,880 - EnhancedCBTCollector - INFO - Collected high-quality content from https://www.nhs.uk/mental-health/talking-therapies-medicine-treatments/talking-therapies-and-counselling/nhs-talking-therapies/ (Score: 70)
2025-07-27 12:40:09,890 - EnhancedCBTCollector - INFO - Starting enhanced collection from nhs_cbt: https://www.nhs.uk/mental-health/talking-therapies-medicine-treatments/
2025-07-27 12:40:09,923 - EnhancedCBTCollector - WARNING - Content from https://www.nhs.uk/mental-health/talking-therapies-medicine-treatments/ failed quality assessment (Score: 20)
2025-07-27 12:40:11,936 - EnhancedCBTCollector - INFO - Starting enhanced collection from nhs_cbt: https://www.nhs.uk/mental-health/talking-therapies-medicine-treatments/talking-therapies-and-counselling/nhs-talking-therapies/
2025-07-27 12:40:11,971 - EnhancedCBTCollector - INFO - Collected high-quality content from https://www.nhs.uk/mental-health/talking-therapies-medicine-treatments/talking-therapies-and-counselling/nhs-talking-therapies/ (Score: 70)
2025-07-27 12:40:13,980 - EnhancedCBTCollector - INFO - Starting enhanced collection from nhs_cbt: https://www.nhs.uk/mental-health/talking-therapies-medicine-treatments/
2025-07-27 12:40:14,033 - EnhancedCBTCollector - WARNING - Content from https://www.nhs.uk/mental-health/talking-therapies-medicine-treatments/ failed quality assessment (Score: 20)
2025-07-27 12:40:16,050 - EnhancedCBTCollector - INFO - Starting enhanced collection from nhs_cbt: https://www.nhs.uk/mental-health/talking-therapies-medicine-treatments/talking-therapies-and-counselling/nhs-talking-therapies/
2025-07-27 12:40:16,082 - EnhancedCBTCollector - INFO - Collected high-quality content from https://www.nhs.uk/mental-health/talking-therapies-medicine-treatments/talking-therapies-and-counselling/nhs-talking-therapies/ (Score: 70)
2025-07-27 12:40:18,088 - EnhancedCBTCollector - INFO - Starting enhanced collection from nhs_cbt: https://www.nhs.uk/mental-health/talking-therapies-medicine-treatments/
2025-07-27 12:40:18,116 - EnhancedCBTCollector - WARNING - Content from https://www.nhs.uk/mental-health/talking-therapies-medicine-treatments/ failed quality assessment (Score: 20)
2025-07-27 12:40:20,123 - EnhancedCBTCollector - INFO - Starting enhanced collection from nhs_cbt: https://www.nhs.uk/mental-health/talking-therapies-medicine-treatments/talking-therapies-and-counselling/nhs-talking-therapies/
2025-07-27 12:40:20,155 - EnhancedCBTCollector - INFO - Collected high-quality content from https://www.nhs.uk/mental-health/talking-therapies-medicine-treatments/talking-therapies-and-counselling/nhs-talking-therapies/ (Score: 70)
2025-07-27 12:40:22,171 - EnhancedCBTCollector - INFO - Starting enhanced collection from nhs_cbt: https://www.nhs.uk/mental-health/talking-therapies-medicine-treatments/
2025-07-27 12:40:22,198 - EnhancedCBTCollector - WARNING - Content from https://www.nhs.uk/mental-health/talking-therapies-medicine-treatments/ failed quality assessment (Score: 20)
2025-07-27 12:40:24,204 - EnhancedCBTCollector - INFO - Starting enhanced collection from nhs_cbt: https://www.nhs.uk/mental-health/talking-therapies-medicine-treatments/talking-therapies-and-counselling/nhs-talking-therapies/
2025-07-27 12:40:24,262 - EnhancedCBTCollector - INFO - Collected high-quality content from https://www.nhs.uk/mental-health/talking-therapies-medicine-treatments/talking-therapies-and-counselling/nhs-talking-therapies/ (Score: 70)
2025-07-27 12:40:26,273 - EnhancedCBTCollector - INFO - Starting enhanced collection from nhs_cbt: https://www.nhs.uk/mental-health/talking-therapies-medicine-treatments/
2025-07-27 12:40:26,301 - EnhancedCBTCollector - WARNING - Content from https://www.nhs.uk/mental-health/talking-therapies-medicine-treatments/ failed quality assessment (Score: 20)
2025-07-27 12:40:28,314 - EnhancedCBTCollector - INFO - Starting enhanced collection from nhs_cbt: https://www.nhs.uk/mental-health/talking-therapies-medicine-treatments/talking-therapies-and-counselling/nhs-talking-therapies/
2025-07-27 12:40:28,348 - EnhancedCBTCollector - INFO - Collected high-quality content from https://www.nhs.uk/mental-health/talking-therapies-medicine-treatments/talking-therapies-and-counselling/nhs-talking-therapies/ (Score: 70)
2025-07-27 12:40:30,356 - EnhancedCBTCollector - INFO - Starting enhanced collection from nhs_cbt: https://www.nhs.uk/mental-health/talking-therapies-medicine-treatments/
2025-07-27 12:40:30,388 - EnhancedCBTCollector - WARNING - Content from https://www.nhs.uk/mental-health/talking-therapies-medicine-treatments/ failed quality assessment (Score: 20)
2025-07-27 12:40:32,399 - EnhancedCBTCollector - INFO - Starting enhanced collection from nhs_cbt: https://www.nhs.uk/mental-health/talking-therapies-medicine-treatments/talking-therapies-and-counselling/nhs-talking-therapies/
2025-07-27 12:40:32,431 - EnhancedCBTCollector - INFO - Collected high-quality content from https://www.nhs.uk/mental-health/talking-therapies-medicine-treatments/talking-therapies-and-counselling/nhs-talking-therapies/ (Score: 70)
2025-07-27 12:40:34,443 - EnhancedCBTCollector - INFO - Starting enhanced collection from nhs_cbt: https://www.nhs.uk/mental-health/talking-therapies-medicine-treatments/
2025-07-27 12:40:34,496 - EnhancedCBTCollector - WARNING - Content from https://www.nhs.uk/mental-health/talking-therapies-medicine-treatments/ failed quality assessment (Score: 20)
2025-07-27 12:40:36,508 - EnhancedCBTCollector - INFO - Starting enhanced collection from nhs_cbt: https://www.nhs.uk/mental-health/talking-therapies-medicine-treatments/talking-therapies-and-counselling/nhs-talking-therapies/
2025-07-27 12:40:36,565 - EnhancedCBTCollector - INFO - Collected high-quality content from https://www.nhs.uk/mental-health/talking-therapies-medicine-treatments/talking-therapies-and-counselling/nhs-talking-therapies/ (Score: 70)
2025-07-27 12:40:38,568 - EnhancedCBTCollector - INFO - Starting enhanced collection from nhs_cbt: https://www.nhs.uk/mental-health/talking-therapies-medicine-treatments/
2025-07-27 12:40:38,596 - EnhancedCBTCollector - WARNING - Content from https://www.nhs.uk/mental-health/talking-therapies-medicine-treatments/ failed quality assessment (Score: 20)
2025-07-27 12:40:40,606 - EnhancedCBTCollector - INFO - Starting enhanced collection from nhs_cbt: https://www.nhs.uk/mental-health/talking-therapies-medicine-treatments/talking-therapies-and-counselling/nhs-talking-therapies/
2025-07-27 12:40:40,638 - EnhancedCBTCollector - INFO - Collected high-quality content from https://www.nhs.uk/mental-health/talking-therapies-medicine-treatments/talking-therapies-and-counselling/nhs-talking-therapies/ (Score: 70)
2025-07-27 12:40:42,644 - EnhancedCBTCollector - INFO - Starting enhanced collection from nhs_cbt: https://www.nhs.uk/mental-health/talking-therapies-medicine-treatments/
2025-07-27 12:40:42,671 - EnhancedCBTCollector - WARNING - Content from https://www.nhs.uk/mental-health/talking-therapies-medicine-treatments/ failed quality assessment (Score: 20)
2025-07-27 12:40:44,678 - EnhancedCBTCollector - INFO - Starting enhanced collection from nhs_cbt: https://www.nhs.uk/mental-health/talking-therapies-medicine-treatments/talking-therapies-and-counselling/nhs-talking-therapies/
2025-07-27 12:40:44,710 - EnhancedCBTCollector - INFO - Collected high-quality content from https://www.nhs.uk/mental-health/talking-therapies-medicine-treatments/talking-therapies-and-counselling/nhs-talking-therapies/ (Score: 70)
2025-07-27 12:40:46,722 - EnhancedCBTCollector - INFO - Starting enhanced collection from nhs_cbt: https://www.nhs.uk/mental-health/talking-therapies-medicine-treatments/
2025-07-27 12:40:46,754 - EnhancedCBTCollector - WARNING - Content from https://www.nhs.uk/mental-health/talking-therapies-medicine-treatments/ failed quality assessment (Score: 20)
2025-07-27 12:40:48,757 - EnhancedCBTCollector - INFO - Starting enhanced collection from nhs_cbt: https://www.nhs.uk/mental-health/talking-therapies-medicine-treatments/talking-therapies-and-counselling/nhs-talking-therapies/
2025-07-27 12:40:48,815 - EnhancedCBTCollector - INFO - Collected high-quality content from https://www.nhs.uk/mental-health/talking-therapies-medicine-treatments/talking-therapies-and-counselling/nhs-talking-therapies/ (Score: 70)
2025-07-27 12:40:50,830 - EnhancedCBTCollector - INFO - Starting enhanced collection from nhs_cbt: https://www.nhs.uk/mental-health/talking-therapies-medicine-treatments/
2025-07-27 12:40:50,858 - EnhancedCBTCollector - WARNING - Content from https://www.nhs.uk/mental-health/talking-therapies-medicine-treatments/ failed quality assessment (Score: 20)
2025-07-27 12:40:52,861 - EnhancedCBTCollector - INFO - Starting enhanced collection from nhs_cbt: https://www.nhs.uk/mental-health/talking-therapies-medicine-treatments/talking-therapies-and-counselling/nhs-talking-therapies/
2025-07-27 12:40:52,893 - EnhancedCBTCollector - INFO - Collected high-quality content from https://www.nhs.uk/mental-health/talking-therapies-medicine-treatments/talking-therapies-and-counselling/nhs-talking-therapies/ (Score: 70)
2025-07-27 12:40:54,899 - EnhancedCBTCollector - INFO - Starting enhanced collection from nhs_cbt: https://www.nhs.uk/mental-health/talking-therapies-medicine-treatments/
2025-07-27 12:40:54,933 - EnhancedCBTCollector - WARNING - Content from https://www.nhs.uk/mental-health/talking-therapies-medicine-treatments/ failed quality assessment (Score: 20)
2025-07-27 12:40:56,942 - EnhancedCBTCollector - INFO - Starting enhanced collection from nhs_cbt: https://www.nhs.uk/mental-health/talking-therapies-medicine-treatments/talking-therapies-and-counselling/nhs-talking-therapies/
2025-07-27 12:40:56,983 - EnhancedCBTCollector - INFO - Collected high-quality content from https://www.nhs.uk/mental-health/talking-therapies-medicine-treatments/talking-therapies-and-counselling/nhs-talking-therapies/ (Score: 70)
2025-07-27 12:40:58,986 - EnhancedCBTCollector - INFO - Starting enhanced collection from nhs_cbt: https://www.nhs.uk/mental-health/talking-therapies-medicine-treatments/
2025-07-27 12:40:59,014 - EnhancedCBTCollector - WARNING - Content from https://www.nhs.uk/mental-health/talking-therapies-medicine-treatments/ failed quality assessment (Score: 20)
2025-07-27 12:41:01,029 - EnhancedCBTCollector - INFO - Starting enhanced collection from nhs_cbt: https://www.nhs.uk/mental-health/talking-therapies-medicine-treatments/talking-therapies-and-counselling/nhs-talking-therapies/
2025-07-27 12:41:01,066 - EnhancedCBTCollector - INFO - Collected high-quality content from https://www.nhs.uk/mental-health/talking-therapies-medicine-treatments/talking-therapies-and-counselling/nhs-talking-therapies/ (Score: 70)
2025-07-27 12:41:03,073 - EnhancedCBTCollector - INFO - Starting enhanced collection from nhs_cbt: https://www.nhs.uk/mental-health/talking-therapies-medicine-treatments/
2025-07-27 12:41:03,100 - EnhancedCBTCollector - WARNING - Content from https://www.nhs.uk/mental-health/talking-therapies-medicine-treatments/ failed quality assessment (Score: 20)
2025-07-27 12:41:05,107 - EnhancedCBTCollector - INFO - Starting enhanced collection from nhs_cbt: https://www.nhs.uk/mental-health/talking-therapies-medicine-treatments/talking-therapies-and-counselling/nhs-talking-therapies/
2025-07-27 12:41:05,141 - EnhancedCBTCollector - INFO - Collected high-quality content from https://www.nhs.uk/mental-health/talking-therapies-medicine-treatments/talking-therapies-and-counselling/nhs-talking-therapies/ (Score: 70)
2025-07-27 12:41:07,148 - EnhancedCBTCollector - INFO - Starting enhanced collection from nhs_cbt: https://www.nhs.uk/mental-health/talking-therapies-medicine-treatments/
2025-07-27 12:41:07,177 - EnhancedCBTCollector - WARNING - Content from https://www.nhs.uk/mental-health/talking-therapies-medicine-treatments/ failed quality assessment (Score: 20)
2025-07-27 12:41:09,183 - EnhancedCBTCollector - INFO - Starting enhanced collection from nhs_cbt: https://www.nhs.uk/mental-health/talking-therapies-medicine-treatments/talking-therapies-and-counselling/nhs-talking-therapies/
2025-07-27 12:41:09,215 - EnhancedCBTCollector - INFO - Collected high-quality content from https://www.nhs.uk/mental-health/talking-therapies-medicine-treatments/talking-therapies-and-counselling/nhs-talking-therapies/ (Score: 70)
2025-07-27 12:41:11,220 - EnhancedCBTCollector - INFO - Starting enhanced collection from nhs_cbt: https://www.nhs.uk/mental-health/talking-therapies-medicine-treatments/
2025-07-27 12:41:11,248 - EnhancedCBTCollector - WARNING - Content from https://www.nhs.uk/mental-health/talking-therapies-medicine-treatments/ failed quality assessment (Score: 20)
2025-07-27 12:41:13,255 - EnhancedCBTCollector - INFO - Starting enhanced collection from nhs_cbt: https://www.nhs.uk/mental-health/talking-therapies-medicine-treatments/talking-therapies-and-counselling/nhs-talking-therapies/
2025-07-27 12:41:13,290 - EnhancedCBTCollector - INFO - Collected high-quality content from https://www.nhs.uk/mental-health/talking-therapies-medicine-treatments/talking-therapies-and-counselling/nhs-talking-therapies/ (Score: 70)
2025-07-27 12:41:15,294 - EnhancedCBTCollector - INFO - Starting enhanced collection from nhs_cbt: https://www.nhs.uk/mental-health/talking-therapies-medicine-treatments/
2025-07-27 12:41:15,321 - EnhancedCBTCollector - WARNING - Content from https://www.nhs.uk/mental-health/talking-therapies-medicine-treatments/ failed quality assessment (Score: 20)
2025-07-27 12:41:17,332 - EnhancedCBTCollector - INFO - Starting enhanced collection from nhs_cbt: https://www.nhs.uk/mental-health/talking-therapies-medicine-treatments/talking-therapies-and-counselling/nhs-talking-therapies/
2025-07-27 12:41:17,372 - EnhancedCBTCollector - INFO - Collected high-quality content from https://www.nhs.uk/mental-health/talking-therapies-medicine-treatments/talking-therapies-and-counselling/nhs-talking-therapies/ (Score: 70)
2025-07-27 12:41:19,385 - EnhancedCBTCollector - INFO - Starting enhanced collection from nhs_cbt: https://www.nhs.uk/mental-health/talking-therapies-medicine-treatments/
2025-07-27 12:41:19,414 - EnhancedCBTCollector - WARNING - Content from https://www.nhs.uk/mental-health/talking-therapies-medicine-treatments/ failed quality assessment (Score: 20)
2025-07-27 12:41:21,423 - EnhancedCBTCollector - INFO - Starting enhanced collection from nhs_cbt: https://www.nhs.uk/mental-health/talking-therapies-medicine-treatments/talking-therapies-and-counselling/nhs-talking-therapies/
2025-07-27 12:41:21,456 - EnhancedCBTCollector - INFO - Collected high-quality content from https://www.nhs.uk/mental-health/talking-therapies-medicine-treatments/talking-therapies-and-counselling/nhs-talking-therapies/ (Score: 70)
2025-07-27 12:41:23,471 - EnhancedCBTCollector - INFO - Starting enhanced collection from nhs_cbt: https://www.nhs.uk/mental-health/talking-therapies-medicine-treatments/
2025-07-27 12:41:23,499 - EnhancedCBTCollector - WARNING - Content from https://www.nhs.uk/mental-health/talking-therapies-medicine-treatments/ failed quality assessment (Score: 20)
2025-07-27 12:41:25,510 - EnhancedCBTCollector - INFO - Starting enhanced collection from nhs_cbt: https://www.nhs.uk/mental-health/talking-therapies-medicine-treatments/talking-therapies-and-counselling/nhs-talking-therapies/
2025-07-27 12:41:25,551 - EnhancedCBTCollector - INFO - Collected high-quality content from https://www.nhs.uk/mental-health/talking-therapies-medicine-treatments/talking-therapies-and-counselling/nhs-talking-therapies/ (Score: 70)
2025-07-27 12:41:27,567 - EnhancedCBTCollector - INFO - Starting enhanced collection from nhs_cbt: https://www.nhs.uk/mental-health/talking-therapies-medicine-treatments/
2025-07-27 12:41:27,595 - EnhancedCBTCollector - WARNING - Content from https://www.nhs.uk/mental-health/talking-therapies-medicine-treatments/ failed quality assessment (Score: 20)
2025-07-27 12:41:29,598 - EnhancedCBTCollector - INFO - Starting enhanced collection from nhs_cbt: https://www.nhs.uk/mental-health/talking-therapies-medicine-treatments/talking-therapies-and-counselling/nhs-talking-therapies/
2025-07-27 12:41:29,633 - EnhancedCBTCollector - INFO - Collected high-quality content from https://www.nhs.uk/mental-health/talking-therapies-medicine-treatments/talking-therapies-and-counselling/nhs-talking-therapies/ (Score: 70)
2025-07-27 12:41:31,640 - EnhancedCBTCollector - INFO - Starting enhanced collection from nhs_cbt: https://www.nhs.uk/mental-health/talking-therapies-medicine-treatments/
2025-07-27 12:41:31,670 - EnhancedCBTCollector - WARNING - Content from https://www.nhs.uk/mental-health/talking-therapies-medicine-treatments/ failed quality assessment (Score: 20)
2025-07-27 12:41:33,675 - EnhancedCBTCollector - INFO - Starting enhanced collection from nhs_cbt: https://www.nhs.uk/mental-health/talking-therapies-medicine-treatments/talking-therapies-and-counselling/nhs-talking-therapies/
2025-07-27 12:41:33,709 - EnhancedCBTCollector - INFO - Collected high-quality content from https://www.nhs.uk/mental-health/talking-therapies-medicine-treatments/talking-therapies-and-counselling/nhs-talking-therapies/ (Score: 70)
2025-07-27 12:41:35,712 - EnhancedCBTCollector - INFO - Starting enhanced collection from nhs_cbt: https://www.nhs.uk/mental-health/talking-therapies-medicine-treatments/
2025-07-27 12:41:35,741 - EnhancedCBTCollector - WARNING - Content from https://www.nhs.uk/mental-health/talking-therapies-medicine-treatments/ failed quality assessment (Score: 20)
2025-07-27 12:41:37,756 - EnhancedCBTCollector - INFO - Starting enhanced collection from nhs_cbt: https://www.nhs.uk/mental-health/talking-therapies-medicine-treatments/talking-therapies-and-counselling/nhs-talking-therapies/
2025-07-27 12:41:37,793 - EnhancedCBTCollector - INFO - Collected high-quality content from https://www.nhs.uk/mental-health/talking-therapies-medicine-treatments/talking-therapies-and-counselling/nhs-talking-therapies/ (Score: 70)
2025-07-27 12:41:39,795 - EnhancedCBTCollector - INFO - Starting enhanced collection from nhs_cbt: https://www.nhs.uk/mental-health/talking-therapies-medicine-treatments/
2025-07-27 12:41:39,831 - EnhancedCBTCollector - WARNING - Content from https://www.nhs.uk/mental-health/talking-therapies-medicine-treatments/ failed quality assessment (Score: 20)
2025-07-27 12:41:41,839 - EnhancedCBTCollector - INFO - Starting enhanced collection from nhs_cbt: https://www.nhs.uk/mental-health/talking-therapies-medicine-treatments/talking-therapies-and-counselling/nhs-talking-therapies/
2025-07-27 12:41:41,882 - EnhancedCBTCollector - INFO - Collected high-quality content from https://www.nhs.uk/mental-health/talking-therapies-medicine-treatments/talking-therapies-and-counselling/nhs-talking-therapies/ (Score: 70)
2025-07-27 12:41:43,898 - EnhancedCBTCollector - INFO - Starting enhanced collection from nhs_cbt: https://www.nhs.uk/mental-health/talking-therapies-medicine-treatments/
2025-07-27 12:41:43,925 - EnhancedCBTCollector - WARNING - Content from https://www.nhs.uk/mental-health/talking-therapies-medicine-treatments/ failed quality assessment (Score: 20)
2025-07-27 12:41:45,938 - EnhancedCBTCollector - INFO - Starting enhanced collection from nhs_cbt: https://www.nhs.uk/mental-health/talking-therapies-medicine-treatments/talking-therapies-and-counselling/nhs-talking-therapies/
2025-07-27 12:41:45,988 - EnhancedCBTCollector - INFO - Collected high-quality content from https://www.nhs.uk/mental-health/talking-therapies-medicine-treatments/talking-therapies-and-counselling/nhs-talking-therapies/ (Score: 70)
2025-07-27 12:41:47,994 - EnhancedCBTCollector - INFO - Starting enhanced collection from nhs_cbt: https://www.nhs.uk/mental-health/talking-therapies-medicine-treatments/
2025-07-27 12:41:48,026 - EnhancedCBTCollector - WARNING - Content from https://www.nhs.uk/mental-health/talking-therapies-medicine-treatments/ failed quality assessment (Score: 20)
2025-07-27 12:41:50,034 - EnhancedCBTCollector - INFO - Starting enhanced collection from nhs_cbt: https://www.nhs.uk/mental-health/talking-therapies-medicine-treatments/talking-therapies-and-counselling/nhs-talking-therapies/
2025-07-27 12:41:50,069 - EnhancedCBTCollector - INFO - Collected high-quality content from https://www.nhs.uk/mental-health/talking-therapies-medicine-treatments/talking-therapies-and-counselling/nhs-talking-therapies/ (Score: 70)
2025-07-27 12:41:52,076 - EnhancedCBTCollector - INFO - Starting enhanced collection from nhs_cbt: https://www.nhs.uk/mental-health/talking-therapies-medicine-treatments/
2025-07-27 12:41:52,104 - EnhancedCBTCollector - WARNING - Content from https://www.nhs.uk/mental-health/talking-therapies-medicine-treatments/ failed quality assessment (Score: 20)
2025-07-27 12:41:54,107 - EnhancedCBTCollector - INFO - Starting enhanced collection from nhs_cbt: https://www.nhs.uk/mental-health/talking-therapies-medicine-treatments/talking-therapies-and-counselling/nhs-talking-therapies/
2025-07-27 12:41:54,140 - EnhancedCBTCollector - INFO - Collected high-quality content from https://www.nhs.uk/mental-health/talking-therapies-medicine-treatments/talking-therapies-and-counselling/nhs-talking-therapies/ (Score: 70)
2025-07-27 12:41:56,149 - EnhancedCBTCollector - INFO - Starting enhanced collection from nhs_cbt: https://www.nhs.uk/mental-health/talking-therapies-medicine-treatments/
2025-07-27 12:41:56,178 - EnhancedCBTCollector - WARNING - Content from https://www.nhs.uk/mental-health/talking-therapies-medicine-treatments/ failed quality assessment (Score: 20)
2025-07-27 12:41:58,188 - EnhancedCBTCollector - INFO - Starting enhanced collection from nhs_cbt: https://www.nhs.uk/mental-health/talking-therapies-medicine-treatments/talking-therapies-and-counselling/nhs-talking-therapies/
2025-07-27 12:41:58,221 - EnhancedCBTCollector - INFO - Collected high-quality content from https://www.nhs.uk/mental-health/talking-therapies-medicine-treatments/talking-therapies-and-counselling/nhs-talking-therapies/ (Score: 70)
2025-07-27 12:42:00,231 - EnhancedCBTCollector - INFO - Starting enhanced collection from nhs_cbt: https://www.nhs.uk/mental-health/talking-therapies-medicine-treatments/
2025-07-27 12:42:00,265 - EnhancedCBTCollector - WARNING - Content from https://www.nhs.uk/mental-health/talking-therapies-medicine-treatments/ failed quality assessment (Score: 20)
2025-07-27 12:42:02,270 - EnhancedCBTCollector - INFO - Starting enhanced collection from nhs_cbt: https://www.nhs.uk/mental-health/talking-therapies-medicine-treatments/talking-therapies-and-counselling/nhs-talking-therapies/
2025-07-27 12:42:02,303 - EnhancedCBTCollector - INFO - Collected high-quality content from https://www.nhs.uk/mental-health/talking-therapies-medicine-treatments/talking-therapies-and-counselling/nhs-talking-therapies/ (Score: 70)
2025-07-27 12:42:04,308 - EnhancedCBTCollector - INFO - Starting enhanced collection from nhs_cbt: https://www.nhs.uk/mental-health/talking-therapies-medicine-treatments/
2025-07-27 12:42:04,362 - EnhancedCBTCollector - WARNING - Content from https://www.nhs.uk/mental-health/talking-therapies-medicine-treatments/ failed quality assessment (Score: 20)
2025-07-27 12:42:06,368 - EnhancedCBTCollector - INFO - Starting enhanced collection from nhs_cbt: https://www.nhs.uk/mental-health/talking-therapies-medicine-treatments/talking-therapies-and-counselling/nhs-talking-therapies/
2025-07-27 12:42:06,424 - EnhancedCBTCollector - INFO - Collected high-quality content from https://www.nhs.uk/mental-health/talking-therapies-medicine-treatments/talking-therapies-and-counselling/nhs-talking-therapies/ (Score: 70)
2025-07-27 12:42:08,438 - EnhancedCBTCollector - INFO - Starting enhanced collection from nhs_cbt: https://www.nhs.uk/mental-health/talking-therapies-medicine-treatments/
2025-07-27 12:42:08,467 - EnhancedCBTCollector - WARNING - Content from https://www.nhs.uk/mental-health/talking-therapies-medicine-treatments/ failed quality assessment (Score: 20)
2025-07-27 12:42:10,478 - EnhancedCBTCollector - INFO - Starting enhanced collection from nhs_cbt: https://www.nhs.uk/mental-health/talking-therapies-medicine-treatments/talking-therapies-and-counselling/nhs-talking-therapies/
2025-07-27 12:42:10,510 - EnhancedCBTCollector - INFO - Collected high-quality content from https://www.nhs.uk/mental-health/talking-therapies-medicine-treatments/talking-therapies-and-counselling/nhs-talking-therapies/ (Score: 70)
2025-07-27 12:42:12,518 - EnhancedCBTCollector - INFO - Starting enhanced collection from nhs_cbt: https://www.nhs.uk/mental-health/talking-therapies-medicine-treatments/
2025-07-27 12:42:12,546 - EnhancedCBTCollector - WARNING - Content from https://www.nhs.uk/mental-health/talking-therapies-medicine-treatments/ failed quality assessment (Score: 20)
2025-07-27 12:42:14,559 - EnhancedCBTCollector - INFO - Starting enhanced collection from nhs_cbt: https://www.nhs.uk/mental-health/talking-therapies-medicine-treatments/talking-therapies-and-counselling/nhs-talking-therapies/
2025-07-27 12:42:14,595 - EnhancedCBTCollector - INFO - Collected high-quality content from https://www.nhs.uk/mental-health/talking-therapies-medicine-treatments/talking-therapies-and-counselling/nhs-talking-therapies/ (Score: 70)
2025-07-27 12:42:16,604 - EnhancedCBTCollector - INFO - Starting enhanced collection from nhs_cbt: https://www.nhs.uk/mental-health/talking-therapies-medicine-treatments/
2025-07-27 12:42:16,634 - EnhancedCBTCollector - WARNING - Content from https://www.nhs.uk/mental-health/talking-therapies-medicine-treatments/ failed quality assessment (Score: 20)
2025-07-27 12:42:18,647 - EnhancedCBTCollector - INFO - Starting enhanced collection from nhs_cbt: https://www.nhs.uk/mental-health/talking-therapies-medicine-treatments/talking-therapies-and-counselling/nhs-talking-therapies/
2025-07-27 12:42:18,678 - EnhancedCBTCollector - INFO - Collected high-quality content from https://www.nhs.uk/mental-health/talking-therapies-medicine-treatments/talking-therapies-and-counselling/nhs-talking-therapies/ (Score: 70)
2025-07-27 12:42:20,688 - EnhancedCBTCollector - INFO - Starting enhanced collection from nhs_cbt: https://www.nhs.uk/mental-health/talking-therapies-medicine-treatments/
2025-07-27 12:42:20,727 - EnhancedCBTCollector - WARNING - Content from https://www.nhs.uk/mental-health/talking-therapies-medicine-treatments/ failed quality assessment (Score: 20)
2025-07-27 12:42:22,736 - EnhancedCBTCollector - INFO - Starting enhanced collection from nhs_cbt: https://www.nhs.uk/mental-health/talking-therapies-medicine-treatments/talking-therapies-and-counselling/nhs-talking-therapies/
2025-07-27 12:42:22,802 - EnhancedCBTCollector - INFO - Collected high-quality content from https://www.nhs.uk/mental-health/talking-therapies-medicine-treatments/talking-therapies-and-counselling/nhs-talking-therapies/ (Score: 70)
2025-07-27 12:42:24,808 - EnhancedCBTCollector - INFO - Starting enhanced collection from nhs_cbt: https://www.nhs.uk/mental-health/talking-therapies-medicine-treatments/
2025-07-27 12:42:24,835 - EnhancedCBTCollector - WARNING - Content from https://www.nhs.uk/mental-health/talking-therapies-medicine-treatments/ failed quality assessment (Score: 20)
2025-07-27 12:42:26,843 - EnhancedCBTCollector - INFO - Starting enhanced collection from nhs_cbt: https://www.nhs.uk/mental-health/talking-therapies-medicine-treatments/talking-therapies-and-counselling/nhs-talking-therapies/
2025-07-27 12:42:26,877 - EnhancedCBTCollector - INFO - Collected high-quality content from https://www.nhs.uk/mental-health/talking-therapies-medicine-treatments/talking-therapies-and-counselling/nhs-talking-therapies/ (Score: 70)
2025-07-27 12:42:28,886 - EnhancedCBTCollector - INFO - Starting enhanced collection from nhs_cbt: https://www.nhs.uk/mental-health/talking-therapies-medicine-treatments/
2025-07-27 12:42:28,913 - EnhancedCBTCollector - WARNING - Content from https://www.nhs.uk/mental-health/talking-therapies-medicine-treatments/ failed quality assessment (Score: 20)
2025-07-27 12:42:30,928 - EnhancedCBTCollector - INFO - Starting enhanced collection from nhs_cbt: https://www.nhs.uk/mental-health/talking-therapies-medicine-treatments/talking-therapies-and-counselling/nhs-talking-therapies/
2025-07-27 12:42:30,961 - EnhancedCBTCollector - INFO - Collected high-quality content from https://www.nhs.uk/mental-health/talking-therapies-medicine-treatments/talking-therapies-and-counselling/nhs-talking-therapies/ (Score: 70)
2025-07-27 12:42:32,973 - EnhancedCBTCollector - INFO - Starting enhanced collection from nhs_cbt: https://www.nhs.uk/mental-health/talking-therapies-medicine-treatments/
2025-07-27 12:42:33,011 - EnhancedCBTCollector - WARNING - Content from https://www.nhs.uk/mental-health/talking-therapies-medicine-treatments/ failed quality assessment (Score: 20)
2025-07-27 12:42:35,014 - EnhancedCBTCollector - INFO - Starting enhanced collection from nhs_cbt: https://www.nhs.uk/mental-health/talking-therapies-medicine-treatments/talking-therapies-and-counselling/nhs-talking-therapies/
2025-07-27 12:42:35,074 - EnhancedCBTCollector - INFO - Collected high-quality content from https://www.nhs.uk/mental-health/talking-therapies-medicine-treatments/talking-therapies-and-counselling/nhs-talking-therapies/ (Score: 70)
2025-07-27 12:42:37,085 - EnhancedCBTCollector - INFO - Starting enhanced collection from nhs_cbt: https://www.nhs.uk/mental-health/talking-therapies-medicine-treatments/
2025-07-27 12:42:37,113 - EnhancedCBTCollector - WARNING - Content from https://www.nhs.uk/mental-health/talking-therapies-medicine-treatments/ failed quality assessment (Score: 20)
2025-07-27 12:42:39,121 - EnhancedCBTCollector - INFO - Starting enhanced collection from nhs_cbt: https://www.nhs.uk/mental-health/talking-therapies-medicine-treatments/talking-therapies-and-counselling/nhs-talking-therapies/
2025-07-27 12:42:39,154 - EnhancedCBTCollector - INFO - Collected high-quality content from https://www.nhs.uk/mental-health/talking-therapies-medicine-treatments/talking-therapies-and-counselling/nhs-talking-therapies/ (Score: 70)
2025-07-27 12:42:41,161 - EnhancedCBTCollector - INFO - Starting enhanced collection from nhs_cbt: https://www.nhs.uk/mental-health/talking-therapies-medicine-treatments/
2025-07-27 12:42:41,213 - EnhancedCBTCollector - WARNING - Content from https://www.nhs.uk/mental-health/talking-therapies-medicine-treatments/ failed quality assessment (Score: 20)
2025-07-27 12:42:43,218 - EnhancedCBTCollector - INFO - Starting enhanced collection from nhs_cbt: https://www.nhs.uk/mental-health/talking-therapies-medicine-treatments/talking-therapies-and-counselling/nhs-talking-therapies/
2025-07-27 12:42:43,275 - EnhancedCBTCollector - INFO - Collected high-quality content from https://www.nhs.uk/mental-health/talking-therapies-medicine-treatments/talking-therapies-and-counselling/nhs-talking-therapies/ (Score: 70)
2025-07-27 12:42:45,288 - EnhancedCBTCollector - INFO - Starting enhanced collection from nhs_cbt: https://www.nhs.uk/mental-health/talking-therapies-medicine-treatments/
2025-07-27 12:42:45,342 - EnhancedCBTCollector - WARNING - Content from https://www.nhs.uk/mental-health/talking-therapies-medicine-treatments/ failed quality assessment (Score: 20)
2025-07-27 12:42:47,348 - EnhancedCBTCollector - INFO - Starting enhanced collection from nhs_cbt: https://www.nhs.uk/mental-health/talking-therapies-medicine-treatments/talking-therapies-and-counselling/nhs-talking-therapies/
2025-07-27 12:42:47,390 - EnhancedCBTCollector - INFO - Collected high-quality content from https://www.nhs.uk/mental-health/talking-therapies-medicine-treatments/talking-therapies-and-counselling/nhs-talking-therapies/ (Score: 70)
2025-07-27 12:42:49,404 - EnhancedCBTCollector - INFO - Starting enhanced collection from nhs_cbt: https://www.nhs.uk/mental-health/talking-therapies-medicine-treatments/
2025-07-27 12:42:49,459 - EnhancedCBTCollector - WARNING - Content from https://www.nhs.uk/mental-health/talking-therapies-medicine-treatments/ failed quality assessment (Score: 20)
2025-07-27 12:42:51,473 - EnhancedCBTCollector - INFO - Starting enhanced collection from nhs_cbt: https://www.nhs.uk/mental-health/talking-therapies-medicine-treatments/talking-therapies-and-counselling/nhs-talking-therapies/
2025-07-27 12:42:51,516 - EnhancedCBTCollector - INFO - Collected high-quality content from https://www.nhs.uk/mental-health/talking-therapies-medicine-treatments/talking-therapies-and-counselling/nhs-talking-therapies/ (Score: 70)
2025-07-27 12:42:53,529 - EnhancedCBTCollector - INFO - Starting enhanced collection from nhs_cbt: https://www.nhs.uk/mental-health/talking-therapies-medicine-treatments/
2025-07-27 12:42:53,558 - EnhancedCBTCollector - WARNING - Content from https://www.nhs.uk/mental-health/talking-therapies-medicine-treatments/ failed quality assessment (Score: 20)
2025-07-27 12:42:55,573 - EnhancedCBTCollector - INFO - Starting enhanced collection from nhs_cbt: https://www.nhs.uk/mental-health/talking-therapies-medicine-treatments/talking-therapies-and-counselling/nhs-talking-therapies/
2025-07-27 12:42:55,607 - EnhancedCBTCollector - INFO - Collected high-quality content from https://www.nhs.uk/mental-health/talking-therapies-medicine-treatments/talking-therapies-and-counselling/nhs-talking-therapies/ (Score: 70)
2025-07-27 12:42:57,612 - EnhancedCBTCollector - INFO - Starting enhanced collection from nhs_cbt: https://www.nhs.uk/mental-health/talking-therapies-medicine-treatments/
2025-07-27 12:42:57,644 - EnhancedCBTCollector - WARNING - Content from https://www.nhs.uk/mental-health/talking-therapies-medicine-treatments/ failed quality assessment (Score: 20)
2025-07-27 12:42:59,649 - EnhancedCBTCollector - INFO - Starting enhanced collection from nhs_cbt: https://www.nhs.uk/mental-health/talking-therapies-medicine-treatments/talking-therapies-and-counselling/nhs-talking-therapies/
2025-07-27 12:42:59,705 - EnhancedCBTCollector - INFO - Collected high-quality content from https://www.nhs.uk/mental-health/talking-therapies-medicine-treatments/talking-therapies-and-counselling/nhs-talking-therapies/ (Score: 70)
2025-07-27 12:43:01,708 - EnhancedCBTCollector - INFO - Starting enhanced collection from nhs_cbt: https://www.nhs.uk/mental-health/talking-therapies-medicine-treatments/
2025-07-27 12:43:01,760 - EnhancedCBTCollector - WARNING - Content from https://www.nhs.uk/mental-health/talking-therapies-medicine-treatments/ failed quality assessment (Score: 20)
2025-07-27 12:43:03,762 - EnhancedCBTCollector - INFO - Starting enhanced collection from nhs_cbt: https://www.nhs.uk/mental-health/talking-therapies-medicine-treatments/talking-therapies-and-counselling/nhs-talking-therapies/
2025-07-27 12:43:03,801 - EnhancedCBTCollector - INFO - Collected high-quality content from https://www.nhs.uk/mental-health/talking-therapies-medicine-treatments/talking-therapies-and-counselling/nhs-talking-therapies/ (Score: 70)
2025-07-27 12:43:05,803 - EnhancedCBTCollector - INFO - Starting enhanced collection from nhs_cbt: https://www.nhs.uk/mental-health/talking-therapies-medicine-treatments/
2025-07-27 12:43:05,838 - EnhancedCBTCollector - WARNING - Content from https://www.nhs.uk/mental-health/talking-therapies-medicine-treatments/ failed quality assessment (Score: 20)
2025-07-27 12:43:07,846 - EnhancedCBTCollector - INFO - Starting enhanced collection from nhs_cbt: https://www.nhs.uk/mental-health/talking-therapies-medicine-treatments/talking-therapies-and-counselling/nhs-talking-therapies/
2025-07-27 12:43:07,879 - EnhancedCBTCollector - INFO - Collected high-quality content from https://www.nhs.uk/mental-health/talking-therapies-medicine-treatments/talking-therapies-and-counselling/nhs-talking-therapies/ (Score: 70)
2025-07-27 12:43:09,882 - EnhancedCBTCollector - INFO - Starting enhanced collection from nhs_cbt: https://www.nhs.uk/mental-health/talking-therapies-medicine-treatments/
2025-07-27 12:43:09,911 - EnhancedCBTCollector - WARNING - Content from https://www.nhs.uk/mental-health/talking-therapies-medicine-treatments/ failed quality assessment (Score: 20)
2025-07-27 12:43:11,925 - EnhancedCBTCollector - INFO - Starting enhanced collection from nhs_cbt: https://www.nhs.uk/mental-health/talking-therapies-medicine-treatments/talking-therapies-and-counselling/nhs-talking-therapies/
2025-07-27 12:43:11,958 - EnhancedCBTCollector - INFO - Collected high-quality content from https://www.nhs.uk/mental-health/talking-therapies-medicine-treatments/talking-therapies-and-counselling/nhs-talking-therapies/ (Score: 70)
2025-07-27 12:43:13,967 - EnhancedCBTCollector - INFO - Starting enhanced collection from nhs_cbt: https://www.nhs.uk/mental-health/talking-therapies-medicine-treatments/
2025-07-27 12:43:13,995 - EnhancedCBTCollector - WARNING - Content from https://www.nhs.uk/mental-health/talking-therapies-medicine-treatments/ failed quality assessment (Score: 20)
2025-07-27 12:43:16,010 - EnhancedCBTCollector - INFO - Starting enhanced collection from nhs_cbt: https://www.nhs.uk/mental-health/talking-therapies-medicine-treatments/talking-therapies-and-counselling/nhs-talking-therapies/
2025-07-27 12:43:16,041 - EnhancedCBTCollector - INFO - Collected high-quality content from https://www.nhs.uk/mental-health/talking-therapies-medicine-treatments/talking-therapies-and-counselling/nhs-talking-therapies/ (Score: 70)
2025-07-27 12:43:18,046 - EnhancedCBTCollector - INFO - Starting enhanced collection from nhs_cbt: https://www.nhs.uk/mental-health/talking-therapies-medicine-treatments/
2025-07-27 12:43:18,073 - EnhancedCBTCollector - WARNING - Content from https://www.nhs.uk/mental-health/talking-therapies-medicine-treatments/ failed quality assessment (Score: 20)
2025-07-27 12:43:20,089 - EnhancedCBTCollector - INFO - Starting enhanced collection from nhs_cbt: https://www.nhs.uk/mental-health/talking-therapies-medicine-treatments/talking-therapies-and-counselling/nhs-talking-therapies/
2025-07-27 12:43:20,126 - EnhancedCBTCollector - INFO - Collected high-quality content from https://www.nhs.uk/mental-health/talking-therapies-medicine-treatments/talking-therapies-and-counselling/nhs-talking-therapies/ (Score: 70)
2025-07-27 12:43:22,131 - EnhancedCBTCollector - INFO - Starting enhanced collection from nhs_cbt: https://www.nhs.uk/mental-health/talking-therapies-medicine-treatments/
2025-07-27 12:43:22,159 - EnhancedCBTCollector - WARNING - Content from https://www.nhs.uk/mental-health/talking-therapies-medicine-treatments/ failed quality assessment (Score: 20)
2025-07-27 12:43:24,171 - EnhancedCBTCollector - INFO - Starting enhanced collection from nhs_cbt: https://www.nhs.uk/mental-health/talking-therapies-medicine-treatments/talking-therapies-and-counselling/nhs-talking-therapies/
2025-07-27 12:43:24,205 - EnhancedCBTCollector - INFO - Collected high-quality content from https://www.nhs.uk/mental-health/talking-therapies-medicine-treatments/talking-therapies-and-counselling/nhs-talking-therapies/ (Score: 70)
2025-07-27 12:43:26,210 - EnhancedCBTCollector - INFO - Starting enhanced collection from nhs_cbt: https://www.nhs.uk/mental-health/talking-therapies-medicine-treatments/
2025-07-27 12:43:26,245 - EnhancedCBTCollector - WARNING - Content from https://www.nhs.uk/mental-health/talking-therapies-medicine-treatments/ failed quality assessment (Score: 20)
2025-07-27 12:43:28,258 - EnhancedCBTCollector - INFO - Starting enhanced collection from nhs_cbt: https://www.nhs.uk/mental-health/talking-therapies-medicine-treatments/talking-therapies-and-counselling/nhs-talking-therapies/
2025-07-27 12:43:28,290 - EnhancedCBTCollector - INFO - Collected high-quality content from https://www.nhs.uk/mental-health/talking-therapies-medicine-treatments/talking-therapies-and-counselling/nhs-talking-therapies/ (Score: 70)
2025-07-27 12:43:30,294 - EnhancedCBTCollector - INFO - Starting enhanced collection from nhs_cbt: https://www.nhs.uk/mental-health/talking-therapies-medicine-treatments/
2025-07-27 12:43:30,323 - EnhancedCBTCollector - WARNING - Content from https://www.nhs.uk/mental-health/talking-therapies-medicine-treatments/ failed quality assessment (Score: 20)
2025-07-27 12:43:32,336 - EnhancedCBTCollector - INFO - Starting enhanced collection from nhs_cbt: https://www.nhs.uk/mental-health/talking-therapies-medicine-treatments/talking-therapies-and-counselling/nhs-talking-therapies/
2025-07-27 12:43:32,377 - EnhancedCBTCollector - INFO - Collected high-quality content from https://www.nhs.uk/mental-health/talking-therapies-medicine-treatments/talking-therapies-and-counselling/nhs-talking-therapies/ (Score: 70)
2025-07-27 12:43:34,385 - EnhancedCBTCollector - INFO - Starting enhanced collection from nhs_cbt: https://www.nhs.uk/mental-health/talking-therapies-medicine-treatments/
2025-07-27 12:43:34,413 - EnhancedCBTCollector - WARNING - Content from https://www.nhs.uk/mental-health/talking-therapies-medicine-treatments/ failed quality assessment (Score: 20)
2025-07-27 12:43:36,426 - EnhancedCBTCollector - INFO - Starting enhanced collection from nhs_cbt: https://www.nhs.uk/mental-health/talking-therapies-medicine-treatments/talking-therapies-and-counselling/nhs-talking-therapies/
2025-07-27 12:43:36,465 - EnhancedCBTCollector - INFO - Collected high-quality content from https://www.nhs.uk/mental-health/talking-therapies-medicine-treatments/talking-therapies-and-counselling/nhs-talking-therapies/ (Score: 70)
2025-07-27 12:43:38,478 - EnhancedCBTCollector - INFO - Starting enhanced collection from nhs_cbt: https://www.nhs.uk/mental-health/talking-therapies-medicine-treatments/
2025-07-27 12:43:38,546 - EnhancedCBTCollector - WARNING - Content from https://www.nhs.uk/mental-health/talking-therapies-medicine-treatments/ failed quality assessment (Score: 20)
2025-07-27 12:43:40,560 - EnhancedCBTCollector - INFO - Starting enhanced collection from nhs_cbt: https://www.nhs.uk/mental-health/talking-therapies-medicine-treatments/talking-therapies-and-counselling/nhs-talking-therapies/
2025-07-27 12:43:40,593 - EnhancedCBTCollector - INFO - Collected high-quality content from https://www.nhs.uk/mental-health/talking-therapies-medicine-treatments/talking-therapies-and-counselling/nhs-talking-therapies/ (Score: 70)
2025-07-27 12:43:42,597 - EnhancedCBTCollector - INFO - Starting enhanced collection from nhs_cbt: https://www.nhs.uk/mental-health/talking-therapies-medicine-treatments/
2025-07-27 12:43:42,624 - EnhancedCBTCollector - WARNING - Content from https://www.nhs.uk/mental-health/talking-therapies-medicine-treatments/ failed quality assessment (Score: 20)
2025-07-27 12:43:44,628 - EnhancedCBTCollector - INFO - Starting enhanced collection from nhs_cbt: https://www.nhs.uk/mental-health/talking-therapies-medicine-treatments/talking-therapies-and-counselling/nhs-talking-therapies/
2025-07-27 12:43:44,663 - EnhancedCBTCollector - INFO - Collected high-quality content from https://www.nhs.uk/mental-health/talking-therapies-medicine-treatments/talking-therapies-and-counselling/nhs-talking-therapies/ (Score: 70)
2025-07-27 12:43:46,672 - EnhancedCBTCollector - INFO - Starting enhanced collection from nhs_cbt: https://www.nhs.uk/mental-health/talking-therapies-medicine-treatments/
2025-07-27 12:43:46,702 - EnhancedCBTCollector - WARNING - Content from https://www.nhs.uk/mental-health/talking-therapies-medicine-treatments/ failed quality assessment (Score: 20)
2025-07-27 12:43:48,714 - EnhancedCBTCollector - INFO - Starting enhanced collection from nhs_cbt: https://www.nhs.uk/mental-health/talking-therapies-medicine-treatments/talking-therapies-and-counselling/nhs-talking-therapies/
2025-07-27 12:43:48,746 - EnhancedCBTCollector - INFO - Collected high-quality content from https://www.nhs.uk/mental-health/talking-therapies-medicine-treatments/talking-therapies-and-counselling/nhs-talking-therapies/ (Score: 70)
2025-07-27 12:43:50,758 - EnhancedCBTCollector - INFO - Starting enhanced collection from nhs_cbt: https://www.nhs.uk/mental-health/talking-therapies-medicine-treatments/
2025-07-27 12:43:50,812 - EnhancedCBTCollector - WARNING - Content from https://www.nhs.uk/mental-health/talking-therapies-medicine-treatments/ failed quality assessment (Score: 20)
2025-07-27 12:43:52,818 - EnhancedCBTCollector - INFO - Starting enhanced collection from nhs_cbt: https://www.nhs.uk/mental-health/talking-therapies-medicine-treatments/talking-therapies-and-counselling/nhs-talking-therapies/
2025-07-27 12:43:52,862 - EnhancedCBTCollector - INFO - Collected high-quality content from https://www.nhs.uk/mental-health/talking-therapies-medicine-treatments/talking-therapies-and-counselling/nhs-talking-therapies/ (Score: 70)
2025-07-27 12:43:54,873 - EnhancedCBTCollector - INFO - Starting enhanced collection from nhs_cbt: https://www.nhs.uk/mental-health/talking-therapies-medicine-treatments/
2025-07-27 12:43:54,900 - EnhancedCBTCollector - WARNING - Content from https://www.nhs.uk/mental-health/talking-therapies-medicine-treatments/ failed quality assessment (Score: 20)
2025-07-27 12:43:56,914 - EnhancedCBTCollector - INFO - Starting enhanced collection from nhs_cbt: https://www.nhs.uk/mental-health/talking-therapies-medicine-treatments/talking-therapies-and-counselling/nhs-talking-therapies/
2025-07-27 12:43:56,946 - EnhancedCBTCollector - INFO - Collected high-quality content from https://www.nhs.uk/mental-health/talking-therapies-medicine-treatments/talking-therapies-and-counselling/nhs-talking-therapies/ (Score: 70)
2025-07-27 12:43:58,958 - EnhancedCBTCollector - INFO - Starting enhanced collection from nhs_cbt: https://www.nhs.uk/mental-health/talking-therapies-medicine-treatments/
2025-07-27 12:43:58,992 - EnhancedCBTCollector - WARNING - Content from https://www.nhs.uk/mental-health/talking-therapies-medicine-treatments/ failed quality assessment (Score: 20)
2025-07-27 12:44:00,996 - EnhancedCBTCollector - INFO - Starting enhanced collection from nhs_cbt: https://www.nhs.uk/mental-health/talking-therapies-medicine-treatments/talking-therapies-and-counselling/nhs-talking-therapies/
2025-07-27 12:44:01,029 - EnhancedCBTCollector - INFO - Collected high-quality content from https://www.nhs.uk/mental-health/talking-therapies-medicine-treatments/talking-therapies-and-counselling/nhs-talking-therapies/ (Score: 70)
2025-07-27 12:44:03,042 - EnhancedCBTCollector - INFO - Starting enhanced collection from nhs_cbt: https://www.nhs.uk/mental-health/talking-therapies-medicine-treatments/
2025-07-27 12:44:03,098 - EnhancedCBTCollector - WARNING - Content from https://www.nhs.uk/mental-health/talking-therapies-medicine-treatments/ failed quality assessment (Score: 20)
2025-07-27 12:44:05,100 - EnhancedCBTCollector - INFO - Starting enhanced collection from nhs_cbt: https://www.nhs.uk/mental-health/talking-therapies-medicine-treatments/talking-therapies-and-counselling/nhs-talking-therapies/
2025-07-27 12:44:05,131 - EnhancedCBTCollector - INFO - Collected high-quality content from https://www.nhs.uk/mental-health/talking-therapies-medicine-treatments/talking-therapies-and-counselling/nhs-talking-therapies/ (Score: 70)
2025-07-27 12:44:07,138 - EnhancedCBTCollector - INFO - Starting enhanced collection from nhs_cbt: https://www.nhs.uk/mental-health/talking-therapies-medicine-treatments/
2025-07-27 12:44:07,167 - EnhancedCBTCollector - WARNING - Content from https://www.nhs.uk/mental-health/talking-therapies-medicine-treatments/ failed quality assessment (Score: 20)
2025-07-27 12:44:09,179 - EnhancedCBTCollector - INFO - Starting enhanced collection from nhs_cbt: https://www.nhs.uk/mental-health/talking-therapies-medicine-treatments/talking-therapies-and-counselling/nhs-talking-therapies/
2025-07-27 12:44:09,211 - EnhancedCBTCollector - INFO - Collected high-quality content from https://www.nhs.uk/mental-health/talking-therapies-medicine-treatments/talking-therapies-and-counselling/nhs-talking-therapies/ (Score: 70)
2025-07-27 12:44:11,225 - EnhancedCBTCollector - INFO - Starting enhanced collection from nhs_cbt: https://www.nhs.uk/mental-health/talking-therapies-medicine-treatments/
2025-07-27 12:44:11,254 - EnhancedCBTCollector - WARNING - Content from https://www.nhs.uk/mental-health/talking-therapies-medicine-treatments/ failed quality assessment (Score: 20)
2025-07-27 12:44:13,264 - EnhancedCBTCollector - INFO - Starting enhanced collection from nhs_cbt: https://www.nhs.uk/mental-health/talking-therapies-medicine-treatments/talking-therapies-and-counselling/nhs-talking-therapies/
2025-07-27 12:44:13,296 - EnhancedCBTCollector - INFO - Collected high-quality content from https://www.nhs.uk/mental-health/talking-therapies-medicine-treatments/talking-therapies-and-counselling/nhs-talking-therapies/ (Score: 70)
2025-07-27 12:44:15,306 - EnhancedCBTCollector - INFO - Starting enhanced collection from nhs_cbt: https://www.nhs.uk/mental-health/talking-therapies-medicine-treatments/
2025-07-27 12:44:15,335 - EnhancedCBTCollector - WARNING - Content from https://www.nhs.uk/mental-health/talking-therapies-medicine-treatments/ failed quality assessment (Score: 20)
2025-07-27 12:44:17,348 - EnhancedCBTCollector - INFO - Starting enhanced collection from nhs_cbt: https://www.nhs.uk/mental-health/talking-therapies-medicine-treatments/talking-therapies-and-counselling/nhs-talking-therapies/
2025-07-27 12:44:17,379 - EnhancedCBTCollector - INFO - Collected high-quality content from https://www.nhs.uk/mental-health/talking-therapies-medicine-treatments/talking-therapies-and-counselling/nhs-talking-therapies/ (Score: 70)
2025-07-27 12:44:19,395 - EnhancedCBTCollector - INFO - Starting enhanced collection from nhs_cbt: https://www.nhs.uk/mental-health/talking-therapies-medicine-treatments/
2025-07-27 12:44:19,432 - EnhancedCBTCollector - WARNING - Content from https://www.nhs.uk/mental-health/talking-therapies-medicine-treatments/ failed quality assessment (Score: 20)
2025-07-27 12:44:21,439 - EnhancedCBTCollector - INFO - Starting enhanced collection from nhs_cbt: https://www.nhs.uk/mental-health/talking-therapies-medicine-treatments/talking-therapies-and-counselling/nhs-talking-therapies/
2025-07-27 12:44:21,474 - EnhancedCBTCollector - INFO - Collected high-quality content from https://www.nhs.uk/mental-health/talking-therapies-medicine-treatments/talking-therapies-and-counselling/nhs-talking-therapies/ (Score: 70)
2025-07-27 12:44:23,484 - EnhancedCBTCollector - INFO - Starting enhanced collection from nhs_cbt: https://www.nhs.uk/mental-health/talking-therapies-medicine-treatments/
2025-07-27 12:44:23,513 - EnhancedCBTCollector - WARNING - Content from https://www.nhs.uk/mental-health/talking-therapies-medicine-treatments/ failed quality assessment (Score: 20)
2025-07-27 12:44:25,523 - EnhancedCBTCollector - INFO - Starting enhanced collection from nhs_cbt: https://www.nhs.uk/mental-health/talking-therapies-medicine-treatments/talking-therapies-and-counselling/nhs-talking-therapies/
2025-07-27 12:44:25,557 - EnhancedCBTCollector - INFO - Collected high-quality content from https://www.nhs.uk/mental-health/talking-therapies-medicine-treatments/talking-therapies-and-counselling/nhs-talking-therapies/ (Score: 70)
2025-07-27 12:44:27,571 - EnhancedCBTCollector - INFO - Starting enhanced collection from nhs_cbt: https://www.nhs.uk/mental-health/talking-therapies-medicine-treatments/
2025-07-27 12:44:27,599 - EnhancedCBTCollector - WARNING - Content from https://www.nhs.uk/mental-health/talking-therapies-medicine-treatments/ failed quality assessment (Score: 20)
2025-07-27 12:44:29,610 - EnhancedCBTCollector - INFO - Starting enhanced collection from nhs_cbt: https://www.nhs.uk/mental-health/talking-therapies-medicine-treatments/talking-therapies-and-counselling/nhs-talking-therapies/
2025-07-27 12:44:29,643 - EnhancedCBTCollector - INFO - Collected high-quality content from https://www.nhs.uk/mental-health/talking-therapies-medicine-treatments/talking-therapies-and-counselling/nhs-talking-therapies/ (Score: 70)
2025-07-27 12:44:31,651 - EnhancedCBTCollector - INFO - Starting enhanced collection from nhs_cbt: https://www.nhs.uk/mental-health/talking-therapies-medicine-treatments/
2025-07-27 12:44:31,678 - EnhancedCBTCollector - WARNING - Content from https://www.nhs.uk/mental-health/talking-therapies-medicine-treatments/ failed quality assessment (Score: 20)
2025-07-27 12:44:33,687 - EnhancedCBTCollector - INFO - Starting enhanced collection from nhs_cbt: https://www.nhs.uk/mental-health/talking-therapies-medicine-treatments/talking-therapies-and-counselling/nhs-talking-therapies/
2025-07-27 12:44:33,971 - EnhancedCBTCollector - INFO - Collected high-quality content from https://www.nhs.uk/mental-health/talking-therapies-medicine-treatments/talking-therapies-and-counselling/nhs-talking-therapies/ (Score: 70)
2025-07-27 12:44:35,974 - EnhancedCBTCollector - INFO - Starting enhanced collection from nhs_cbt: https://www.nhs.uk/mental-health/talking-therapies-medicine-treatments/
2025-07-27 12:44:36,006 - EnhancedCBTCollector - WARNING - Content from https://www.nhs.uk/mental-health/talking-therapies-medicine-treatments/ failed quality assessment (Score: 20)
2025-07-27 12:44:38,016 - EnhancedCBTCollector - INFO - Starting enhanced collection from nhs_cbt: https://www.nhs.uk/mental-health/talking-therapies-medicine-treatments/talking-therapies-and-counselling/nhs-talking-therapies/
2025-07-27 12:44:38,048 - EnhancedCBTCollector - INFO - Collected high-quality content from https://www.nhs.uk/mental-health/talking-therapies-medicine-treatments/talking-therapies-and-counselling/nhs-talking-therapies/ (Score: 70)
2025-07-27 12:44:40,054 - EnhancedCBTCollector - INFO - Starting enhanced collection from nhs_cbt: https://www.nhs.uk/mental-health/talking-therapies-medicine-treatments/
2025-07-27 12:44:40,089 - EnhancedCBTCollector - WARNING - Content from https://www.nhs.uk/mental-health/talking-therapies-medicine-treatments/ failed quality assessment (Score: 20)
2025-07-27 12:44:42,094 - EnhancedCBTCollector - INFO - Starting enhanced collection from nhs_cbt: https://www.nhs.uk/mental-health/talking-therapies-medicine-treatments/talking-therapies-and-counselling/nhs-talking-therapies/
2025-07-27 12:44:42,132 - EnhancedCBTCollector - INFO - Collected high-quality content from https://www.nhs.uk/mental-health/talking-therapies-medicine-treatments/talking-therapies-and-counselling/nhs-talking-therapies/ (Score: 70)
2025-07-27 12:44:44,135 - EnhancedCBTCollector - INFO - Starting enhanced collection from nhs_cbt: https://www.nhs.uk/mental-health/talking-therapies-medicine-treatments/
2025-07-27 12:44:44,164 - EnhancedCBTCollector - WARNING - Content from https://www.nhs.uk/mental-health/talking-therapies-medicine-treatments/ failed quality assessment (Score: 20)
2025-07-27 12:44:46,175 - EnhancedCBTCollector - INFO - Starting enhanced collection from nhs_cbt: https://www.nhs.uk/mental-health/talking-therapies-medicine-treatments/talking-therapies-and-counselling/nhs-talking-therapies/
2025-07-27 12:44:46,207 - EnhancedCBTCollector - INFO - Collected high-quality content from https://www.nhs.uk/mental-health/talking-therapies-medicine-treatments/talking-therapies-and-counselling/nhs-talking-therapies/ (Score: 70)
2025-07-27 12:44:48,220 - EnhancedCBTCollector - INFO - Starting enhanced collection from nhs_cbt: https://www.nhs.uk/mental-health/talking-therapies-medicine-treatments/
2025-07-27 12:44:48,248 - EnhancedCBTCollector - WARNING - Content from https://www.nhs.uk/mental-health/talking-therapies-medicine-treatments/ failed quality assessment (Score: 20)
2025-07-27 12:44:50,264 - EnhancedCBTCollector - INFO - Starting enhanced collection from nhs_cbt: https://www.nhs.uk/mental-health/talking-therapies-medicine-treatments/talking-therapies-and-counselling/nhs-talking-therapies/
2025-07-27 12:44:50,296 - EnhancedCBTCollector - INFO - Collected high-quality content from https://www.nhs.uk/mental-health/talking-therapies-medicine-treatments/talking-therapies-and-counselling/nhs-talking-therapies/ (Score: 70)
2025-07-27 12:44:52,307 - EnhancedCBTCollector - INFO - Starting enhanced collection from nhs_cbt: https://www.nhs.uk/mental-health/talking-therapies-medicine-treatments/
2025-07-27 12:44:52,359 - EnhancedCBTCollector - WARNING - Content from https://www.nhs.uk/mental-health/talking-therapies-medicine-treatments/ failed quality assessment (Score: 20)
2025-07-27 12:44:54,373 - EnhancedCBTCollector - INFO - Starting enhanced collection from nhs_cbt: https://www.nhs.uk/mental-health/talking-therapies-medicine-treatments/talking-therapies-and-counselling/nhs-talking-therapies/
2025-07-27 12:44:54,406 - EnhancedCBTCollector - INFO - Collected high-quality content from https://www.nhs.uk/mental-health/talking-therapies-medicine-treatments/talking-therapies-and-counselling/nhs-talking-therapies/ (Score: 70)
2025-07-27 12:44:56,413 - EnhancedCBTCollector - INFO - Starting enhanced collection from nhs_cbt: https://www.nhs.uk/mental-health/talking-therapies-medicine-treatments/
2025-07-27 12:44:56,445 - EnhancedCBTCollector - WARNING - Content from https://www.nhs.uk/mental-health/talking-therapies-medicine-treatments/ failed quality assessment (Score: 20)
2025-07-27 12:44:58,448 - EnhancedCBTCollector - INFO - Starting enhanced collection from nhs_cbt: https://www.nhs.uk/mental-health/talking-therapies-medicine-treatments/talking-therapies-and-counselling/nhs-talking-therapies/
2025-07-27 12:44:58,481 - EnhancedCBTCollector - INFO - Collected high-quality content from https://www.nhs.uk/mental-health/talking-therapies-medicine-treatments/talking-therapies-and-counselling/nhs-talking-therapies/ (Score: 70)
2025-07-27 12:45:00,485 - EnhancedCBTCollector - INFO - Starting enhanced collection from nhs_cbt: https://www.nhs.uk/mental-health/talking-therapies-medicine-treatments/
2025-07-27 12:45:00,542 - EnhancedCBTCollector - WARNING - Content from https://www.nhs.uk/mental-health/talking-therapies-medicine-treatments/ failed quality assessment (Score: 20)
2025-07-27 12:45:02,556 - EnhancedCBTCollector - INFO - Starting enhanced collection from nhs_cbt: https://www.nhs.uk/mental-health/talking-therapies-medicine-treatments/talking-therapies-and-counselling/nhs-talking-therapies/
2025-07-27 12:45:02,594 - EnhancedCBTCollector - INFO - Collected high-quality content from https://www.nhs.uk/mental-health/talking-therapies-medicine-treatments/talking-therapies-and-counselling/nhs-talking-therapies/ (Score: 70)
2025-07-27 12:45:04,601 - EnhancedCBTCollector - INFO - Starting enhanced collection from nhs_cbt: https://www.nhs.uk/mental-health/talking-therapies-medicine-treatments/
2025-07-27 12:45:04,629 - EnhancedCBTCollector - WARNING - Content from https://www.nhs.uk/mental-health/talking-therapies-medicine-treatments/ failed quality assessment (Score: 20)
2025-07-27 12:45:06,631 - EnhancedCBTCollector - INFO - Starting enhanced collection from nhs_cbt: https://www.nhs.uk/mental-health/talking-therapies-medicine-treatments/talking-therapies-and-counselling/nhs-talking-therapies/
2025-07-27 12:45:06,668 - EnhancedCBTCollector - INFO - Collected high-quality content from https://www.nhs.uk/mental-health/talking-therapies-medicine-treatments/talking-therapies-and-counselling/nhs-talking-therapies/ (Score: 70)
2025-07-27 12:45:08,674 - EnhancedCBTCollector - INFO - Starting enhanced collection from nhs_cbt: https://www.nhs.uk/mental-health/talking-therapies-medicine-treatments/
2025-07-27 12:45:08,702 - EnhancedCBTCollector - WARNING - Content from https://www.nhs.uk/mental-health/talking-therapies-medicine-treatments/ failed quality assessment (Score: 20)
2025-07-27 12:45:10,713 - EnhancedCBTCollector - INFO - Starting enhanced collection from nhs_cbt: https://www.nhs.uk/mental-health/talking-therapies-medicine-treatments/talking-therapies-and-counselling/nhs-talking-therapies/
2025-07-27 12:45:10,746 - EnhancedCBTCollector - INFO - Collected high-quality content from https://www.nhs.uk/mental-health/talking-therapies-medicine-treatments/talking-therapies-and-counselling/nhs-talking-therapies/ (Score: 70)
2025-07-27 12:45:12,755 - EnhancedCBTCollector - INFO - Starting enhanced collection from nhs_cbt: https://www.nhs.uk/mental-health/talking-therapies-medicine-treatments/
2025-07-27 12:45:12,785 - EnhancedCBTCollector - WARNING - Content from https://www.nhs.uk/mental-health/talking-therapies-medicine-treatments/ failed quality assessment (Score: 20)
2025-07-27 12:45:14,799 - EnhancedCBTCollector - INFO - Starting enhanced collection from nhs_cbt: https://www.nhs.uk/mental-health/talking-therapies-medicine-treatments/talking-therapies-and-counselling/nhs-talking-therapies/
2025-07-27 12:45:14,832 - EnhancedCBTCollector - INFO - Collected high-quality content from https://www.nhs.uk/mental-health/talking-therapies-medicine-treatments/talking-therapies-and-counselling/nhs-talking-therapies/ (Score: 70)
2025-07-27 12:45:16,835 - EnhancedCBTCollector - INFO - Starting enhanced collection from nhs_cbt: https://www.nhs.uk/mental-health/talking-therapies-medicine-treatments/
2025-07-27 12:45:16,864 - EnhancedCBTCollector - WARNING - Content from https://www.nhs.uk/mental-health/talking-therapies-medicine-treatments/ failed quality assessment (Score: 20)
2025-07-27 12:45:18,879 - EnhancedCBTCollector - INFO - Starting enhanced collection from nhs_cbt: https://www.nhs.uk/mental-health/talking-therapies-medicine-treatments/talking-therapies-and-counselling/nhs-talking-therapies/
2025-07-27 12:45:18,911 - EnhancedCBTCollector - INFO - Collected high-quality content from https://www.nhs.uk/mental-health/talking-therapies-medicine-treatments/talking-therapies-and-counselling/nhs-talking-therapies/ (Score: 70)
2025-07-27 12:45:20,922 - EnhancedCBTCollector - INFO - Starting enhanced collection from nhs_cbt: https://www.nhs.uk/mental-health/talking-therapies-medicine-treatments/
2025-07-27 12:45:20,974 - EnhancedCBTCollector - WARNING - Content from https://www.nhs.uk/mental-health/talking-therapies-medicine-treatments/ failed quality assessment (Score: 20)
2025-07-27 12:45:22,977 - EnhancedCBTCollector - INFO - Starting enhanced collection from nhs_cbt: https://www.nhs.uk/mental-health/talking-therapies-medicine-treatments/talking-therapies-and-counselling/nhs-talking-therapies/
2025-07-27 12:45:23,013 - EnhancedCBTCollector - INFO - Collected high-quality content from https://www.nhs.uk/mental-health/talking-therapies-medicine-treatments/talking-therapies-and-counselling/nhs-talking-therapies/ (Score: 70)
2025-07-27 12:45:25,016 - EnhancedCBTCollector - INFO - Starting enhanced collection from nhs_cbt: https://www.nhs.uk/mental-health/talking-therapies-medicine-treatments/
2025-07-27 12:45:25,049 - EnhancedCBTCollector - WARNING - Content from https://www.nhs.uk/mental-health/talking-therapies-medicine-treatments/ failed quality assessment (Score: 20)
2025-07-27 12:45:27,067 - EnhancedCBTCollector - INFO - Starting enhanced collection from nhs_cbt: https://www.nhs.uk/mental-health/talking-therapies-medicine-treatments/talking-therapies-and-counselling/nhs-talking-therapies/
2025-07-27 12:45:27,099 - EnhancedCBTCollector - INFO - Collected high-quality content from https://www.nhs.uk/mental-health/talking-therapies-medicine-treatments/talking-therapies-and-counselling/nhs-talking-therapies/ (Score: 70)
2025-07-27 12:45:29,104 - EnhancedCBTCollector - INFO - Starting enhanced collection from nhs_cbt: https://www.nhs.uk/mental-health/talking-therapies-medicine-treatments/
2025-07-27 12:45:29,132 - EnhancedCBTCollector - WARNING - Content from https://www.nhs.uk/mental-health/talking-therapies-medicine-treatments/ failed quality assessment (Score: 20)
2025-07-27 12:45:31,145 - EnhancedCBTCollector - INFO - Starting enhanced collection from nhs_cbt: https://www.nhs.uk/mental-health/talking-therapies-medicine-treatments/talking-therapies-and-counselling/nhs-talking-therapies/
2025-07-27 12:45:31,180 - EnhancedCBTCollector - INFO - Collected high-quality content from https://www.nhs.uk/mental-health/talking-therapies-medicine-treatments/talking-therapies-and-counselling/nhs-talking-therapies/ (Score: 70)
2025-07-27 12:45:33,189 - EnhancedCBTCollector - INFO - Starting enhanced collection from nhs_cbt: https://www.nhs.uk/mental-health/talking-therapies-medicine-treatments/
2025-07-27 12:45:33,243 - EnhancedCBTCollector - WARNING - Content from https://www.nhs.uk/mental-health/talking-therapies-medicine-treatments/ failed quality assessment (Score: 20)
2025-07-27 12:45:35,260 - EnhancedCBTCollector - INFO - Starting enhanced collection from nhs_cbt: https://www.nhs.uk/mental-health/talking-therapies-medicine-treatments/talking-therapies-and-counselling/nhs-talking-therapies/
2025-07-27 12:45:35,293 - EnhancedCBTCollector - INFO - Collected high-quality content from https://www.nhs.uk/mental-health/talking-therapies-medicine-treatments/talking-therapies-and-counselling/nhs-talking-therapies/ (Score: 70)
2025-07-27 12:45:37,297 - EnhancedCBTCollector - INFO - Starting enhanced collection from nhs_cbt: https://www.nhs.uk/mental-health/talking-therapies-medicine-treatments/
2025-07-27 12:45:37,328 - EnhancedCBTCollector - WARNING - Content from https://www.nhs.uk/mental-health/talking-therapies-medicine-treatments/ failed quality assessment (Score: 20)
2025-07-27 12:45:39,342 - EnhancedCBTCollector - INFO - Starting enhanced collection from nhs_cbt: https://www.nhs.uk/mental-health/talking-therapies-medicine-treatments/talking-therapies-and-counselling/nhs-talking-therapies/
2025-07-27 12:45:39,374 - EnhancedCBTCollector - INFO - Collected high-quality content from https://www.nhs.uk/mental-health/talking-therapies-medicine-treatments/talking-therapies-and-counselling/nhs-talking-therapies/ (Score: 70)
2025-07-27 12:45:41,379 - EnhancedCBTCollector - INFO - Starting enhanced collection from nhs_cbt: https://www.nhs.uk/mental-health/talking-therapies-medicine-treatments/
2025-07-27 12:45:41,407 - EnhancedCBTCollector - WARNING - Content from https://www.nhs.uk/mental-health/talking-therapies-medicine-treatments/ failed quality assessment (Score: 20)
2025-07-27 12:45:43,408 - EnhancedCBTCollector - INFO - Starting enhanced collection from nhs_cbt: https://www.nhs.uk/mental-health/talking-therapies-medicine-treatments/talking-therapies-and-counselling/nhs-talking-therapies/
2025-07-27 12:45:43,440 - EnhancedCBTCollector - INFO - Collected high-quality content from https://www.nhs.uk/mental-health/talking-therapies-medicine-treatments/talking-therapies-and-counselling/nhs-talking-therapies/ (Score: 70)
2025-07-27 12:45:45,447 - EnhancedCBTCollector - INFO - Starting enhanced collection from nhs_cbt: https://www.nhs.uk/mental-health/talking-therapies-medicine-treatments/
2025-07-27 12:45:45,501 - EnhancedCBTCollector - WARNING - Content from https://www.nhs.uk/mental-health/talking-therapies-medicine-treatments/ failed quality assessment (Score: 20)
2025-07-27 12:45:47,509 - EnhancedCBTCollector - INFO - Starting enhanced collection from nhs_cbt: https://www.nhs.uk/mental-health/talking-therapies-medicine-treatments/talking-therapies-and-counselling/nhs-talking-therapies/
2025-07-27 12:45:47,541 - EnhancedCBTCollector - INFO - Collected high-quality content from https://www.nhs.uk/mental-health/talking-therapies-medicine-treatments/talking-therapies-and-counselling/nhs-talking-therapies/ (Score: 70)
2025-07-27 12:45:49,549 - EnhancedCBTCollector - INFO - Starting enhanced collection from nhs_cbt: https://www.nhs.uk/mental-health/talking-therapies-medicine-treatments/
2025-07-27 12:45:49,576 - EnhancedCBTCollector - WARNING - Content from https://www.nhs.uk/mental-health/talking-therapies-medicine-treatments/ failed quality assessment (Score: 20)
2025-07-27 12:45:51,578 - EnhancedCBTCollector - INFO - Starting enhanced collection from nhs_cbt: https://www.nhs.uk/mental-health/talking-therapies-medicine-treatments/talking-therapies-and-counselling/nhs-talking-therapies/
2025-07-27 12:45:51,612 - EnhancedCBTCollector - INFO - Collected high-quality content from https://www.nhs.uk/mental-health/talking-therapies-medicine-treatments/talking-therapies-and-counselling/nhs-talking-therapies/ (Score: 70)
2025-07-27 12:45:53,621 - EnhancedCBTCollector - INFO - Starting enhanced collection from nhs_cbt: https://www.nhs.uk/mental-health/talking-therapies-medicine-treatments/
2025-07-27 12:45:53,651 - EnhancedCBTCollector - WARNING - Content from https://www.nhs.uk/mental-health/talking-therapies-medicine-treatments/ failed quality assessment (Score: 20)
2025-07-27 12:45:55,660 - EnhancedCBTCollector - INFO - Starting enhanced collection from nhs_cbt: https://www.nhs.uk/mental-health/talking-therapies-medicine-treatments/talking-therapies-and-counselling/nhs-talking-therapies/
2025-07-27 12:45:55,692 - EnhancedCBTCollector - INFO - Collected high-quality content from https://www.nhs.uk/mental-health/talking-therapies-medicine-treatments/talking-therapies-and-counselling/nhs-talking-therapies/ (Score: 70)
2025-07-27 12:45:57,704 - EnhancedCBTCollector - INFO - Starting enhanced collection from nhs_cbt: https://www.nhs.uk/mental-health/talking-therapies-medicine-treatments/
2025-07-27 12:45:57,731 - EnhancedCBTCollector - WARNING - Content from https://www.nhs.uk/mental-health/talking-therapies-medicine-treatments/ failed quality assessment (Score: 20)
2025-07-27 12:45:59,744 - EnhancedCBTCollector - INFO - Starting enhanced collection from nhs_cbt: https://www.nhs.uk/mental-health/talking-therapies-medicine-treatments/talking-therapies-and-counselling/nhs-talking-therapies/
2025-07-27 12:45:59,778 - EnhancedCBTCollector - INFO - Collected high-quality content from https://www.nhs.uk/mental-health/talking-therapies-medicine-treatments/talking-therapies-and-counselling/nhs-talking-therapies/ (Score: 70)
2025-07-27 12:46:01,792 - EnhancedCBTCollector - INFO - Starting enhanced collection from nhs_cbt: https://www.nhs.uk/mental-health/talking-therapies-medicine-treatments/
2025-07-27 12:46:01,829 - EnhancedCBTCollector - WARNING - Content from https://www.nhs.uk/mental-health/talking-therapies-medicine-treatments/ failed quality assessment (Score: 20)
2025-07-27 12:46:03,831 - EnhancedCBTCollector - INFO - Starting enhanced collection from nhs_cbt: https://www.nhs.uk/mental-health/talking-therapies-medicine-treatments/talking-therapies-and-counselling/nhs-talking-therapies/
2025-07-27 12:46:03,864 - EnhancedCBTCollector - INFO - Collected high-quality content from https://www.nhs.uk/mental-health/talking-therapies-medicine-treatments/talking-therapies-and-counselling/nhs-talking-therapies/ (Score: 70)
2025-07-27 12:46:05,874 - EnhancedCBTCollector - INFO - Starting enhanced collection from nhs_cbt: https://www.nhs.uk/mental-health/talking-therapies-medicine-treatments/
2025-07-27 12:46:05,926 - EnhancedCBTCollector - WARNING - Content from https://www.nhs.uk/mental-health/talking-therapies-medicine-treatments/ failed quality assessment (Score: 20)
2025-07-27 12:46:07,930 - EnhancedCBTCollector - INFO - Starting enhanced collection from nhs_cbt: https://www.nhs.uk/mental-health/talking-therapies-medicine-treatments/talking-therapies-and-counselling/nhs-talking-therapies/
2025-07-27 12:46:07,988 - EnhancedCBTCollector - INFO - Collected high-quality content from https://www.nhs.uk/mental-health/talking-therapies-medicine-treatments/talking-therapies-and-counselling/nhs-talking-therapies/ (Score: 70)
2025-07-27 12:46:10,004 - EnhancedCBTCollector - INFO - Starting enhanced collection from nhs_cbt: https://www.nhs.uk/mental-health/talking-therapies-medicine-treatments/
2025-07-27 12:46:10,031 - EnhancedCBTCollector - WARNING - Content from https://www.nhs.uk/mental-health/talking-therapies-medicine-treatments/ failed quality assessment (Score: 20)
2025-07-27 12:46:12,045 - EnhancedCBTCollector - INFO - Starting enhanced collection from nhs_cbt: https://www.nhs.uk/mental-health/talking-therapies-medicine-treatments/talking-therapies-and-counselling/nhs-talking-therapies/
2025-07-27 12:46:12,105 - EnhancedCBTCollector - INFO - Collected high-quality content from https://www.nhs.uk/mental-health/talking-therapies-medicine-treatments/talking-therapies-and-counselling/nhs-talking-therapies/ (Score: 70)
2025-07-27 12:46:14,107 - EnhancedCBTCollector - INFO - Starting enhanced collection from nhs_cbt: https://www.nhs.uk/mental-health/talking-therapies-medicine-treatments/
2025-07-27 12:46:14,135 - EnhancedCBTCollector - WARNING - Content from https://www.nhs.uk/mental-health/talking-therapies-medicine-treatments/ failed quality assessment (Score: 20)
2025-07-27 12:46:16,150 - EnhancedCBTCollector - INFO - Starting enhanced collection from nhs_cbt: https://www.nhs.uk/mental-health/talking-therapies-medicine-treatments/talking-therapies-and-counselling/nhs-talking-therapies/
2025-07-27 12:46:16,206 - EnhancedCBTCollector - INFO - Collected high-quality content from https://www.nhs.uk/mental-health/talking-therapies-medicine-treatments/talking-therapies-and-counselling/nhs-talking-therapies/ (Score: 70)
2025-07-27 12:46:18,223 - EnhancedCBTCollector - INFO - Starting enhanced collection from nhs_cbt: https://www.nhs.uk/mental-health/talking-therapies-medicine-treatments/
2025-07-27 12:46:18,276 - EnhancedCBTCollector - WARNING - Content from https://www.nhs.uk/mental-health/talking-therapies-medicine-treatments/ failed quality assessment (Score: 20)
2025-07-27 12:46:20,289 - EnhancedCBTCollector - INFO - Starting enhanced collection from nhs_cbt: https://www.nhs.uk/mental-health/talking-therapies-medicine-treatments/talking-therapies-and-counselling/nhs-talking-therapies/
2025-07-27 12:46:20,322 - EnhancedCBTCollector - INFO - Collected high-quality content from https://www.nhs.uk/mental-health/talking-therapies-medicine-treatments/talking-therapies-and-counselling/nhs-talking-therapies/ (Score: 70)
2025-07-27 12:46:22,330 - EnhancedCBTCollector - INFO - Starting enhanced collection from nhs_cbt: https://www.nhs.uk/mental-health/talking-therapies-medicine-treatments/
2025-07-27 12:46:22,358 - EnhancedCBTCollector - WARNING - Content from https://www.nhs.uk/mental-health/talking-therapies-medicine-treatments/ failed quality assessment (Score: 20)
2025-07-27 12:46:24,368 - EnhancedCBTCollector - INFO - Starting enhanced collection from nhs_cbt: https://www.nhs.uk/mental-health/talking-therapies-medicine-treatments/talking-therapies-and-counselling/nhs-talking-therapies/
2025-07-27 12:46:24,406 - EnhancedCBTCollector - INFO - Collected high-quality content from https://www.nhs.uk/mental-health/talking-therapies-medicine-treatments/talking-therapies-and-counselling/nhs-talking-therapies/ (Score: 70)
2025-07-27 12:46:26,411 - EnhancedCBTCollector - INFO - Starting enhanced collection from nhs_cbt: https://www.nhs.uk/mental-health/talking-therapies-medicine-treatments/
2025-07-27 12:46:26,439 - EnhancedCBTCollector - WARNING - Content from https://www.nhs.uk/mental-health/talking-therapies-medicine-treatments/ failed quality assessment (Score: 20)
2025-07-27 12:46:28,453 - EnhancedCBTCollector - INFO - Starting enhanced collection from nhs_cbt: https://www.nhs.uk/mental-health/talking-therapies-medicine-treatments/talking-therapies-and-counselling/nhs-talking-therapies/
2025-07-27 12:46:28,510 - EnhancedCBTCollector - INFO - Collected high-quality content from https://www.nhs.uk/mental-health/talking-therapies-medicine-treatments/talking-therapies-and-counselling/nhs-talking-therapies/ (Score: 70)
2025-07-27 12:46:30,521 - EnhancedCBTCollector - INFO - Starting enhanced collection from nhs_cbt: https://www.nhs.uk/mental-health/talking-therapies-medicine-treatments/
2025-07-27 12:46:30,549 - EnhancedCBTCollector - WARNING - Content from https://www.nhs.uk/mental-health/talking-therapies-medicine-treatments/ failed quality assessment (Score: 20)
2025-07-27 12:46:32,558 - EnhancedCBTCollector - INFO - Starting enhanced collection from nhs_cbt: https://www.nhs.uk/mental-health/talking-therapies-medicine-treatments/talking-therapies-and-counselling/nhs-talking-therapies/
2025-07-27 12:46:32,592 - EnhancedCBTCollector - INFO - Collected high-quality content from https://www.nhs.uk/mental-health/talking-therapies-medicine-treatments/talking-therapies-and-counselling/nhs-talking-therapies/ (Score: 70)
2025-07-27 12:46:34,600 - EnhancedCBTCollector - INFO - Starting enhanced collection from nhs_cbt: https://www.nhs.uk/mental-health/talking-therapies-medicine-treatments/
2025-07-27 12:46:34,630 - EnhancedCBTCollector - WARNING - Content from https://www.nhs.uk/mental-health/talking-therapies-medicine-treatments/ failed quality assessment (Score: 20)
2025-07-27 12:46:36,641 - EnhancedCBTCollector - INFO - Starting enhanced collection from nhs_cbt: https://www.nhs.uk/mental-health/talking-therapies-medicine-treatments/talking-therapies-and-counselling/nhs-talking-therapies/
2025-07-27 12:46:36,674 - EnhancedCBTCollector - INFO - Collected high-quality content from https://www.nhs.uk/mental-health/talking-therapies-medicine-treatments/talking-therapies-and-counselling/nhs-talking-therapies/ (Score: 70)
2025-07-27 12:46:38,682 - EnhancedCBTCollector - INFO - Starting enhanced collection from nhs_cbt: https://www.nhs.uk/mental-health/talking-therapies-medicine-treatments/
2025-07-27 12:46:38,710 - EnhancedCBTCollector - WARNING - Content from https://www.nhs.uk/mental-health/talking-therapies-medicine-treatments/ failed quality assessment (Score: 20)
2025-07-27 12:46:40,714 - EnhancedCBTCollector - INFO - Starting enhanced collection from nhs_cbt: https://www.nhs.uk/mental-health/talking-therapies-medicine-treatments/talking-therapies-and-counselling/nhs-talking-therapies/
2025-07-27 12:46:40,755 - EnhancedCBTCollector - INFO - Collected high-quality content from https://www.nhs.uk/mental-health/talking-therapies-medicine-treatments/talking-therapies-and-counselling/nhs-talking-therapies/ (Score: 70)
2025-07-27 12:46:42,758 - EnhancedCBTCollector - INFO - Starting enhanced collection from nhs_cbt: https://www.nhs.uk/mental-health/talking-therapies-medicine-treatments/
2025-07-27 12:46:42,795 - EnhancedCBTCollector - WARNING - Content from https://www.nhs.uk/mental-health/talking-therapies-medicine-treatments/ failed quality assessment (Score: 20)
2025-07-27 12:46:44,802 - EnhancedCBTCollector - INFO - Starting enhanced collection from nhs_cbt: https://www.nhs.uk/mental-health/talking-therapies-medicine-treatments/talking-therapies-and-counselling/nhs-talking-therapies/
2025-07-27 12:46:44,849 - EnhancedCBTCollector - INFO - Collected high-quality content from https://www.nhs.uk/mental-health/talking-therapies-medicine-treatments/talking-therapies-and-counselling/nhs-talking-therapies/ (Score: 70)
2025-07-27 12:46:46,863 - EnhancedCBTCollector - INFO - Starting enhanced collection from nhs_cbt: https://www.nhs.uk/mental-health/talking-therapies-medicine-treatments/
2025-07-27 12:46:46,891 - EnhancedCBTCollector - WARNING - Content from https://www.nhs.uk/mental-health/talking-therapies-medicine-treatments/ failed quality assessment (Score: 20)
2025-07-27 12:46:48,903 - EnhancedCBTCollector - INFO - Starting enhanced collection from nhs_cbt: https://www.nhs.uk/mental-health/talking-therapies-medicine-treatments/talking-therapies-and-counselling/nhs-talking-therapies/
2025-07-27 12:46:48,939 - EnhancedCBTCollector - INFO - Collected high-quality content from https://www.nhs.uk/mental-health/talking-therapies-medicine-treatments/talking-therapies-and-counselling/nhs-talking-therapies/ (Score: 70)
2025-07-27 12:46:50,954 - EnhancedCBTCollector - INFO - Starting enhanced collection from nhs_cbt: https://www.nhs.uk/mental-health/talking-therapies-medicine-treatments/
2025-07-27 12:46:51,006 - EnhancedCBTCollector - WARNING - Content from https://www.nhs.uk/mental-health/talking-therapies-medicine-treatments/ failed quality assessment (Score: 20)
2025-07-27 12:46:53,007 - EnhancedCBTCollector - INFO - Starting enhanced collection from nhs_cbt: https://www.nhs.uk/mental-health/talking-therapies-medicine-treatments/talking-therapies-and-counselling/nhs-talking-therapies/
2025-07-27 12:46:53,040 - EnhancedCBTCollector - INFO - Collected high-quality content from https://www.nhs.uk/mental-health/talking-therapies-medicine-treatments/talking-therapies-and-counselling/nhs-talking-therapies/ (Score: 70)
2025-07-27 12:46:55,046 - EnhancedCBTCollector - INFO - Starting enhanced collection from nhs_cbt: https://www.nhs.uk/mental-health/talking-therapies-medicine-treatments/
2025-07-27 12:46:55,080 - EnhancedCBTCollector - WARNING - Content from https://www.nhs.uk/mental-health/talking-therapies-medicine-treatments/ failed quality assessment (Score: 20)
2025-07-27 12:46:57,091 - EnhancedCBTCollector - INFO - Starting enhanced collection from nhs_cbt: https://www.nhs.uk/mental-health/talking-therapies-medicine-treatments/talking-therapies-and-counselling/nhs-talking-therapies/
2025-07-27 12:46:57,148 - EnhancedCBTCollector - INFO - Collected high-quality content from https://www.nhs.uk/mental-health/talking-therapies-medicine-treatments/talking-therapies-and-counselling/nhs-talking-therapies/ (Score: 70)
2025-07-27 12:46:59,156 - EnhancedCBTCollector - INFO - Starting enhanced collection from nhs_cbt: https://www.nhs.uk/mental-health/talking-therapies-medicine-treatments/
2025-07-27 12:46:59,186 - EnhancedCBTCollector - WARNING - Content from https://www.nhs.uk/mental-health/talking-therapies-medicine-treatments/ failed quality assessment (Score: 20)
2025-07-27 12:47:01,198 - EnhancedCBTCollector - INFO - Starting enhanced collection from nhs_cbt: https://www.nhs.uk/mental-health/talking-therapies-medicine-treatments/talking-therapies-and-counselling/nhs-talking-therapies/
2025-07-27 12:47:01,232 - EnhancedCBTCollector - INFO - Collected high-quality content from https://www.nhs.uk/mental-health/talking-therapies-medicine-treatments/talking-therapies-and-counselling/nhs-talking-therapies/ (Score: 70)
2025-07-27 12:47:03,236 - EnhancedCBTCollector - INFO - Starting enhanced collection from nhs_cbt: https://www.nhs.uk/mental-health/talking-therapies-medicine-treatments/
2025-07-27 12:47:03,264 - EnhancedCBTCollector - WARNING - Content from https://www.nhs.uk/mental-health/talking-therapies-medicine-treatments/ failed quality assessment (Score: 20)
2025-07-27 12:47:05,273 - EnhancedCBTCollector - INFO - Starting enhanced collection from nhs_cbt: https://www.nhs.uk/mental-health/talking-therapies-medicine-treatments/talking-therapies-and-counselling/nhs-talking-therapies/
2025-07-27 12:47:05,333 - EnhancedCBTCollector - INFO - Collected high-quality content from https://www.nhs.uk/mental-health/talking-therapies-medicine-treatments/talking-therapies-and-counselling/nhs-talking-therapies/ (Score: 70)
2025-07-27 12:47:07,343 - EnhancedCBTCollector - INFO - Starting enhanced collection from nhs_cbt: https://www.nhs.uk/mental-health/talking-therapies-medicine-treatments/
2025-07-27 12:47:07,394 - EnhancedCBTCollector - WARNING - Content from https://www.nhs.uk/mental-health/talking-therapies-medicine-treatments/ failed quality assessment (Score: 20)
2025-07-27 12:47:09,400 - EnhancedCBTCollector - INFO - Starting enhanced collection from nhs_cbt: https://www.nhs.uk/mental-health/talking-therapies-medicine-treatments/talking-therapies-and-counselling/nhs-talking-therapies/
2025-07-27 12:47:09,438 - EnhancedCBTCollector - INFO - Collected high-quality content from https://www.nhs.uk/mental-health/talking-therapies-medicine-treatments/talking-therapies-and-counselling/nhs-talking-therapies/ (Score: 70)
2025-07-27 12:47:11,441 - EnhancedCBTCollector - INFO - Starting enhanced collection from nhs_cbt: https://www.nhs.uk/mental-health/talking-therapies-medicine-treatments/
2025-07-27 12:47:11,479 - EnhancedCBTCollector - WARNING - Content from https://www.nhs.uk/mental-health/talking-therapies-medicine-treatments/ failed quality assessment (Score: 20)
2025-07-27 12:47:13,484 - EnhancedCBTCollector - INFO - Starting enhanced collection from nhs_cbt: https://www.nhs.uk/mental-health/talking-therapies-medicine-treatments/talking-therapies-and-counselling/nhs-talking-therapies/
2025-07-27 12:47:13,520 - EnhancedCBTCollector - INFO - Collected high-quality content from https://www.nhs.uk/mental-health/talking-therapies-medicine-treatments/talking-therapies-and-counselling/nhs-talking-therapies/ (Score: 70)
2025-07-27 12:47:15,530 - EnhancedCBTCollector - INFO - Starting enhanced collection from nhs_cbt: https://www.nhs.uk/mental-health/talking-therapies-medicine-treatments/
2025-07-27 12:47:15,581 - EnhancedCBTCollector - WARNING - Content from https://www.nhs.uk/mental-health/talking-therapies-medicine-treatments/ failed quality assessment (Score: 20)
2025-07-27 12:47:17,586 - EnhancedCBTCollector - INFO - Starting enhanced collection from nhs_cbt: https://www.nhs.uk/mental-health/talking-therapies-medicine-treatments/talking-therapies-and-counselling/nhs-talking-therapies/
2025-07-27 12:47:17,643 - EnhancedCBTCollector - INFO - Collected high-quality content from https://www.nhs.uk/mental-health/talking-therapies-medicine-treatments/talking-therapies-and-counselling/nhs-talking-therapies/ (Score: 70)
2025-07-27 12:47:19,655 - EnhancedCBTCollector - INFO - Starting enhanced collection from nhs_cbt: https://www.nhs.uk/mental-health/talking-therapies-medicine-treatments/
2025-07-27 12:47:19,684 - EnhancedCBTCollector - WARNING - Content from https://www.nhs.uk/mental-health/talking-therapies-medicine-treatments/ failed quality assessment (Score: 20)
2025-07-27 12:47:21,693 - EnhancedCBTCollector - INFO - Starting enhanced collection from nhs_cbt: https://www.nhs.uk/mental-health/talking-therapies-medicine-treatments/talking-therapies-and-counselling/nhs-talking-therapies/
2025-07-27 12:47:21,750 - EnhancedCBTCollector - INFO - Collected high-quality content from https://www.nhs.uk/mental-health/talking-therapies-medicine-treatments/talking-therapies-and-counselling/nhs-talking-therapies/ (Score: 70)
2025-07-27 12:47:23,756 - EnhancedCBTCollector - INFO - Starting enhanced collection from nhs_cbt: https://www.nhs.uk/mental-health/talking-therapies-medicine-treatments/
2025-07-27 12:47:23,808 - EnhancedCBTCollector - WARNING - Content from https://www.nhs.uk/mental-health/talking-therapies-medicine-treatments/ failed quality assessment (Score: 20)
2025-07-27 12:47:25,823 - EnhancedCBTCollector - INFO - Starting enhanced collection from nhs_cbt: https://www.nhs.uk/mental-health/talking-therapies-medicine-treatments/talking-therapies-and-counselling/nhs-talking-therapies/
2025-07-27 12:47:25,859 - EnhancedCBTCollector - INFO - Collected high-quality content from https://www.nhs.uk/mental-health/talking-therapies-medicine-treatments/talking-therapies-and-counselling/nhs-talking-therapies/ (Score: 70)
2025-07-27 12:47:27,866 - EnhancedCBTCollector - INFO - Starting enhanced collection from nhs_cbt: https://www.nhs.uk/mental-health/talking-therapies-medicine-treatments/
2025-07-27 12:47:27,895 - EnhancedCBTCollector - WARNING - Content from https://www.nhs.uk/mental-health/talking-therapies-medicine-treatments/ failed quality assessment (Score: 20)
2025-07-27 12:47:29,910 - EnhancedCBTCollector - INFO - Starting enhanced collection from nhs_cbt: https://www.nhs.uk/mental-health/talking-therapies-medicine-treatments/talking-therapies-and-counselling/nhs-talking-therapies/
2025-07-27 12:47:29,941 - EnhancedCBTCollector - INFO - Collected high-quality content from https://www.nhs.uk/mental-health/talking-therapies-medicine-treatments/talking-therapies-and-counselling/nhs-talking-therapies/ (Score: 70)
2025-07-27 12:47:31,947 - EnhancedCBTCollector - INFO - Starting enhanced collection from nhs_cbt: https://www.nhs.uk/mental-health/talking-therapies-medicine-treatments/
2025-07-27 12:47:31,981 - EnhancedCBTCollector - WARNING - Content from https://www.nhs.uk/mental-health/talking-therapies-medicine-treatments/ failed quality assessment (Score: 20)
2025-07-27 12:47:33,988 - EnhancedCBTCollector - INFO - Starting enhanced collection from nhs_cbt: https://www.nhs.uk/mental-health/talking-therapies-medicine-treatments/talking-therapies-and-counselling/nhs-talking-therapies/
2025-07-27 12:47:34,027 - EnhancedCBTCollector - INFO - Collected high-quality content from https://www.nhs.uk/mental-health/talking-therapies-medicine-treatments/talking-therapies-and-counselling/nhs-talking-therapies/ (Score: 70)
2025-07-27 12:47:36,043 - EnhancedCBTCollector - INFO - Starting enhanced collection from nhs_cbt: https://www.nhs.uk/mental-health/talking-therapies-medicine-treatments/
2025-07-27 12:47:36,071 - EnhancedCBTCollector - WARNING - Content from https://www.nhs.uk/mental-health/talking-therapies-medicine-treatments/ failed quality assessment (Score: 20)
2025-07-27 12:47:38,083 - EnhancedCBTCollector - INFO - Starting enhanced collection from nhs_cbt: https://www.nhs.uk/mental-health/talking-therapies-medicine-treatments/talking-therapies-and-counselling/nhs-talking-therapies/
2025-07-27 12:47:38,116 - EnhancedCBTCollector - INFO - Collected high-quality content from https://www.nhs.uk/mental-health/talking-therapies-medicine-treatments/talking-therapies-and-counselling/nhs-talking-therapies/ (Score: 70)
2025-07-27 12:47:40,130 - EnhancedCBTCollector - INFO - Starting enhanced collection from nhs_cbt: https://www.nhs.uk/mental-health/talking-therapies-medicine-treatments/
2025-07-27 12:47:40,158 - EnhancedCBTCollector - WARNING - Content from https://www.nhs.uk/mental-health/talking-therapies-medicine-treatments/ failed quality assessment (Score: 20)
2025-07-27 12:47:42,172 - EnhancedCBTCollector - INFO - Starting enhanced collection from nhs_cbt: https://www.nhs.uk/mental-health/talking-therapies-medicine-treatments/talking-therapies-and-counselling/nhs-talking-therapies/
2025-07-27 12:47:42,230 - EnhancedCBTCollector - INFO - Collected high-quality content from https://www.nhs.uk/mental-health/talking-therapies-medicine-treatments/talking-therapies-and-counselling/nhs-talking-therapies/ (Score: 70)
2025-07-27 12:47:44,240 - EnhancedCBTCollector - INFO - Starting enhanced collection from nhs_cbt: https://www.nhs.uk/mental-health/talking-therapies-medicine-treatments/
2025-07-27 12:47:44,267 - EnhancedCBTCollector - WARNING - Content from https://www.nhs.uk/mental-health/talking-therapies-medicine-treatments/ failed quality assessment (Score: 20)
2025-07-27 12:47:46,280 - EnhancedCBTCollector - INFO - Starting enhanced collection from nhs_cbt: https://www.nhs.uk/mental-health/talking-therapies-medicine-treatments/talking-therapies-and-counselling/nhs-talking-therapies/
2025-07-27 12:47:46,313 - EnhancedCBTCollector - INFO - Collected high-quality content from https://www.nhs.uk/mental-health/talking-therapies-medicine-treatments/talking-therapies-and-counselling/nhs-talking-therapies/ (Score: 70)
2025-07-27 12:47:48,319 - EnhancedCBTCollector - INFO - Starting enhanced collection from nhs_cbt: https://www.nhs.uk/mental-health/talking-therapies-medicine-treatments/
2025-07-27 12:47:48,380 - EnhancedCBTCollector - WARNING - Content from https://www.nhs.uk/mental-health/talking-therapies-medicine-treatments/ failed quality assessment (Score: 20)
2025-07-27 12:47:50,390 - EnhancedCBTCollector - INFO - Starting enhanced collection from nhs_cbt: https://www.nhs.uk/mental-health/talking-therapies-medicine-treatments/talking-therapies-and-counselling/nhs-talking-therapies/
2025-07-27 12:47:50,422 - EnhancedCBTCollector - INFO - Collected high-quality content from https://www.nhs.uk/mental-health/talking-therapies-medicine-treatments/talking-therapies-and-counselling/nhs-talking-therapies/ (Score: 70)
2025-07-27 12:47:52,423 - EnhancedCBTCollector - INFO - Starting enhanced collection from nhs_cbt: https://www.nhs.uk/mental-health/talking-therapies-medicine-treatments/
2025-07-27 12:47:52,452 - EnhancedCBTCollector - WARNING - Content from https://www.nhs.uk/mental-health/talking-therapies-medicine-treatments/ failed quality assessment (Score: 20)
2025-07-27 12:47:54,468 - EnhancedCBTCollector - INFO - Starting enhanced collection from nhs_cbt: https://www.nhs.uk/mental-health/talking-therapies-medicine-treatments/talking-therapies-and-counselling/nhs-talking-therapies/
2025-07-27 12:47:54,508 - EnhancedCBTCollector - INFO - Collected high-quality content from https://www.nhs.uk/mental-health/talking-therapies-medicine-treatments/talking-therapies-and-counselling/nhs-talking-therapies/ (Score: 70)
2025-07-27 12:47:56,524 - EnhancedCBTCollector - INFO - Starting enhanced collection from nhs_cbt: https://www.nhs.uk/mental-health/talking-therapies-medicine-treatments/
2025-07-27 12:47:56,553 - EnhancedCBTCollector - WARNING - Content from https://www.nhs.uk/mental-health/talking-therapies-medicine-treatments/ failed quality assessment (Score: 20)
2025-07-27 12:47:58,567 - EnhancedCBTCollector - INFO - Starting enhanced collection from nhs_cbt: https://www.nhs.uk/mental-health/talking-therapies-medicine-treatments/talking-therapies-and-counselling/nhs-talking-therapies/
2025-07-27 12:47:58,603 - EnhancedCBTCollector - INFO - Collected high-quality content from https://www.nhs.uk/mental-health/talking-therapies-medicine-treatments/talking-therapies-and-counselling/nhs-talking-therapies/ (Score: 70)
2025-07-27 12:48:00,613 - EnhancedCBTCollector - INFO - Starting enhanced collection from nhs_cbt: https://www.nhs.uk/mental-health/talking-therapies-medicine-treatments/
2025-07-27 12:48:00,642 - EnhancedCBTCollector - WARNING - Content from https://www.nhs.uk/mental-health/talking-therapies-medicine-treatments/ failed quality assessment (Score: 20)
2025-07-27 12:48:02,657 - EnhancedCBTCollector - INFO - Starting enhanced collection from nhs_cbt: https://www.nhs.uk/mental-health/talking-therapies-medicine-treatments/talking-therapies-and-counselling/nhs-talking-therapies/
2025-07-27 12:48:02,699 - EnhancedCBTCollector - INFO - Collected high-quality content from https://www.nhs.uk/mental-health/talking-therapies-medicine-treatments/talking-therapies-and-counselling/nhs-talking-therapies/ (Score: 70)
2025-07-27 12:48:04,713 - EnhancedCBTCollector - INFO - Starting enhanced collection from nhs_cbt: https://www.nhs.uk/mental-health/talking-therapies-medicine-treatments/
2025-07-27 12:48:04,766 - EnhancedCBTCollector - WARNING - Content from https://www.nhs.uk/mental-health/talking-therapies-medicine-treatments/ failed quality assessment (Score: 20)
2025-07-27 12:48:06,781 - EnhancedCBTCollector - INFO - Starting enhanced collection from nhs_cbt: https://www.nhs.uk/mental-health/talking-therapies-medicine-treatments/talking-therapies-and-counselling/nhs-talking-therapies/
2025-07-27 12:48:06,815 - EnhancedCBTCollector - INFO - Collected high-quality content from https://www.nhs.uk/mental-health/talking-therapies-medicine-treatments/talking-therapies-and-counselling/nhs-talking-therapies/ (Score: 70)
2025-07-27 12:48:08,826 - EnhancedCBTCollector - INFO - Starting enhanced collection from nhs_cbt: https://www.nhs.uk/mental-health/talking-therapies-medicine-treatments/
2025-07-27 12:48:08,878 - EnhancedCBTCollector - WARNING - Content from https://www.nhs.uk/mental-health/talking-therapies-medicine-treatments/ failed quality assessment (Score: 20)
2025-07-27 12:48:10,879 - EnhancedCBTCollector - INFO - Starting enhanced collection from nhs_cbt: https://www.nhs.uk/mental-health/talking-therapies-medicine-treatments/talking-therapies-and-counselling/nhs-talking-therapies/
2025-07-27 12:48:10,922 - EnhancedCBTCollector - INFO - Collected high-quality content from https://www.nhs.uk/mental-health/talking-therapies-medicine-treatments/talking-therapies-and-counselling/nhs-talking-therapies/ (Score: 70)
2025-07-27 12:48:12,926 - EnhancedCBTCollector - INFO - Starting enhanced collection from nhs_cbt: https://www.nhs.uk/mental-health/talking-therapies-medicine-treatments/
2025-07-27 12:48:12,958 - EnhancedCBTCollector - WARNING - Content from https://www.nhs.uk/mental-health/talking-therapies-medicine-treatments/ failed quality assessment (Score: 20)
2025-07-27 12:48:14,968 - EnhancedCBTCollector - INFO - Starting enhanced collection from nhs_cbt: https://www.nhs.uk/mental-health/talking-therapies-medicine-treatments/talking-therapies-and-counselling/nhs-talking-therapies/
2025-07-27 12:48:15,006 - EnhancedCBTCollector - INFO - Collected high-quality content from https://www.nhs.uk/mental-health/talking-therapies-medicine-treatments/talking-therapies-and-counselling/nhs-talking-therapies/ (Score: 70)
2025-07-27 12:48:17,014 - EnhancedCBTCollector - INFO - Starting enhanced collection from nhs_cbt: https://www.nhs.uk/mental-health/talking-therapies-medicine-treatments/
2025-07-27 12:48:17,050 - EnhancedCBTCollector - WARNING - Content from https://www.nhs.uk/mental-health/talking-therapies-medicine-treatments/ failed quality assessment (Score: 20)
2025-07-27 12:48:19,065 - EnhancedCBTCollector - INFO - Starting enhanced collection from nhs_cbt: https://www.nhs.uk/mental-health/talking-therapies-medicine-treatments/talking-therapies-and-counselling/nhs-talking-therapies/
2025-07-27 12:48:19,100 - EnhancedCBTCollector - INFO - Collected high-quality content from https://www.nhs.uk/mental-health/talking-therapies-medicine-treatments/talking-therapies-and-counselling/nhs-talking-therapies/ (Score: 70)
2025-07-27 12:48:21,106 - EnhancedCBTCollector - INFO - Starting enhanced collection from nhs_cbt: https://www.nhs.uk/mental-health/talking-therapies-medicine-treatments/
2025-07-27 12:48:21,134 - EnhancedCBTCollector - WARNING - Content from https://www.nhs.uk/mental-health/talking-therapies-medicine-treatments/ failed quality assessment (Score: 20)
2025-07-27 12:48:23,142 - EnhancedCBTCollector - INFO - Starting enhanced collection from nhs_cbt: https://www.nhs.uk/mental-health/talking-therapies-medicine-treatments/talking-therapies-and-counselling/nhs-talking-therapies/
2025-07-27 12:48:23,175 - EnhancedCBTCollector - INFO - Collected high-quality content from https://www.nhs.uk/mental-health/talking-therapies-medicine-treatments/talking-therapies-and-counselling/nhs-talking-therapies/ (Score: 70)
2025-07-27 12:48:25,188 - EnhancedCBTCollector - INFO - Starting enhanced collection from nhs_cbt: https://www.nhs.uk/mental-health/talking-therapies-medicine-treatments/
2025-07-27 12:48:25,217 - EnhancedCBTCollector - WARNING - Content from https://www.nhs.uk/mental-health/talking-therapies-medicine-treatments/ failed quality assessment (Score: 20)
2025-07-27 12:48:27,229 - EnhancedCBTCollector - INFO - Starting enhanced collection from nhs_cbt: https://www.nhs.uk/mental-health/talking-therapies-medicine-treatments/talking-therapies-and-counselling/nhs-talking-therapies/
2025-07-27 12:48:27,287 - EnhancedCBTCollector - INFO - Collected high-quality content from https://www.nhs.uk/mental-health/talking-therapies-medicine-treatments/talking-therapies-and-counselling/nhs-talking-therapies/ (Score: 70)
2025-07-27 12:48:29,301 - EnhancedCBTCollector - INFO - Starting enhanced collection from nhs_cbt: https://www.nhs.uk/mental-health/talking-therapies-medicine-treatments/
2025-07-27 12:48:29,355 - EnhancedCBTCollector - WARNING - Content from https://www.nhs.uk/mental-health/talking-therapies-medicine-treatments/ failed quality assessment (Score: 20)
2025-07-27 12:48:31,359 - EnhancedCBTCollector - INFO - Starting enhanced collection from nhs_cbt: https://www.nhs.uk/mental-health/talking-therapies-medicine-treatments/talking-therapies-and-counselling/nhs-talking-therapies/
2025-07-27 12:48:31,416 - EnhancedCBTCollector - INFO - Collected high-quality content from https://www.nhs.uk/mental-health/talking-therapies-medicine-treatments/talking-therapies-and-counselling/nhs-talking-therapies/ (Score: 70)
2025-07-27 12:48:33,417 - EnhancedCBTCollector - INFO - Starting enhanced collection from nhs_cbt: https://www.nhs.uk/mental-health/talking-therapies-medicine-treatments/
2025-07-27 12:48:33,446 - EnhancedCBTCollector - WARNING - Content from https://www.nhs.uk/mental-health/talking-therapies-medicine-treatments/ failed quality assessment (Score: 20)
2025-07-27 12:48:35,455 - EnhancedCBTCollector - INFO - Starting enhanced collection from nhs_cbt: https://www.nhs.uk/mental-health/talking-therapies-medicine-treatments/talking-therapies-and-counselling/nhs-talking-therapies/
2025-07-27 12:48:35,513 - EnhancedCBTCollector - INFO - Collected high-quality content from https://www.nhs.uk/mental-health/talking-therapies-medicine-treatments/talking-therapies-and-counselling/nhs-talking-therapies/ (Score: 70)
2025-07-27 12:48:37,515 - EnhancedCBTCollector - INFO - Starting enhanced collection from nhs_cbt: https://www.nhs.uk/mental-health/talking-therapies-medicine-treatments/
2025-07-27 12:48:37,551 - EnhancedCBTCollector - WARNING - Content from https://www.nhs.uk/mental-health/talking-therapies-medicine-treatments/ failed quality assessment (Score: 20)
2025-07-27 12:48:39,565 - EnhancedCBTCollector - INFO - Starting enhanced collection from nhs_cbt: https://www.nhs.uk/mental-health/talking-therapies-medicine-treatments/talking-therapies-and-counselling/nhs-talking-therapies/
2025-07-27 12:48:39,623 - EnhancedCBTCollector - INFO - Collected high-quality content from https://www.nhs.uk/mental-health/talking-therapies-medicine-treatments/talking-therapies-and-counselling/nhs-talking-therapies/ (Score: 70)
2025-07-27 12:48:41,641 - EnhancedCBTCollector - INFO - Starting enhanced collection from nhs_cbt: https://www.nhs.uk/mental-health/talking-therapies-medicine-treatments/
2025-07-27 12:48:41,692 - EnhancedCBTCollector - WARNING - Content from https://www.nhs.uk/mental-health/talking-therapies-medicine-treatments/ failed quality assessment (Score: 20)
2025-07-27 12:48:43,697 - EnhancedCBTCollector - INFO - Starting enhanced collection from nhs_cbt: https://www.nhs.uk/mental-health/talking-therapies-medicine-treatments/talking-therapies-and-counselling/nhs-talking-therapies/
2025-07-27 12:48:43,730 - EnhancedCBTCollector - INFO - Collected high-quality content from https://www.nhs.uk/mental-health/talking-therapies-medicine-treatments/talking-therapies-and-counselling/nhs-talking-therapies/ (Score: 70)
2025-07-27 12:48:45,741 - EnhancedCBTCollector - INFO - Starting enhanced collection from nhs_cbt: https://www.nhs.uk/mental-health/talking-therapies-medicine-treatments/
2025-07-27 12:48:45,777 - EnhancedCBTCollector - WARNING - Content from https://www.nhs.uk/mental-health/talking-therapies-medicine-treatments/ failed quality assessment (Score: 20)
2025-07-27 12:48:47,785 - EnhancedCBTCollector - INFO - Starting enhanced collection from nhs_cbt: https://www.nhs.uk/mental-health/talking-therapies-medicine-treatments/talking-therapies-and-counselling/nhs-talking-therapies/
2025-07-27 12:48:47,817 - EnhancedCBTCollector - INFO - Collected high-quality content from https://www.nhs.uk/mental-health/talking-therapies-medicine-treatments/talking-therapies-and-counselling/nhs-talking-therapies/ (Score: 70)
2025-07-27 12:48:49,821 - EnhancedCBTCollector - INFO - Starting enhanced collection from nhs_cbt: https://www.nhs.uk/mental-health/talking-therapies-medicine-treatments/
2025-07-27 12:48:49,849 - EnhancedCBTCollector - WARNING - Content from https://www.nhs.uk/mental-health/talking-therapies-medicine-treatments/ failed quality assessment (Score: 20)
2025-07-27 12:48:51,854 - EnhancedCBTCollector - INFO - Starting enhanced collection from nhs_cbt: https://www.nhs.uk/mental-health/talking-therapies-medicine-treatments/talking-therapies-and-counselling/nhs-talking-therapies/
2025-07-27 12:48:51,887 - EnhancedCBTCollector - INFO - Collected high-quality content from https://www.nhs.uk/mental-health/talking-therapies-medicine-treatments/talking-therapies-and-counselling/nhs-talking-therapies/ (Score: 70)
2025-07-27 12:48:53,894 - EnhancedCBTCollector - INFO - Starting enhanced collection from nhs_cbt: https://www.nhs.uk/mental-health/talking-therapies-medicine-treatments/
2025-07-27 12:48:53,948 - EnhancedCBTCollector - WARNING - Content from https://www.nhs.uk/mental-health/talking-therapies-medicine-treatments/ failed quality assessment (Score: 20)
2025-07-27 12:48:55,962 - EnhancedCBTCollector - INFO - Starting enhanced collection from nhs_cbt: https://www.nhs.uk/mental-health/talking-therapies-medicine-treatments/talking-therapies-and-counselling/nhs-talking-therapies/
2025-07-27 12:48:55,998 - EnhancedCBTCollector - INFO - Collected high-quality content from https://www.nhs.uk/mental-health/talking-therapies-medicine-treatments/talking-therapies-and-counselling/nhs-talking-therapies/ (Score: 70)
2025-07-27 12:48:58,014 - EnhancedCBTCollector - INFO - Starting enhanced collection from nhs_cbt: https://www.nhs.uk/mental-health/talking-therapies-medicine-treatments/
2025-07-27 12:48:58,049 - EnhancedCBTCollector - WARNING - Content from https://www.nhs.uk/mental-health/talking-therapies-medicine-treatments/ failed quality assessment (Score: 20)
2025-07-27 12:49:00,067 - EnhancedCBTCollector - INFO - Starting enhanced collection from nhs_cbt: https://www.nhs.uk/mental-health/talking-therapies-medicine-treatments/talking-therapies-and-counselling/nhs-talking-therapies/
2025-07-27 12:49:00,110 - EnhancedCBTCollector - INFO - Collected high-quality content from https://www.nhs.uk/mental-health/talking-therapies-medicine-treatments/talking-therapies-and-counselling/nhs-talking-therapies/ (Score: 70)
2025-07-27 12:49:02,121 - EnhancedCBTCollector - INFO - Starting enhanced collection from nhs_cbt: https://www.nhs.uk/mental-health/talking-therapies-medicine-treatments/
2025-07-27 12:49:02,150 - EnhancedCBTCollector - WARNING - Content from https://www.nhs.uk/mental-health/talking-therapies-medicine-treatments/ failed quality assessment (Score: 20)
2025-07-27 12:49:04,156 - EnhancedCBTCollector - INFO - Starting enhanced collection from nhs_cbt: https://www.nhs.uk/mental-health/talking-therapies-medicine-treatments/talking-therapies-and-counselling/nhs-talking-therapies/
2025-07-27 12:49:04,188 - EnhancedCBTCollector - INFO - Collected high-quality content from https://www.nhs.uk/mental-health/talking-therapies-medicine-treatments/talking-therapies-and-counselling/nhs-talking-therapies/ (Score: 70)
2025-07-27 12:49:06,195 - EnhancedCBTCollector - INFO - Starting enhanced collection from nhs_cbt: https://www.nhs.uk/mental-health/talking-therapies-medicine-treatments/
2025-07-27 12:49:06,224 - EnhancedCBTCollector - WARNING - Content from https://www.nhs.uk/mental-health/talking-therapies-medicine-treatments/ failed quality assessment (Score: 20)
2025-07-27 12:49:08,235 - EnhancedCBTCollector - INFO - Starting enhanced collection from nhs_cbt: https://www.nhs.uk/mental-health/talking-therapies-medicine-treatments/talking-therapies-and-counselling/nhs-talking-therapies/
2025-07-27 12:49:08,267 - EnhancedCBTCollector - INFO - Collected high-quality content from https://www.nhs.uk/mental-health/talking-therapies-medicine-treatments/talking-therapies-and-counselling/nhs-talking-therapies/ (Score: 70)
2025-07-27 12:49:10,278 - EnhancedCBTCollector - INFO - Starting enhanced collection from nhs_cbt: https://www.nhs.uk/mental-health/talking-therapies-medicine-treatments/
2025-07-27 12:49:10,305 - EnhancedCBTCollector - WARNING - Content from https://www.nhs.uk/mental-health/talking-therapies-medicine-treatments/ failed quality assessment (Score: 20)
2025-07-27 12:49:12,321 - EnhancedCBTCollector - INFO - Starting enhanced collection from nhs_cbt: https://www.nhs.uk/mental-health/talking-therapies-medicine-treatments/talking-therapies-and-counselling/nhs-talking-therapies/
2025-07-27 12:49:12,357 - EnhancedCBTCollector - INFO - Collected high-quality content from https://www.nhs.uk/mental-health/talking-therapies-medicine-treatments/talking-therapies-and-counselling/nhs-talking-therapies/ (Score: 70)
2025-07-27 12:49:14,366 - EnhancedCBTCollector - INFO - Starting enhanced collection from nhs_cbt: https://www.nhs.uk/mental-health/talking-therapies-medicine-treatments/
2025-07-27 12:49:14,395 - EnhancedCBTCollector - WARNING - Content from https://www.nhs.uk/mental-health/talking-therapies-medicine-treatments/ failed quality assessment (Score: 20)
2025-07-27 12:49:16,410 - EnhancedCBTCollector - INFO - Starting enhanced collection from nhs_cbt: https://www.nhs.uk/mental-health/talking-therapies-medicine-treatments/talking-therapies-and-counselling/nhs-talking-therapies/
2025-07-27 12:49:16,446 - EnhancedCBTCollector - INFO - Collected high-quality content from https://www.nhs.uk/mental-health/talking-therapies-medicine-treatments/talking-therapies-and-counselling/nhs-talking-therapies/ (Score: 70)
2025-07-27 12:49:18,459 - EnhancedCBTCollector - INFO - Starting enhanced collection from nhs_cbt: https://www.nhs.uk/mental-health/talking-therapies-medicine-treatments/
2025-07-27 12:49:18,518 - EnhancedCBTCollector - WARNING - Content from https://www.nhs.uk/mental-health/talking-therapies-medicine-treatments/ failed quality assessment (Score: 20)
2025-07-27 12:49:20,530 - EnhancedCBTCollector - INFO - Starting enhanced collection from nhs_cbt: https://www.nhs.uk/mental-health/talking-therapies-medicine-treatments/talking-therapies-and-counselling/nhs-talking-therapies/
2025-07-27 12:49:20,567 - EnhancedCBTCollector - INFO - Collected high-quality content from https://www.nhs.uk/mental-health/talking-therapies-medicine-treatments/talking-therapies-and-counselling/nhs-talking-therapies/ (Score: 70)
2025-07-27 12:49:22,583 - EnhancedCBTCollector - INFO - Starting enhanced collection from nhs_cbt: https://www.nhs.uk/mental-health/talking-therapies-medicine-treatments/
2025-07-27 12:49:22,636 - EnhancedCBTCollector - WARNING - Content from https://www.nhs.uk/mental-health/talking-therapies-medicine-treatments/ failed quality assessment (Score: 20)
2025-07-27 12:49:24,650 - EnhancedCBTCollector - INFO - Starting enhanced collection from nhs_cbt: https://www.nhs.uk/mental-health/talking-therapies-medicine-treatments/talking-therapies-and-counselling/nhs-talking-therapies/
2025-07-27 12:49:24,685 - EnhancedCBTCollector - INFO - Collected high-quality content from https://www.nhs.uk/mental-health/talking-therapies-medicine-treatments/talking-therapies-and-counselling/nhs-talking-therapies/ (Score: 70)
2025-07-27 12:49:26,687 - EnhancedCBTCollector - INFO - Starting enhanced collection from nhs_cbt: https://www.nhs.uk/mental-health/talking-therapies-medicine-treatments/
2025-07-27 12:49:26,716 - EnhancedCBTCollector - WARNING - Content from https://www.nhs.uk/mental-health/talking-therapies-medicine-treatments/ failed quality assessment (Score: 20)
2025-07-27 12:49:28,724 - EnhancedCBTCollector - INFO - Starting enhanced collection from nhs_cbt: https://www.nhs.uk/mental-health/talking-therapies-medicine-treatments/talking-therapies-and-counselling/nhs-talking-therapies/
2025-07-27 12:49:28,758 - EnhancedCBTCollector - INFO - Collected high-quality content from https://www.nhs.uk/mental-health/talking-therapies-medicine-treatments/talking-therapies-and-counselling/nhs-talking-therapies/ (Score: 70)
2025-07-27 12:49:30,762 - EnhancedCBTCollector - INFO - Starting enhanced collection from nhs_cbt: https://www.nhs.uk/mental-health/talking-therapies-medicine-treatments/
2025-07-27 12:49:30,790 - EnhancedCBTCollector - WARNING - Content from https://www.nhs.uk/mental-health/talking-therapies-medicine-treatments/ failed quality assessment (Score: 20)
2025-07-27 12:49:32,804 - EnhancedCBTCollector - INFO - Starting enhanced collection from nhs_cbt: https://www.nhs.uk/mental-health/talking-therapies-medicine-treatments/talking-therapies-and-counselling/nhs-talking-therapies/
2025-07-27 12:49:32,841 - EnhancedCBTCollector - INFO - Collected high-quality content from https://www.nhs.uk/mental-health/talking-therapies-medicine-treatments/talking-therapies-and-counselling/nhs-talking-therapies/ (Score: 70)
2025-07-27 12:49:34,850 - EnhancedCBTCollector - INFO - Starting enhanced collection from nhs_cbt: https://www.nhs.uk/mental-health/talking-therapies-medicine-treatments/
2025-07-27 12:49:34,902 - EnhancedCBTCollector - WARNING - Content from https://www.nhs.uk/mental-health/talking-therapies-medicine-treatments/ failed quality assessment (Score: 20)
2025-07-27 12:49:36,908 - EnhancedCBTCollector - INFO - Starting enhanced collection from nhs_cbt: https://www.nhs.uk/mental-health/talking-therapies-medicine-treatments/talking-therapies-and-counselling/nhs-talking-therapies/
2025-07-27 12:49:36,940 - EnhancedCBTCollector - INFO - Collected high-quality content from https://www.nhs.uk/mental-health/talking-therapies-medicine-treatments/talking-therapies-and-counselling/nhs-talking-therapies/ (Score: 70)
2025-07-27 12:49:38,949 - EnhancedCBTCollector - INFO - Starting enhanced collection from nhs_cbt: https://www.nhs.uk/mental-health/talking-therapies-medicine-treatments/
2025-07-27 12:49:39,001 - EnhancedCBTCollector - WARNING - Content from https://www.nhs.uk/mental-health/talking-therapies-medicine-treatments/ failed quality assessment (Score: 20)
2025-07-27 12:49:41,015 - EnhancedCBTCollector - INFO - Starting enhanced collection from nhs_cbt: https://www.nhs.uk/mental-health/talking-therapies-medicine-treatments/talking-therapies-and-counselling/nhs-talking-therapies/
2025-07-27 12:49:41,052 - EnhancedCBTCollector - INFO - Collected high-quality content from https://www.nhs.uk/mental-health/talking-therapies-medicine-treatments/talking-therapies-and-counselling/nhs-talking-therapies/ (Score: 70)
2025-07-27 12:49:43,055 - EnhancedCBTCollector - INFO - Starting enhanced collection from nhs_cbt: https://www.nhs.uk/mental-health/talking-therapies-medicine-treatments/
2025-07-27 12:49:43,110 - EnhancedCBTCollector - WARNING - Content from https://www.nhs.uk/mental-health/talking-therapies-medicine-treatments/ failed quality assessment (Score: 20)
2025-07-27 12:49:45,112 - EnhancedCBTCollector - INFO - Starting enhanced collection from nhs_cbt: https://www.nhs.uk/mental-health/talking-therapies-medicine-treatments/talking-therapies-and-counselling/nhs-talking-therapies/
2025-07-27 12:49:45,146 - EnhancedCBTCollector - INFO - Collected high-quality content from https://www.nhs.uk/mental-health/talking-therapies-medicine-treatments/talking-therapies-and-counselling/nhs-talking-therapies/ (Score: 70)
2025-07-27 12:49:47,153 - EnhancedCBTCollector - INFO - Starting enhanced collection from nhs_cbt: https://www.nhs.uk/mental-health/talking-therapies-medicine-treatments/
2025-07-27 12:49:47,182 - EnhancedCBTCollector - WARNING - Content from https://www.nhs.uk/mental-health/talking-therapies-medicine-treatments/ failed quality assessment (Score: 20)
2025-07-27 12:49:49,198 - EnhancedCBTCollector - INFO - Starting enhanced collection from nhs_cbt: https://www.nhs.uk/mental-health/talking-therapies-medicine-treatments/talking-therapies-and-counselling/nhs-talking-therapies/
2025-07-27 12:49:49,234 - EnhancedCBTCollector - INFO - Collected high-quality content from https://www.nhs.uk/mental-health/talking-therapies-medicine-treatments/talking-therapies-and-counselling/nhs-talking-therapies/ (Score: 70)
2025-07-27 12:49:51,240 - EnhancedCBTCollector - INFO - Starting enhanced collection from nhs_cbt: https://www.nhs.uk/mental-health/talking-therapies-medicine-treatments/
2025-07-27 12:49:51,267 - EnhancedCBTCollector - WARNING - Content from https://www.nhs.uk/mental-health/talking-therapies-medicine-treatments/ failed quality assessment (Score: 20)
2025-07-27 12:49:53,281 - EnhancedCBTCollector - INFO - Starting enhanced collection from nhs_cbt: https://www.nhs.uk/mental-health/talking-therapies-medicine-treatments/talking-therapies-and-counselling/nhs-talking-therapies/
2025-07-27 12:49:53,314 - EnhancedCBTCollector - INFO - Collected high-quality content from https://www.nhs.uk/mental-health/talking-therapies-medicine-treatments/talking-therapies-and-counselling/nhs-talking-therapies/ (Score: 70)
2025-07-27 12:49:55,327 - EnhancedCBTCollector - INFO - Starting enhanced collection from nhs_cbt: https://www.nhs.uk/mental-health/talking-therapies-medicine-treatments/
2025-07-27 12:49:55,355 - EnhancedCBTCollector - WARNING - Content from https://www.nhs.uk/mental-health/talking-therapies-medicine-treatments/ failed quality assessment (Score: 20)
2025-07-27 12:49:57,358 - EnhancedCBTCollector - INFO - Starting enhanced collection from nhs_cbt: https://www.nhs.uk/mental-health/talking-therapies-medicine-treatments/talking-therapies-and-counselling/nhs-talking-therapies/
2025-07-27 12:49:57,380 - EnhancedCBTCollector - ERROR - Failed to collect from https://www.nhs.uk/mental-health/talking-therapies-medicine-treatments/talking-therapies-and-counselling/nhs-talking-therapies/: maximum recursion depth exceeded while calling a Python object
2025-07-27 12:49:59,382 - EnhancedCBTCollector - INFO - Starting enhanced collection from nhs_cbt: https://www.nhs.uk/mental-health/talking-therapies-medicine-treatments/talking-therapies-and-counselling/
2025-07-27 12:49:59,404 - EnhancedCBTCollector - ERROR - Failed to collect from https://www.nhs.uk/mental-health/talking-therapies-medicine-treatments/talking-therapies-and-counselling/: maximum recursion depth exceeded while calling a Python object
2025-07-27 12:50:01,414 - EnhancedCBTCollector - INFO - Starting enhanced collection from nhs_cbt: https://www.nhs.uk/mental-health/talking-therapies-medicine-treatments/medicines-and-psychiatry/
2025-07-27 12:50:01,437 - EnhancedCBTCollector - ERROR - Failed to collect from https://www.nhs.uk/mental-health/talking-therapies-medicine-treatments/medicines-and-psychiatry/: maximum recursion depth exceeded while calling a Python object
2025-07-27 12:50:03,440 - EnhancedCBTCollector - INFO - Starting enhanced collection from nhs_cbt: https://www.nhs.uk/mental-health/talking-therapies-medicine-treatments/talking-therapies-and-counselling/
2025-07-27 12:50:03,475 - EnhancedCBTCollector - WARNING - Content from https://www.nhs.uk/mental-health/talking-therapies-medicine-treatments/talking-therapies-and-counselling/ failed quality assessment (Score: 50)
2025-07-27 12:50:05,479 - EnhancedCBTCollector - INFO - Starting enhanced collection from nhs_cbt: https://www.nhs.uk/mental-health/talking-therapies-medicine-treatments/
2025-07-27 12:50:05,500 - EnhancedCBTCollector - ERROR - Failed to collect from https://www.nhs.uk/mental-health/talking-therapies-medicine-treatments/: maximum recursion depth exceeded while calling a Python object
2025-07-27 12:50:07,502 - EnhancedCBTCollector - INFO - Starting enhanced collection from nhs_cbt: https://www.nhs.uk/mental-health/talking-therapies-medicine-treatments/talking-therapies-and-counselling/benefits-of-talking-therapies/
2025-07-27 12:50:07,527 - EnhancedCBTCollector - ERROR - Failed to collect from https://www.nhs.uk/mental-health/talking-therapies-medicine-treatments/talking-therapies-and-counselling/benefits-of-talking-therapies/: maximum recursion depth exceeded while calling a Python object
2025-07-27 12:50:09,528 - EnhancedCBTCollector - INFO - Starting enhanced collection from nhs_cbt: https://www.nhs.uk/mental-health/talking-therapies-medicine-treatments/talking-therapies-and-counselling/
2025-07-27 12:50:09,559 - EnhancedCBTCollector - WARNING - Content from https://www.nhs.uk/mental-health/talking-therapies-medicine-treatments/talking-therapies-and-counselling/ failed quality assessment (Score: 50)
2025-07-27 12:50:11,570 - EnhancedCBTCollector - INFO - Starting enhanced collection from nhs_cbt: https://www.nhs.uk/mental-health/talking-therapies-medicine-treatments/
2025-07-27 12:50:11,608 - EnhancedCBTCollector - WARNING - Content from https://www.nhs.uk/mental-health/talking-therapies-medicine-treatments/ failed quality assessment (Score: 20)
2025-07-27 12:50:13,624 - EnhancedCBTCollector - INFO - Starting enhanced collection from nhs_cbt: https://www.nhs.uk/mental-health/talking-therapies-medicine-treatments/talking-therapies-and-counselling/nhs-talking-therapies/
2025-07-27 12:50:13,644 - EnhancedCBTCollector - ERROR - Failed to collect from https://www.nhs.uk/mental-health/talking-therapies-medicine-treatments/talking-therapies-and-counselling/nhs-talking-therapies/: maximum recursion depth exceeded while calling a Python object
2025-07-27 12:50:15,653 - EnhancedCBTCollector - INFO - Starting enhanced collection from nhs_cbt: https://www.nhs.uk/mental-health/talking-therapies-medicine-treatments/talking-therapies-and-counselling/
2025-07-27 12:50:15,703 - EnhancedCBTCollector - ERROR - Failed to collect from https://www.nhs.uk/mental-health/talking-therapies-medicine-treatments/talking-therapies-and-counselling/: maximum recursion depth exceeded while calling a Python object
2025-07-27 12:50:17,709 - EnhancedCBTCollector - INFO - Starting enhanced collection from nhs_cbt: https://www.nhs.uk/mental-health/talking-therapies-medicine-treatments/medicines-and-psychiatry/
2025-07-27 12:50:17,730 - EnhancedCBTCollector - ERROR - Failed to collect from https://www.nhs.uk/mental-health/talking-therapies-medicine-treatments/medicines-and-psychiatry/: maximum recursion depth exceeded while calling a Python object
2025-07-27 12:50:19,737 - EnhancedCBTCollector - INFO - Starting enhanced collection from nhs_cbt: https://www.nhs.uk/mental-health/talking-therapies-medicine-treatments/talking-therapies-and-counselling/benefits-of-talking-therapies/
2025-07-27 12:50:19,769 - EnhancedCBTCollector - WARNING - Content from https://www.nhs.uk/mental-health/talking-therapies-medicine-treatments/talking-therapies-and-counselling/benefits-of-talking-therapies/ failed quality assessment (Score: 45)
2025-07-27 12:50:21,778 - EnhancedCBTCollector - INFO - Starting enhanced collection from nhs_cbt: https://www.nhs.uk/mental-health/talking-therapies-medicine-treatments/
2025-07-27 12:50:21,803 - EnhancedCBTCollector - ERROR - Failed to collect from https://www.nhs.uk/mental-health/talking-therapies-medicine-treatments/: maximum recursion depth exceeded while calling a Python object
2025-07-27 12:50:23,805 - EnhancedCBTCollector - INFO - Starting enhanced collection from nhs_cbt: https://www.nhs.uk/mental-health/talking-therapies-medicine-treatments/talking-therapies-and-counselling/
2025-07-27 12:50:23,850 - EnhancedCBTCollector - ERROR - Failed to collect from https://www.nhs.uk/mental-health/talking-therapies-medicine-treatments/talking-therapies-and-counselling/: maximum recursion depth exceeded while calling a Python object
2025-07-27 12:50:25,856 - EnhancedCBTCollector - INFO - Starting enhanced collection from nhs_cbt: https://www.nhs.uk/mental-health/talking-therapies-medicine-treatments/medicines-and-psychiatry/
2025-07-27 12:50:25,908 - EnhancedCBTCollector - WARNING - Content from https://www.nhs.uk/mental-health/talking-therapies-medicine-treatments/medicines-and-psychiatry/ failed quality assessment (Score: 20)
2025-07-27 12:50:27,925 - EnhancedCBTCollector - INFO - Starting enhanced collection from nhs_cbt: https://www.nhs.uk/mental-health/talking-therapies-medicine-treatments/
2025-07-27 12:50:27,954 - EnhancedCBTCollector - WARNING - Content from https://www.nhs.uk/mental-health/talking-therapies-medicine-treatments/ failed quality assessment (Score: 20)
2025-07-27 12:50:29,964 - EnhancedCBTCollector - INFO - Starting enhanced collection from nhs_cbt: https://www.nhs.uk/mental-health/talking-therapies-medicine-treatments/talking-therapies-and-counselling/nhs-talking-therapies/
2025-07-27 12:50:29,984 - EnhancedCBTCollector - ERROR - Failed to collect from https://www.nhs.uk/mental-health/talking-therapies-medicine-treatments/talking-therapies-and-counselling/nhs-talking-therapies/: maximum recursion depth exceeded while calling a Python object
2025-07-27 12:50:31,988 - EnhancedCBTCollector - INFO - Starting enhanced collection from nhs_cbt: https://www.nhs.uk/mental-health/talking-therapies-medicine-treatments/talking-therapies-and-counselling/
2025-07-27 12:50:32,013 - EnhancedCBTCollector - ERROR - Failed to collect from https://www.nhs.uk/mental-health/talking-therapies-medicine-treatments/talking-therapies-and-counselling/: maximum recursion depth exceeded while calling a Python object
2025-07-27 12:50:34,018 - EnhancedCBTCollector - INFO - Starting enhanced collection from nhs_cbt: https://www.nhs.uk/mental-health/talking-therapies-medicine-treatments/medicines-and-psychiatry/
2025-07-27 12:50:34,039 - EnhancedCBTCollector - ERROR - Failed to collect from https://www.nhs.uk/mental-health/talking-therapies-medicine-treatments/medicines-and-psychiatry/: maximum recursion depth exceeded while calling a Python object
2025-07-27 12:50:36,047 - EnhancedCBTCollector - INFO - Starting enhanced collection from nhs_cbt: https://www.nhs.uk/mental-health/talking-therapies-medicine-treatments/medicines-and-psychiatry/psychiatry/
2025-07-27 12:50:36,081 - EnhancedCBTCollector - INFO - Collected high-quality content from https://www.nhs.uk/mental-health/talking-therapies-medicine-treatments/medicines-and-psychiatry/psychiatry/ (Score: 65)
2025-07-27 12:50:38,091 - EnhancedCBTCollector - INFO - Starting enhanced collection from nhs_cbt: https://www.nhs.uk/mental-health/talking-therapies-medicine-treatments/
2025-07-27 12:50:38,140 - EnhancedCBTCollector - ERROR - Failed to collect from https://www.nhs.uk/mental-health/talking-therapies-medicine-treatments/: maximum recursion depth exceeded while calling a Python object
2025-07-27 12:50:40,151 - EnhancedCBTCollector - INFO - Starting enhanced collection from nhs_cbt: https://www.nhs.uk/mental-health/talking-therapies-medicine-treatments/medicines-and-psychiatry/
2025-07-27 12:50:40,186 - EnhancedCBTCollector - ERROR - Failed to collect from https://www.nhs.uk/mental-health/talking-therapies-medicine-treatments/medicines-and-psychiatry/: maximum recursion depth exceeded while calling a Python object
2025-07-27 12:50:42,193 - EnhancedCBTCollector - INFO - Starting enhanced collection from nhs_cbt: https://www.nhs.uk/mental-health/talking-therapies-medicine-treatments/talking-therapies-and-counselling/
2025-07-27 12:50:42,223 - EnhancedCBTCollector - WARNING - Content from https://www.nhs.uk/mental-health/talking-therapies-medicine-treatments/talking-therapies-and-counselling/ failed quality assessment (Score: 50)
2025-07-27 12:50:44,231 - EnhancedCBTCollector - INFO - Starting enhanced collection from nhs_cbt: https://www.nhs.uk/mental-health/talking-therapies-medicine-treatments/
2025-07-27 12:50:44,260 - EnhancedCBTCollector - WARNING - Content from https://www.nhs.uk/mental-health/talking-therapies-medicine-treatments/ failed quality assessment (Score: 20)
2025-07-27 12:50:46,270 - EnhancedCBTCollector - INFO - Starting enhanced collection from nhs_cbt: https://www.nhs.uk/mental-health/talking-therapies-medicine-treatments/talking-therapies-and-counselling/nhs-talking-therapies/
2025-07-27 12:50:46,310 - EnhancedCBTCollector - INFO - Collected high-quality content from https://www.nhs.uk/mental-health/talking-therapies-medicine-treatments/talking-therapies-and-counselling/nhs-talking-therapies/ (Score: 70)
2025-07-27 12:50:48,324 - EnhancedCBTCollector - INFO - Starting enhanced collection from nhs_cbt: https://www.nhs.uk/mental-health/talking-therapies-medicine-treatments/
2025-07-27 12:50:48,344 - EnhancedCBTCollector - ERROR - Failed to collect from https://www.nhs.uk/mental-health/talking-therapies-medicine-treatments/: maximum recursion depth exceeded while calling a Python object
2025-07-27 12:50:50,348 - EnhancedCBTCollector - INFO - Starting enhanced collection from nhs_cbt: https://www.nhs.uk/mental-health/talking-therapies-medicine-treatments/talking-therapies-and-counselling/
2025-07-27 12:50:50,393 - EnhancedCBTCollector - ERROR - Failed to collect from https://www.nhs.uk/mental-health/talking-therapies-medicine-treatments/talking-therapies-and-counselling/: maximum recursion depth exceeded while calling a Python object
2025-07-27 12:50:52,394 - EnhancedCBTCollector - INFO - Starting enhanced collection from nhs_cbt: https://www.nhs.uk/mental-health/talking-therapies-medicine-treatments/talking-therapies-and-counselling/
2025-07-27 12:50:52,435 - EnhancedCBTCollector - WARNING - Content from https://www.nhs.uk/mental-health/talking-therapies-medicine-treatments/talking-therapies-and-counselling/ failed quality assessment (Score: 50)
2025-07-27 12:50:54,447 - EnhancedCBTCollector - INFO - Starting enhanced collection from nhs_cbt: https://www.nhs.uk/mental-health/talking-therapies-medicine-treatments/
2025-07-27 12:50:54,492 - EnhancedCBTCollector - ERROR - Failed to collect from https://www.nhs.uk/mental-health/talking-therapies-medicine-treatments/: maximum recursion depth exceeded while calling a Python object
2025-07-27 12:50:56,499 - EnhancedCBTCollector - INFO - Starting enhanced collection from nhs_cbt: https://www.nhs.uk/mental-health/talking-therapies-medicine-treatments/talking-therapies-and-counselling/benefits-of-talking-therapies/
2025-07-27 12:50:56,520 - EnhancedCBTCollector - ERROR - Failed to collect from https://www.nhs.uk/mental-health/talking-therapies-medicine-treatments/talking-therapies-and-counselling/benefits-of-talking-therapies/: maximum recursion depth exceeded while calling a Python object
2025-07-27 12:50:58,523 - EnhancedCBTCollector - INFO - Starting enhanced collection from nhs_cbt: https://www.nhs.uk/mental-health/talking-therapies-medicine-treatments/medicines-and-psychiatry/
2025-07-27 12:50:58,562 - EnhancedCBTCollector - WARNING - Content from https://www.nhs.uk/mental-health/talking-therapies-medicine-treatments/medicines-and-psychiatry/ failed quality assessment (Score: 20)
2025-07-27 12:51:00,577 - EnhancedCBTCollector - INFO - Starting enhanced collection from nhs_cbt: https://www.nhs.uk/mental-health/talking-therapies-medicine-treatments/
2025-07-27 12:51:00,599 - EnhancedCBTCollector - ERROR - Failed to collect from https://www.nhs.uk/mental-health/talking-therapies-medicine-treatments/: maximum recursion depth exceeded while calling a Python object
2025-07-27 12:51:02,601 - EnhancedCBTCollector - INFO - Starting enhanced collection from nhs_cbt: https://www.nhs.uk/mental-health/talking-therapies-medicine-treatments/medicines-and-psychiatry/psychiatry/
2025-07-27 12:51:02,635 - EnhancedCBTCollector - ERROR - Failed to collect from https://www.nhs.uk/mental-health/talking-therapies-medicine-treatments/medicines-and-psychiatry/psychiatry/: maximum recursion depth exceeded while calling a Python object
2025-07-27 12:51:04,648 - EnhancedCBTCollector - INFO - Starting enhanced collection from nhs_cbt: https://www.nhs.uk/mental-health/talking-therapies-medicine-treatments/talking-therapies-and-counselling/benefits-of-talking-therapies/
2025-07-27 12:51:04,684 - EnhancedCBTCollector - WARNING - Content from https://www.nhs.uk/mental-health/talking-therapies-medicine-treatments/talking-therapies-and-counselling/benefits-of-talking-therapies/ failed quality assessment (Score: 45)
2025-07-27 12:51:06,688 - EnhancedCBTCollector - INFO - Starting enhanced collection from nhs_cbt: https://www.nhs.uk/mental-health/talking-therapies-medicine-treatments/
2025-07-27 12:51:06,728 - EnhancedCBTCollector - WARNING - Content from https://www.nhs.uk/mental-health/talking-therapies-medicine-treatments/ failed quality assessment (Score: 20)
2025-07-27 12:51:08,733 - EnhancedCBTCollector - INFO - Starting enhanced collection from nhs_cbt: https://www.nhs.uk/mental-health/talking-therapies-medicine-treatments/talking-therapies-and-counselling/nhs-talking-therapies/
2025-07-27 12:51:08,759 - EnhancedCBTCollector - ERROR - Failed to collect from https://www.nhs.uk/mental-health/talking-therapies-medicine-treatments/talking-therapies-and-counselling/nhs-talking-therapies/: maximum recursion depth exceeded while calling a Python object
2025-07-27 12:51:10,761 - EnhancedCBTCollector - INFO - Starting enhanced collection from nhs_cbt: https://www.nhs.uk/mental-health/talking-therapies-medicine-treatments/talking-therapies-and-counselling/
2025-07-27 12:51:10,781 - EnhancedCBTCollector - ERROR - Failed to collect from https://www.nhs.uk/mental-health/talking-therapies-medicine-treatments/talking-therapies-and-counselling/: maximum recursion depth exceeded while calling a Python object
2025-07-27 12:51:12,788 - EnhancedCBTCollector - INFO - Starting enhanced collection from nhs_cbt: https://www.nhs.uk/mental-health/talking-therapies-medicine-treatments/medicines-and-psychiatry/
2025-07-27 12:51:12,808 - EnhancedCBTCollector - ERROR - Failed to collect from https://www.nhs.uk/mental-health/talking-therapies-medicine-treatments/medicines-and-psychiatry/: maximum recursion depth exceeded while calling a Python object
2025-07-27 12:51:14,810 - EnhancedCBTCollector - INFO - Starting enhanced collection from nhs_cbt: https://www.nhs.uk/mental-health/talking-therapies-medicine-treatments/talking-therapies-and-counselling/
2025-07-27 12:51:14,862 - EnhancedCBTCollector - WARNING - Content from https://www.nhs.uk/mental-health/talking-therapies-medicine-treatments/talking-therapies-and-counselling/ failed quality assessment (Score: 50)
2025-07-27 12:51:16,868 - EnhancedCBTCollector - INFO - Starting enhanced collection from nhs_cbt: https://www.nhs.uk/mental-health/talking-therapies-medicine-treatments/
2025-07-27 12:51:16,893 - EnhancedCBTCollector - ERROR - Failed to collect from https://www.nhs.uk/mental-health/talking-therapies-medicine-treatments/: maximum recursion depth exceeded while calling a Python object
2025-07-27 12:51:18,907 - EnhancedCBTCollector - INFO - Starting enhanced collection from nhs_cbt: https://www.nhs.uk/mental-health/talking-therapies-medicine-treatments/talking-therapies-and-counselling/benefits-of-talking-therapies/
2025-07-27 12:51:18,929 - EnhancedCBTCollector - ERROR - Failed to collect from https://www.nhs.uk/mental-health/talking-therapies-medicine-treatments/talking-therapies-and-counselling/benefits-of-talking-therapies/: maximum recursion depth exceeded while calling a Python object
2025-07-27 12:51:20,945 - EnhancedCBTCollector - INFO - Starting enhanced collection from nhs_cbt: https://www.nhs.uk/mental-health/talking-therapies-medicine-treatments/talking-therapies-and-counselling/
2025-07-27 12:51:21,000 - EnhancedCBTCollector - WARNING - Content from https://www.nhs.uk/mental-health/talking-therapies-medicine-treatments/talking-therapies-and-counselling/ failed quality assessment (Score: 50)
2025-07-27 12:51:23,006 - EnhancedCBTCollector - INFO - Starting enhanced collection from nhs_cbt: https://www.nhs.uk/mental-health/talking-therapies-medicine-treatments/
2025-07-27 12:51:23,034 - EnhancedCBTCollector - WARNING - Content from https://www.nhs.uk/mental-health/talking-therapies-medicine-treatments/ failed quality assessment (Score: 20)
2025-07-27 12:51:25,050 - EnhancedCBTCollector - INFO - Starting enhanced collection from nhs_cbt: https://www.nhs.uk/mental-health/talking-therapies-medicine-treatments/talking-therapies-and-counselling/nhs-talking-therapies/
2025-07-27 12:51:25,090 - EnhancedCBTCollector - INFO - Collected high-quality content from https://www.nhs.uk/mental-health/talking-therapies-medicine-treatments/talking-therapies-and-counselling/nhs-talking-therapies/ (Score: 70)
2025-07-27 12:51:27,106 - EnhancedCBTCollector - INFO - Starting enhanced collection from nhs_cbt: https://www.nhs.uk/mental-health/talking-therapies-medicine-treatments/
2025-07-27 12:51:27,159 - EnhancedCBTCollector - WARNING - Content from https://www.nhs.uk/mental-health/talking-therapies-medicine-treatments/ failed quality assessment (Score: 20)
2025-07-27 12:51:29,173 - EnhancedCBTCollector - INFO - Starting enhanced collection from nhs_cbt: https://www.nhs.uk/mental-health/talking-therapies-medicine-treatments/talking-therapies-and-counselling/nhs-talking-therapies/
2025-07-27 12:51:29,221 - EnhancedCBTCollector - ERROR - Failed to collect from https://www.nhs.uk/mental-health/talking-therapies-medicine-treatments/talking-therapies-and-counselling/nhs-talking-therapies/: maximum recursion depth exceeded while calling a Python object
2025-07-27 12:51:31,234 - EnhancedCBTCollector - INFO - Starting enhanced collection from nhs_cbt: https://www.nhs.uk/mental-health/talking-therapies-medicine-treatments/talking-therapies-and-counselling/
2025-07-27 12:51:31,256 - EnhancedCBTCollector - ERROR - Failed to collect from https://www.nhs.uk/mental-health/talking-therapies-medicine-treatments/talking-therapies-and-counselling/: maximum recursion depth exceeded while calling a Python object
2025-07-27 12:51:33,262 - EnhancedCBTCollector - INFO - Starting enhanced collection from nhs_cbt: https://www.nhs.uk/mental-health/talking-therapies-medicine-treatments/medicines-and-psychiatry/
2025-07-27 12:51:33,306 - EnhancedCBTCollector - ERROR - Failed to collect from https://www.nhs.uk/mental-health/talking-therapies-medicine-treatments/medicines-and-psychiatry/: maximum recursion depth exceeded while calling a Python object
2025-07-27 12:51:35,320 - EnhancedCBTCollector - INFO - Starting enhanced collection from nhs_cbt: https://www.nhs.uk/mental-health/talking-therapies-medicine-treatments/talking-therapies-and-counselling/
2025-07-27 12:51:35,373 - EnhancedCBTCollector - WARNING - Content from https://www.nhs.uk/mental-health/talking-therapies-medicine-treatments/talking-therapies-and-counselling/ failed quality assessment (Score: 50)
2025-07-27 12:51:37,388 - EnhancedCBTCollector - INFO - Starting enhanced collection from nhs_cbt: https://www.nhs.uk/mental-health/talking-therapies-medicine-treatments/
2025-07-27 12:51:37,414 - EnhancedCBTCollector - ERROR - Failed to collect from https://www.nhs.uk/mental-health/talking-therapies-medicine-treatments/: maximum recursion depth exceeded while calling a Python object
2025-07-27 12:51:39,428 - EnhancedCBTCollector - INFO - Starting enhanced collection from nhs_cbt: https://www.nhs.uk/mental-health/talking-therapies-medicine-treatments/talking-therapies-and-counselling/benefits-of-talking-therapies/
2025-07-27 12:51:39,473 - EnhancedCBTCollector - ERROR - Failed to collect from https://www.nhs.uk/mental-health/talking-therapies-medicine-treatments/talking-therapies-and-counselling/benefits-of-talking-therapies/: maximum recursion depth exceeded while calling a Python object
2025-07-27 12:51:41,478 - EnhancedCBTCollector - INFO - Starting enhanced collection from nhs_cbt: https://www.nhs.uk/mental-health/talking-therapies-medicine-treatments/talking-therapies-and-counselling/
2025-07-27 12:51:41,508 - EnhancedCBTCollector - WARNING - Content from https://www.nhs.uk/mental-health/talking-therapies-medicine-treatments/talking-therapies-and-counselling/ failed quality assessment (Score: 50)
2025-07-27 12:51:43,519 - EnhancedCBTCollector - INFO - Starting enhanced collection from nhs_cbt: https://www.nhs.uk/mental-health/talking-therapies-medicine-treatments/
2025-07-27 12:51:43,576 - EnhancedCBTCollector - WARNING - Content from https://www.nhs.uk/mental-health/talking-therapies-medicine-treatments/ failed quality assessment (Score: 20)
2025-07-27 12:51:45,590 - EnhancedCBTCollector - INFO - Starting enhanced collection from nhs_cbt: https://www.nhs.uk/mental-health/talking-therapies-medicine-treatments/talking-therapies-and-counselling/nhs-talking-therapies/
2025-07-27 12:51:45,636 - EnhancedCBTCollector - ERROR - Failed to collect from https://www.nhs.uk/mental-health/talking-therapies-medicine-treatments/talking-therapies-and-counselling/nhs-talking-therapies/: maximum recursion depth exceeded while calling a Python object
2025-07-27 12:51:47,651 - EnhancedCBTCollector - INFO - Starting enhanced collection from nhs_cbt: https://www.nhs.uk/mental-health/talking-therapies-medicine-treatments/talking-therapies-and-counselling/
2025-07-27 12:51:47,697 - EnhancedCBTCollector - ERROR - Failed to collect from https://www.nhs.uk/mental-health/talking-therapies-medicine-treatments/talking-therapies-and-counselling/: maximum recursion depth exceeded while calling a Python object
2025-07-27 12:51:49,704 - EnhancedCBTCollector - INFO - Starting enhanced collection from nhs_cbt: https://www.nhs.uk/mental-health/talking-therapies-medicine-treatments/medicines-and-psychiatry/
2025-07-27 12:51:49,750 - EnhancedCBTCollector - ERROR - Failed to collect from https://www.nhs.uk/mental-health/talking-therapies-medicine-treatments/medicines-and-psychiatry/: maximum recursion depth exceeded while calling a Python object
2025-07-27 12:51:51,759 - EnhancedCBTCollector - INFO - Starting enhanced collection from nhs_cbt: https://www.nhs.uk/mental-health/talking-therapies-medicine-treatments/talking-therapies-and-counselling/benefits-of-talking-therapies/
2025-07-27 12:51:51,804 - EnhancedCBTCollector - WARNING - Content from https://www.nhs.uk/mental-health/talking-therapies-medicine-treatments/talking-therapies-and-counselling/benefits-of-talking-therapies/ failed quality assessment (Score: 45)
2025-07-27 12:51:53,808 - EnhancedCBTCollector - INFO - Starting enhanced collection from nhs_cbt: https://www.nhs.uk/mental-health/talking-therapies-medicine-treatments/
2025-07-27 12:51:53,832 - EnhancedCBTCollector - ERROR - Failed to collect from https://www.nhs.uk/mental-health/talking-therapies-medicine-treatments/: maximum recursion depth exceeded while calling a Python object
2025-07-27 12:51:55,847 - EnhancedCBTCollector - INFO - Starting enhanced collection from nhs_cbt: https://www.nhs.uk/mental-health/talking-therapies-medicine-treatments/talking-therapies-and-counselling/
2025-07-27 12:51:55,869 - EnhancedCBTCollector - ERROR - Failed to collect from https://www.nhs.uk/mental-health/talking-therapies-medicine-treatments/talking-therapies-and-counselling/: maximum recursion depth exceeded while calling a Python object
2025-07-27 12:51:57,872 - EnhancedCBTCollector - INFO - Starting enhanced collection from nhs_cbt: https://www.nhs.uk/mental-health/talking-therapies-medicine-treatments/medicines-and-psychiatry/
2025-07-27 12:51:57,905 - EnhancedCBTCollector - WARNING - Content from https://www.nhs.uk/mental-health/talking-therapies-medicine-treatments/medicines-and-psychiatry/ failed quality assessment (Score: 20)
2025-07-27 12:51:59,910 - EnhancedCBTCollector - INFO - Starting enhanced collection from nhs_cbt: https://www.nhs.uk/mental-health/talking-therapies-medicine-treatments/
2025-07-27 12:51:59,965 - EnhancedCBTCollector - WARNING - Content from https://www.nhs.uk/mental-health/talking-therapies-medicine-treatments/ failed quality assessment (Score: 20)
2025-07-27 12:52:01,966 - EnhancedCBTCollector - INFO - Starting enhanced collection from nhs_cbt: https://www.nhs.uk/mental-health/talking-therapies-medicine-treatments/talking-therapies-and-counselling/nhs-talking-therapies/
2025-07-27 12:52:01,991 - EnhancedCBTCollector - ERROR - Failed to collect from https://www.nhs.uk/mental-health/talking-therapies-medicine-treatments/talking-therapies-and-counselling/nhs-talking-therapies/: maximum recursion depth exceeded while calling a Python object
2025-07-27 12:52:04,007 - EnhancedCBTCollector - INFO - Starting enhanced collection from nhs_cbt: https://www.nhs.uk/mental-health/talking-therapies-medicine-treatments/talking-therapies-and-counselling/
2025-07-27 12:52:04,028 - EnhancedCBTCollector - ERROR - Failed to collect from https://www.nhs.uk/mental-health/talking-therapies-medicine-treatments/talking-therapies-and-counselling/: maximum recursion depth exceeded while calling a Python object
2025-07-27 12:52:06,033 - EnhancedCBTCollector - INFO - Starting enhanced collection from nhs_cbt: https://www.nhs.uk/mental-health/talking-therapies-medicine-treatments/medicines-and-psychiatry/
2025-07-27 12:52:06,053 - EnhancedCBTCollector - ERROR - Failed to collect from https://www.nhs.uk/mental-health/talking-therapies-medicine-treatments/medicines-and-psychiatry/: maximum recursion depth exceeded while calling a Python object
2025-07-27 12:52:08,058 - EnhancedCBTCollector - INFO - Starting enhanced collection from nhs_cbt: https://www.nhs.uk/mental-health/talking-therapies-medicine-treatments/medicines-and-psychiatry/psychiatry/
2025-07-27 12:52:08,088 - EnhancedCBTCollector - INFO - Collected high-quality content from https://www.nhs.uk/mental-health/talking-therapies-medicine-treatments/medicines-and-psychiatry/psychiatry/ (Score: 65)
2025-07-27 12:52:10,103 - EnhancedCBTCollector - INFO - Starting enhanced collection from nhs_cbt: https://www.nhs.uk/mental-health/talking-therapies-medicine-treatments/
2025-07-27 12:52:10,123 - EnhancedCBTCollector - ERROR - Failed to collect from https://www.nhs.uk/mental-health/talking-therapies-medicine-treatments/: maximum recursion depth exceeded while calling a Python object
2025-07-27 12:52:12,126 - EnhancedCBTCollector - INFO - Starting enhanced collection from nhs_cbt: https://www.nhs.uk/mental-health/talking-therapies-medicine-treatments/medicines-and-psychiatry/
2025-07-27 12:52:12,153 - EnhancedCBTCollector - ERROR - Failed to collect from https://www.nhs.uk/mental-health/talking-therapies-medicine-treatments/medicines-and-psychiatry/: maximum recursion depth exceeded while calling a Python object
2025-07-27 12:52:14,156 - EnhancedCBTCollector - INFO - Starting enhanced collection from nhs_cbt: https://www.nhs.uk/mental-health/talking-therapies-medicine-treatments/talking-therapies-and-counselling/benefits-of-talking-therapies/
2025-07-27 12:52:14,189 - EnhancedCBTCollector - WARNING - Content from https://www.nhs.uk/mental-health/talking-therapies-medicine-treatments/talking-therapies-and-counselling/benefits-of-talking-therapies/ failed quality assessment (Score: 45)
2025-07-27 12:52:16,197 - EnhancedCBTCollector - INFO - Starting enhanced collection from nhs_cbt: https://www.nhs.uk/mental-health/talking-therapies-medicine-treatments/
2025-07-27 12:52:16,227 - EnhancedCBTCollector - WARNING - Content from https://www.nhs.uk/mental-health/talking-therapies-medicine-treatments/ failed quality assessment (Score: 20)
2025-07-27 12:52:18,232 - EnhancedCBTCollector - INFO - Starting enhanced collection from nhs_cbt: https://www.nhs.uk/mental-health/talking-therapies-medicine-treatments/talking-therapies-and-counselling/nhs-talking-therapies/
2025-07-27 12:52:18,277 - EnhancedCBTCollector - INFO - Collected high-quality content from https://www.nhs.uk/mental-health/talking-therapies-medicine-treatments/talking-therapies-and-counselling/nhs-talking-therapies/ (Score: 70)
2025-07-27 12:52:20,289 - EnhancedCBTCollector - INFO - Starting enhanced collection from nhs_cbt: https://www.nhs.uk/mental-health/talking-therapies-medicine-treatments/
2025-07-27 12:52:20,309 - EnhancedCBTCollector - ERROR - Failed to collect from https://www.nhs.uk/mental-health/talking-therapies-medicine-treatments/: maximum recursion depth exceeded while calling a Python object
2025-07-27 12:52:22,316 - EnhancedCBTCollector - INFO - Starting enhanced collection from nhs_cbt: https://www.nhs.uk/mental-health/talking-therapies-medicine-treatments/talking-therapies-and-counselling/
2025-07-27 12:52:22,338 - EnhancedCBTCollector - ERROR - Failed to collect from https://www.nhs.uk/mental-health/talking-therapies-medicine-treatments/talking-therapies-and-counselling/: maximum recursion depth exceeded while calling a Python object
2025-07-27 12:52:24,345 - EnhancedCBTCollector - INFO - Starting enhanced collection from nhs_cbt: https://www.nhs.uk/mental-health/talking-therapies-medicine-treatments/talking-therapies-and-counselling/
2025-07-27 12:52:24,377 - EnhancedCBTCollector - WARNING - Content from https://www.nhs.uk/mental-health/talking-therapies-medicine-treatments/talking-therapies-and-counselling/ failed quality assessment (Score: 50)
2025-07-27 12:52:26,383 - EnhancedCBTCollector - INFO - Starting enhanced collection from nhs_cbt: https://www.nhs.uk/mental-health/talking-therapies-medicine-treatments/
2025-07-27 12:52:26,403 - EnhancedCBTCollector - ERROR - Failed to collect from https://www.nhs.uk/mental-health/talking-therapies-medicine-treatments/: maximum recursion depth exceeded while calling a Python object
2025-07-27 12:52:28,414 - EnhancedCBTCollector - INFO - Starting enhanced collection from nhs_cbt: https://www.nhs.uk/mental-health/talking-therapies-medicine-treatments/talking-therapies-and-counselling/benefits-of-talking-therapies/
2025-07-27 12:52:28,434 - EnhancedCBTCollector - ERROR - Failed to collect from https://www.nhs.uk/mental-health/talking-therapies-medicine-treatments/talking-therapies-and-counselling/benefits-of-talking-therapies/: maximum recursion depth exceeded while calling a Python object
2025-07-27 12:52:30,443 - EnhancedCBTCollector - INFO - Starting enhanced collection from nhs_cbt: https://www.nhs.uk/mental-health/talking-therapies-medicine-treatments/medicines-and-psychiatry/
2025-07-27 12:52:30,497 - EnhancedCBTCollector - WARNING - Content from https://www.nhs.uk/mental-health/talking-therapies-medicine-treatments/medicines-and-psychiatry/ failed quality assessment (Score: 20)
2025-07-27 12:52:32,499 - EnhancedCBTCollector - INFO - Starting enhanced collection from nhs_cbt: https://www.nhs.uk/mental-health/talking-therapies-medicine-treatments/
2025-07-27 12:52:32,543 - EnhancedCBTCollector - ERROR - Failed to collect from https://www.nhs.uk/mental-health/talking-therapies-medicine-treatments/: maximum recursion depth exceeded while calling a Python object
2025-07-27 12:52:34,555 - EnhancedCBTCollector - INFO - Starting enhanced collection from nhs_cbt: https://www.nhs.uk/mental-health/talking-therapies-medicine-treatments/medicines-and-psychiatry/psychiatry/
2025-07-27 12:52:34,582 - EnhancedCBTCollector - ERROR - Failed to collect from https://www.nhs.uk/mental-health/talking-therapies-medicine-treatments/medicines-and-psychiatry/psychiatry/: maximum recursion depth exceeded while calling a Python object
2025-07-27 12:52:36,593 - EnhancedCBTCollector - INFO - Starting enhanced collection from nhs_cbt: https://www.nhs.uk/mental-health/talking-therapies-medicine-treatments/talking-therapies-and-counselling/
2025-07-27 12:52:36,628 - EnhancedCBTCollector - WARNING - Content from https://www.nhs.uk/mental-health/talking-therapies-medicine-treatments/talking-therapies-and-counselling/ failed quality assessment (Score: 50)
2025-07-27 12:52:38,629 - EnhancedCBTCollector - INFO - Starting enhanced collection from nhs_cbt: https://www.nhs.uk/mental-health/talking-therapies-medicine-treatments/
2025-07-27 12:52:38,657 - EnhancedCBTCollector - WARNING - Content from https://www.nhs.uk/mental-health/talking-therapies-medicine-treatments/ failed quality assessment (Score: 20)
2025-07-27 12:52:40,668 - EnhancedCBTCollector - INFO - Starting enhanced collection from nhs_cbt: https://www.nhs.uk/mental-health/talking-therapies-medicine-treatments/talking-therapies-and-counselling/nhs-talking-therapies/
2025-07-27 12:52:40,693 - EnhancedCBTCollector - ERROR - Failed to collect from https://www.nhs.uk/mental-health/talking-therapies-medicine-treatments/talking-therapies-and-counselling/nhs-talking-therapies/: maximum recursion depth exceeded while calling a Python object
2025-07-27 12:52:42,706 - EnhancedCBTCollector - INFO - Starting enhanced collection from nhs_cbt: https://www.nhs.uk/mental-health/talking-therapies-medicine-treatments/talking-therapies-and-counselling/
2025-07-27 12:52:42,730 - EnhancedCBTCollector - ERROR - Failed to collect from https://www.nhs.uk/mental-health/talking-therapies-medicine-treatments/talking-therapies-and-counselling/: maximum recursion depth exceeded while calling a Python object
2025-07-27 12:52:44,745 - EnhancedCBTCollector - INFO - Starting enhanced collection from nhs_cbt: https://www.nhs.uk/mental-health/talking-therapies-medicine-treatments/medicines-and-psychiatry/
2025-07-27 12:52:44,765 - EnhancedCBTCollector - ERROR - Failed to collect from https://www.nhs.uk/mental-health/talking-therapies-medicine-treatments/medicines-and-psychiatry/: maximum recursion depth exceeded while calling a Python object
2025-07-27 12:52:46,768 - EnhancedCBTCollector - INFO - Starting enhanced collection from nhs_cbt: https://www.nhs.uk/mental-health/talking-therapies-medicine-treatments/talking-therapies-and-counselling/benefits-of-talking-therapies/
2025-07-27 12:52:46,802 - EnhancedCBTCollector - WARNING - Content from https://www.nhs.uk/mental-health/talking-therapies-medicine-treatments/talking-therapies-and-counselling/benefits-of-talking-therapies/ failed quality assessment (Score: 45)
2025-07-27 12:52:48,804 - EnhancedCBTCollector - INFO - Starting enhanced collection from nhs_cbt: https://www.nhs.uk/mental-health/talking-therapies-medicine-treatments/
2025-07-27 12:52:48,826 - EnhancedCBTCollector - ERROR - Failed to collect from https://www.nhs.uk/mental-health/talking-therapies-medicine-treatments/: maximum recursion depth exceeded while calling a Python object
2025-07-27 12:52:50,827 - EnhancedCBTCollector - INFO - Starting enhanced collection from nhs_cbt: https://www.nhs.uk/mental-health/talking-therapies-medicine-treatments/talking-therapies-and-counselling/
2025-07-27 12:52:50,848 - EnhancedCBTCollector - ERROR - Failed to collect from https://www.nhs.uk/mental-health/talking-therapies-medicine-treatments/talking-therapies-and-counselling/: maximum recursion depth exceeded while calling a Python object
2025-07-27 12:52:52,851 - EnhancedCBTCollector - INFO - Starting enhanced collection from nhs_cbt: https://www.nhs.uk/mental-health/talking-therapies-medicine-treatments/medicines-and-psychiatry/
2025-07-27 12:52:52,880 - EnhancedCBTCollector - WARNING - Content from https://www.nhs.uk/mental-health/talking-therapies-medicine-treatments/medicines-and-psychiatry/ failed quality assessment (Score: 20)
2025-07-27 12:52:54,884 - EnhancedCBTCollector - INFO - Starting enhanced collection from nhs_cbt: https://www.nhs.uk/mental-health/talking-therapies-medicine-treatments/
2025-07-27 12:52:54,924 - EnhancedCBTCollector - WARNING - Content from https://www.nhs.uk/mental-health/talking-therapies-medicine-treatments/ failed quality assessment (Score: 20)
2025-07-27 12:52:56,937 - EnhancedCBTCollector - INFO - Starting enhanced collection from nhs_cbt: https://www.nhs.uk/mental-health/talking-therapies-medicine-treatments/talking-therapies-and-counselling/nhs-talking-therapies/
2025-07-27 12:52:56,976 - EnhancedCBTCollector - INFO - Collected high-quality content from https://www.nhs.uk/mental-health/talking-therapies-medicine-treatments/talking-therapies-and-counselling/nhs-talking-therapies/ (Score: 70)
2025-07-27 12:52:58,982 - EnhancedCBTCollector - INFO - Starting enhanced collection from nhs_cbt: https://www.nhs.uk/mental-health/talking-therapies-medicine-treatments/
2025-07-27 12:52:59,010 - EnhancedCBTCollector - WARNING - Content from https://www.nhs.uk/mental-health/talking-therapies-medicine-treatments/ failed quality assessment (Score: 20)
2025-07-27 12:53:01,016 - EnhancedCBTCollector - INFO - Starting enhanced collection from nhs_cbt: https://www.nhs.uk/mental-health/talking-therapies-medicine-treatments/talking-therapies-and-counselling/nhs-talking-therapies/
2025-07-27 12:53:01,036 - EnhancedCBTCollector - ERROR - Failed to collect from https://www.nhs.uk/mental-health/talking-therapies-medicine-treatments/talking-therapies-and-counselling/nhs-talking-therapies/: maximum recursion depth exceeded while calling a Python object
2025-07-27 12:53:03,041 - EnhancedCBTCollector - INFO - Starting enhanced collection from nhs_cbt: https://www.nhs.uk/mental-health/talking-therapies-medicine-treatments/talking-therapies-and-counselling/
2025-07-27 12:53:03,061 - EnhancedCBTCollector - ERROR - Failed to collect from https://www.nhs.uk/mental-health/talking-therapies-medicine-treatments/talking-therapies-and-counselling/: maximum recursion depth exceeded while calling a Python object
2025-07-27 12:53:05,077 - EnhancedCBTCollector - INFO - Starting enhanced collection from nhs_cbt: https://www.nhs.uk/mental-health/talking-therapies-medicine-treatments/medicines-and-psychiatry/
2025-07-27 12:53:05,097 - EnhancedCBTCollector - ERROR - Failed to collect from https://www.nhs.uk/mental-health/talking-therapies-medicine-treatments/medicines-and-psychiatry/: maximum recursion depth exceeded while calling a Python object
2025-07-27 12:53:07,097 - EnhancedCBTCollector - INFO - Starting enhanced collection from nhs_cbt: https://www.nhs.uk/mental-health/talking-therapies-medicine-treatments/talking-therapies-and-counselling/
2025-07-27 12:53:07,126 - EnhancedCBTCollector - WARNING - Content from https://www.nhs.uk/mental-health/talking-therapies-medicine-treatments/talking-therapies-and-counselling/ failed quality assessment (Score: 50)
2025-07-27 12:53:09,139 - EnhancedCBTCollector - INFO - Starting enhanced collection from nhs_cbt: https://www.nhs.uk/mental-health/talking-therapies-medicine-treatments/
2025-07-27 12:53:09,160 - EnhancedCBTCollector - ERROR - Failed to collect from https://www.nhs.uk/mental-health/talking-therapies-medicine-treatments/: maximum recursion depth exceeded while calling a Python object
2025-07-27 12:53:11,163 - EnhancedCBTCollector - INFO - Starting enhanced collection from nhs_cbt: https://www.nhs.uk/mental-health/talking-therapies-medicine-treatments/talking-therapies-and-counselling/benefits-of-talking-therapies/
2025-07-27 12:53:11,187 - EnhancedCBTCollector - ERROR - Failed to collect from https://www.nhs.uk/mental-health/talking-therapies-medicine-treatments/talking-therapies-and-counselling/benefits-of-talking-therapies/: maximum recursion depth exceeded while calling a Python object
2025-07-27 12:53:13,192 - EnhancedCBTCollector - INFO - Starting enhanced collection from nhs_cbt: https://www.nhs.uk/mental-health/talking-therapies-medicine-treatments/talking-therapies-and-counselling/
2025-07-27 12:53:13,219 - EnhancedCBTCollector - WARNING - Content from https://www.nhs.uk/mental-health/talking-therapies-medicine-treatments/talking-therapies-and-counselling/ failed quality assessment (Score: 50)
2025-07-27 12:53:15,235 - EnhancedCBTCollector - INFO - Starting enhanced collection from nhs_cbt: https://www.nhs.uk/mental-health/talking-therapies-medicine-treatments/
2025-07-27 12:53:15,264 - EnhancedCBTCollector - WARNING - Content from https://www.nhs.uk/mental-health/talking-therapies-medicine-treatments/ failed quality assessment (Score: 20)
2025-07-27 12:53:17,280 - EnhancedCBTCollector - INFO - Starting enhanced collection from nhs_cbt: https://www.nhs.uk/mental-health/talking-therapies-medicine-treatments/talking-therapies-and-counselling/nhs-talking-therapies/
2025-07-27 12:53:17,306 - EnhancedCBTCollector - ERROR - Failed to collect from https://www.nhs.uk/mental-health/talking-therapies-medicine-treatments/talking-therapies-and-counselling/nhs-talking-therapies/: maximum recursion depth exceeded while calling a Python object
2025-07-27 12:53:19,308 - EnhancedCBTCollector - INFO - Starting enhanced collection from nhs_cbt: https://www.nhs.uk/mental-health/talking-therapies-medicine-treatments/talking-therapies-and-counselling/
2025-07-27 12:53:19,328 - EnhancedCBTCollector - ERROR - Failed to collect from https://www.nhs.uk/mental-health/talking-therapies-medicine-treatments/talking-therapies-and-counselling/: maximum recursion depth exceeded while calling a Python object
2025-07-27 12:53:21,331 - EnhancedCBTCollector - INFO - Starting enhanced collection from nhs_cbt: https://www.nhs.uk/mental-health/talking-therapies-medicine-treatments/medicines-and-psychiatry/
2025-07-27 12:53:21,361 - EnhancedCBTCollector - ERROR - Failed to collect from https://www.nhs.uk/mental-health/talking-therapies-medicine-treatments/medicines-and-psychiatry/: maximum recursion depth exceeded while calling a Python object
2025-07-27 12:53:23,369 - EnhancedCBTCollector - INFO - Starting enhanced collection from nhs_cbt: https://www.nhs.uk/mental-health/talking-therapies-medicine-treatments/talking-therapies-and-counselling/benefits-of-talking-therapies/
2025-07-27 12:53:23,403 - EnhancedCBTCollector - WARNING - Content from https://www.nhs.uk/mental-health/talking-therapies-medicine-treatments/talking-therapies-and-counselling/benefits-of-talking-therapies/ failed quality assessment (Score: 45)
2025-07-27 12:53:25,413 - EnhancedCBTCollector - INFO - Starting enhanced collection from nhs_cbt: https://www.nhs.uk/mental-health/talking-therapies-medicine-treatments/
2025-07-27 12:53:25,433 - EnhancedCBTCollector - ERROR - Failed to collect from https://www.nhs.uk/mental-health/talking-therapies-medicine-treatments/: maximum recursion depth exceeded while calling a Python object
2025-07-27 12:53:27,435 - EnhancedCBTCollector - INFO - Starting enhanced collection from nhs_cbt: https://www.nhs.uk/mental-health/talking-therapies-medicine-treatments/talking-therapies-and-counselling/
2025-07-27 12:53:27,458 - EnhancedCBTCollector - ERROR - Failed to collect from https://www.nhs.uk/mental-health/talking-therapies-medicine-treatments/talking-therapies-and-counselling/: maximum recursion depth exceeded while calling a Python object
2025-07-27 12:53:29,470 - EnhancedCBTCollector - INFO - Starting enhanced collection from nhs_cbt: https://www.nhs.uk/mental-health/talking-therapies-medicine-treatments/medicines-and-psychiatry/
2025-07-27 12:53:29,500 - EnhancedCBTCollector - WARNING - Content from https://www.nhs.uk/mental-health/talking-therapies-medicine-treatments/medicines-and-psychiatry/ failed quality assessment (Score: 20)
2025-07-27 12:53:31,512 - EnhancedCBTCollector - INFO - Starting enhanced collection from nhs_cbt: https://www.nhs.uk/mental-health/talking-therapies-medicine-treatments/
2025-07-27 12:53:31,566 - EnhancedCBTCollector - WARNING - Content from https://www.nhs.uk/mental-health/talking-therapies-medicine-treatments/ failed quality assessment (Score: 20)
2025-07-27 12:53:33,569 - EnhancedCBTCollector - INFO - Starting enhanced collection from nhs_cbt: https://www.nhs.uk/mental-health/talking-therapies-medicine-treatments/talking-therapies-and-counselling/nhs-talking-therapies/
2025-07-27 12:53:33,589 - EnhancedCBTCollector - ERROR - Failed to collect from https://www.nhs.uk/mental-health/talking-therapies-medicine-treatments/talking-therapies-and-counselling/nhs-talking-therapies/: maximum recursion depth exceeded while calling a Python object
2025-07-27 12:53:35,604 - EnhancedCBTCollector - INFO - Starting enhanced collection from nhs_cbt: https://www.nhs.uk/mental-health/talking-therapies-medicine-treatments/talking-therapies-and-counselling/
2025-07-27 12:53:35,624 - EnhancedCBTCollector - ERROR - Failed to collect from https://www.nhs.uk/mental-health/talking-therapies-medicine-treatments/talking-therapies-and-counselling/: maximum recursion depth exceeded while calling a Python object
2025-07-27 12:53:37,629 - EnhancedCBTCollector - INFO - Starting enhanced collection from nhs_cbt: https://www.nhs.uk/mental-health/talking-therapies-medicine-treatments/medicines-and-psychiatry/
2025-07-27 12:53:37,655 - EnhancedCBTCollector - ERROR - Failed to collect from https://www.nhs.uk/mental-health/talking-therapies-medicine-treatments/medicines-and-psychiatry/: maximum recursion depth exceeded while calling a Python object
2025-07-27 12:53:39,657 - EnhancedCBTCollector - INFO - Starting enhanced collection from nhs_cbt: https://www.nhs.uk/mental-health/talking-therapies-medicine-treatments/medicines-and-psychiatry/psychiatry/
2025-07-27 12:53:39,695 - EnhancedCBTCollector - INFO - Collected high-quality content from https://www.nhs.uk/mental-health/talking-therapies-medicine-treatments/medicines-and-psychiatry/psychiatry/ (Score: 65)
2025-07-27 12:53:41,699 - EnhancedCBTCollector - INFO - Starting enhanced collection from nhs_cbt: https://www.nhs.uk/mental-health/talking-therapies-medicine-treatments/
2025-07-27 12:53:41,726 - EnhancedCBTCollector - ERROR - Failed to collect from https://www.nhs.uk/mental-health/talking-therapies-medicine-treatments/: maximum recursion depth exceeded while calling a Python object
2025-07-27 12:53:43,739 - EnhancedCBTCollector - INFO - Starting enhanced collection from nhs_cbt: https://www.nhs.uk/mental-health/talking-therapies-medicine-treatments/medicines-and-psychiatry/
2025-07-27 12:53:43,760 - EnhancedCBTCollector - ERROR - Failed to collect from https://www.nhs.uk/mental-health/talking-therapies-medicine-treatments/medicines-and-psychiatry/: maximum recursion depth exceeded while calling a Python object
2025-07-27 12:53:45,763 - EnhancedCBTCollector - INFO - Starting enhanced collection from nhs_cbt: https://www.nhs.uk/mental-health/talking-therapies-medicine-treatments/medicines-and-psychiatry/psychiatry/
2025-07-27 12:53:45,796 - EnhancedCBTCollector - INFO - Collected high-quality content from https://www.nhs.uk/mental-health/talking-therapies-medicine-treatments/medicines-and-psychiatry/psychiatry/ (Score: 65)
2025-07-27 12:53:47,801 - EnhancedCBTCollector - INFO - Starting enhanced collection from nhs_cbt: https://www.nhs.uk/mental-health/talking-therapies-medicine-treatments/
2025-07-27 12:53:47,855 - EnhancedCBTCollector - WARNING - Content from https://www.nhs.uk/mental-health/talking-therapies-medicine-treatments/ failed quality assessment (Score: 20)
2025-07-27 12:53:49,860 - EnhancedCBTCollector - INFO - Starting enhanced collection from nhs_cbt: https://www.nhs.uk/mental-health/talking-therapies-medicine-treatments/talking-therapies-and-counselling/nhs-talking-therapies/
2025-07-27 12:53:49,892 - EnhancedCBTCollector - INFO - Collected high-quality content from https://www.nhs.uk/mental-health/talking-therapies-medicine-treatments/talking-therapies-and-counselling/nhs-talking-therapies/ (Score: 70)
2025-07-27 12:53:51,900 - EnhancedCBTCollector - INFO - Starting enhanced collection from nhs_cbt: https://www.nhs.uk/mental-health/talking-therapies-medicine-treatments/
2025-07-27 12:53:51,924 - EnhancedCBTCollector - ERROR - Failed to collect from https://www.nhs.uk/mental-health/talking-therapies-medicine-treatments/: maximum recursion depth exceeded while calling a Python object
2025-07-27 12:53:53,930 - EnhancedCBTCollector - INFO - Starting enhanced collection from nhs_cbt: https://www.nhs.uk/mental-health/talking-therapies-medicine-treatments/talking-therapies-and-counselling/
2025-07-27 12:53:53,950 - EnhancedCBTCollector - ERROR - Failed to collect from https://www.nhs.uk/mental-health/talking-therapies-medicine-treatments/talking-therapies-and-counselling/: maximum recursion depth exceeded while calling a Python object
2025-07-27 12:53:55,959 - EnhancedCBTCollector - INFO - Starting enhanced collection from nhs_cbt: https://www.nhs.uk/mental-health/talking-therapies-medicine-treatments/talking-therapies-and-counselling/
2025-07-27 12:53:55,990 - EnhancedCBTCollector - WARNING - Content from https://www.nhs.uk/mental-health/talking-therapies-medicine-treatments/talking-therapies-and-counselling/ failed quality assessment (Score: 50)
2025-07-27 12:53:58,003 - EnhancedCBTCollector - INFO - Starting enhanced collection from nhs_cbt: https://www.nhs.uk/mental-health/talking-therapies-medicine-treatments/
2025-07-27 12:53:58,027 - EnhancedCBTCollector - ERROR - Failed to collect from https://www.nhs.uk/mental-health/talking-therapies-medicine-treatments/: maximum recursion depth exceeded while calling a Python object
2025-07-27 12:54:00,030 - EnhancedCBTCollector - INFO - Starting enhanced collection from nhs_cbt: https://www.nhs.uk/mental-health/talking-therapies-medicine-treatments/talking-therapies-and-counselling/benefits-of-talking-therapies/
2025-07-27 12:54:00,054 - EnhancedCBTCollector - ERROR - Failed to collect from https://www.nhs.uk/mental-health/talking-therapies-medicine-treatments/talking-therapies-and-counselling/benefits-of-talking-therapies/: maximum recursion depth exceeded while calling a Python object
2025-07-27 12:54:02,060 - EnhancedCBTCollector - INFO - Starting enhanced collection from nhs_cbt: https://www.nhs.uk/mental-health/talking-therapies-medicine-treatments/medicines-and-psychiatry/
2025-07-27 12:54:02,096 - EnhancedCBTCollector - WARNING - Content from https://www.nhs.uk/mental-health/talking-therapies-medicine-treatments/medicines-and-psychiatry/ failed quality assessment (Score: 20)
2025-07-27 12:54:04,101 - EnhancedCBTCollector - INFO - Starting enhanced collection from nhs_cbt: https://www.nhs.uk/mental-health/talking-therapies-medicine-treatments/
2025-07-27 12:54:04,121 - EnhancedCBTCollector - ERROR - Failed to collect from https://www.nhs.uk/mental-health/talking-therapies-medicine-treatments/: maximum recursion depth exceeded while calling a Python object
2025-07-27 12:54:06,122 - EnhancedCBTCollector - INFO - Starting enhanced collection from nhs_cbt: https://www.nhs.uk/mental-health/talking-therapies-medicine-treatments/medicines-and-psychiatry/psychiatry/
2025-07-27 12:54:06,143 - EnhancedCBTCollector - ERROR - Failed to collect from https://www.nhs.uk/mental-health/talking-therapies-medicine-treatments/medicines-and-psychiatry/psychiatry/: maximum recursion depth exceeded while calling a Python object
2025-07-27 12:54:08,148 - EnhancedCBTCollector - INFO - Starting enhanced collection from nhs_cbt: https://www.nhs.uk/mental-health/talking-therapies-medicine-treatments/medicines-and-psychiatry/
2025-07-27 12:54:08,180 - EnhancedCBTCollector - WARNING - Content from https://www.nhs.uk/mental-health/talking-therapies-medicine-treatments/medicines-and-psychiatry/ failed quality assessment (Score: 20)
2025-07-27 12:54:10,187 - EnhancedCBTCollector - INFO - Starting enhanced collection from nhs_cbt: https://www.nhs.uk/mental-health/talking-therapies-medicine-treatments/
2025-07-27 12:54:10,240 - EnhancedCBTCollector - WARNING - Content from https://www.nhs.uk/mental-health/talking-therapies-medicine-treatments/ failed quality assessment (Score: 20)
2025-07-27 12:54:12,247 - EnhancedCBTCollector - INFO - Starting enhanced collection from nhs_cbt: https://www.nhs.uk/mental-health/talking-therapies-medicine-treatments/talking-therapies-and-counselling/nhs-talking-therapies/
2025-07-27 12:54:12,277 - EnhancedCBTCollector - ERROR - Failed to collect from https://www.nhs.uk/mental-health/talking-therapies-medicine-treatments/talking-therapies-and-counselling/nhs-talking-therapies/: maximum recursion depth exceeded while calling a Python object
2025-07-27 12:54:14,292 - EnhancedCBTCollector - INFO - Starting enhanced collection from nhs_cbt: https://www.nhs.uk/mental-health/talking-therapies-medicine-treatments/talking-therapies-and-counselling/
2025-07-27 12:54:14,312 - EnhancedCBTCollector - ERROR - Failed to collect from https://www.nhs.uk/mental-health/talking-therapies-medicine-treatments/talking-therapies-and-counselling/: maximum recursion depth exceeded while calling a Python object
2025-07-27 12:54:16,323 - EnhancedCBTCollector - INFO - Starting enhanced collection from nhs_cbt: https://www.nhs.uk/mental-health/talking-therapies-medicine-treatments/medicines-and-psychiatry/
2025-07-27 12:54:16,343 - EnhancedCBTCollector - ERROR - Failed to collect from https://www.nhs.uk/mental-health/talking-therapies-medicine-treatments/medicines-and-psychiatry/: maximum recursion depth exceeded while calling a Python object
2025-07-27 12:54:18,348 - EnhancedCBTCollector - INFO - Starting enhanced collection from nhs_cbt: https://www.nhs.uk/mental-health/talking-therapies-medicine-treatments/medicines-and-psychiatry/psychiatry/
2025-07-27 12:54:18,378 - EnhancedCBTCollector - INFO - Collected high-quality content from https://www.nhs.uk/mental-health/talking-therapies-medicine-treatments/medicines-and-psychiatry/psychiatry/ (Score: 65)
2025-07-27 12:54:20,386 - EnhancedCBTCollector - INFO - Starting enhanced collection from nhs_cbt: https://www.nhs.uk/mental-health/talking-therapies-medicine-treatments/
2025-07-27 12:54:20,406 - EnhancedCBTCollector - ERROR - Failed to collect from https://www.nhs.uk/mental-health/talking-therapies-medicine-treatments/: maximum recursion depth exceeded while calling a Python object
2025-07-27 12:54:22,408 - EnhancedCBTCollector - INFO - Starting enhanced collection from nhs_cbt: https://www.nhs.uk/mental-health/talking-therapies-medicine-treatments/medicines-and-psychiatry/
2025-07-27 12:54:22,434 - EnhancedCBTCollector - ERROR - Failed to collect from https://www.nhs.uk/mental-health/talking-therapies-medicine-treatments/medicines-and-psychiatry/: maximum recursion depth exceeded while calling a Python object
2025-07-27 12:54:24,439 - EnhancedCBTCollector - INFO - Starting enhanced collection from nhs_cbt: https://www.nhs.uk/mental-health/talking-therapies-medicine-treatments/talking-therapies-and-counselling/
2025-07-27 12:54:24,467 - EnhancedCBTCollector - WARNING - Content from https://www.nhs.uk/mental-health/talking-therapies-medicine-treatments/talking-therapies-and-counselling/ failed quality assessment (Score: 50)
2025-07-27 12:54:26,483 - EnhancedCBTCollector - INFO - Starting enhanced collection from nhs_cbt: https://www.nhs.uk/mental-health/talking-therapies-medicine-treatments/
2025-07-27 12:54:26,518 - EnhancedCBTCollector - WARNING - Content from https://www.nhs.uk/mental-health/talking-therapies-medicine-treatments/ failed quality assessment (Score: 20)
2025-07-27 12:54:28,526 - EnhancedCBTCollector - INFO - Starting enhanced collection from nhs_cbt: https://www.nhs.uk/mental-health/talking-therapies-medicine-treatments/talking-therapies-and-counselling/nhs-talking-therapies/
2025-07-27 12:54:28,563 - EnhancedCBTCollector - INFO - Collected high-quality content from https://www.nhs.uk/mental-health/talking-therapies-medicine-treatments/talking-therapies-and-counselling/nhs-talking-therapies/ (Score: 70)
2025-07-27 12:54:30,569 - EnhancedCBTCollector - INFO - Starting enhanced collection from nhs_cbt: https://www.nhs.uk/mental-health/talking-therapies-medicine-treatments/
2025-07-27 12:54:30,597 - EnhancedCBTCollector - WARNING - Content from https://www.nhs.uk/mental-health/talking-therapies-medicine-treatments/ failed quality assessment (Score: 20)
2025-07-27 12:54:32,599 - EnhancedCBTCollector - INFO - Starting enhanced collection from nhs_cbt: https://www.nhs.uk/mental-health/talking-therapies-medicine-treatments/talking-therapies-and-counselling/nhs-talking-therapies/
2025-07-27 12:54:32,632 - EnhancedCBTCollector - INFO - Collected high-quality content from https://www.nhs.uk/mental-health/talking-therapies-medicine-treatments/talking-therapies-and-counselling/nhs-talking-therapies/ (Score: 70)
2025-07-27 12:54:34,639 - EnhancedCBTCollector - INFO - Starting enhanced collection from nhs_cbt: https://www.nhs.uk/mental-health/talking-therapies-medicine-treatments/
2025-07-27 12:54:34,669 - EnhancedCBTCollector - ERROR - Failed to collect from https://www.nhs.uk/mental-health/talking-therapies-medicine-treatments/: maximum recursion depth exceeded while calling a Python object
2025-07-27 12:54:36,675 - EnhancedCBTCollector - INFO - Starting enhanced collection from nhs_cbt: https://www.nhs.uk/mental-health/talking-therapies-medicine-treatments/talking-therapies-and-counselling/
2025-07-27 12:54:36,696 - EnhancedCBTCollector - ERROR - Failed to collect from https://www.nhs.uk/mental-health/talking-therapies-medicine-treatments/talking-therapies-and-counselling/: maximum recursion depth exceeded while calling a Python object
2025-07-27 12:54:38,705 - EnhancedCBTCollector - INFO - Starting enhanced collection from nhs_cbt: https://www.nhs.uk/mental-health/talking-therapies-medicine-treatments/talking-therapies-and-counselling/
2025-07-27 12:54:38,732 - EnhancedCBTCollector - WARNING - Content from https://www.nhs.uk/mental-health/talking-therapies-medicine-treatments/talking-therapies-and-counselling/ failed quality assessment (Score: 50)
2025-07-27 12:54:40,748 - EnhancedCBTCollector - INFO - Starting enhanced collection from nhs_cbt: https://www.nhs.uk/mental-health/talking-therapies-medicine-treatments/
2025-07-27 12:54:40,778 - EnhancedCBTCollector - ERROR - Failed to collect from https://www.nhs.uk/mental-health/talking-therapies-medicine-treatments/: maximum recursion depth exceeded while calling a Python object
2025-07-27 12:54:42,788 - EnhancedCBTCollector - INFO - Starting enhanced collection from nhs_cbt: https://www.nhs.uk/mental-health/talking-therapies-medicine-treatments/talking-therapies-and-counselling/benefits-of-talking-therapies/
2025-07-27 12:54:42,819 - EnhancedCBTCollector - ERROR - Failed to collect from https://www.nhs.uk/mental-health/talking-therapies-medicine-treatments/talking-therapies-and-counselling/benefits-of-talking-therapies/: maximum recursion depth exceeded while calling a Python object
2025-07-27 12:54:44,828 - EnhancedCBTCollector - INFO - Starting enhanced collection from nhs_cbt: https://www.nhs.uk/mental-health/talking-therapies-medicine-treatments/medicines-and-psychiatry/
2025-07-27 12:54:44,866 - EnhancedCBTCollector - WARNING - Content from https://www.nhs.uk/mental-health/talking-therapies-medicine-treatments/medicines-and-psychiatry/ failed quality assessment (Score: 20)
2025-07-27 12:54:46,882 - EnhancedCBTCollector - INFO - Starting enhanced collection from nhs_cbt: https://www.nhs.uk/mental-health/talking-therapies-medicine-treatments/
2025-07-27 12:54:46,927 - EnhancedCBTCollector - ERROR - Failed to collect from https://www.nhs.uk/mental-health/talking-therapies-medicine-treatments/: maximum recursion depth exceeded while calling a Python object
2025-07-27 12:54:48,938 - EnhancedCBTCollector - INFO - Starting enhanced collection from nhs_cbt: https://www.nhs.uk/mental-health/talking-therapies-medicine-treatments/medicines-and-psychiatry/psychiatry/
2025-07-27 12:54:48,961 - EnhancedCBTCollector - ERROR - Failed to collect from https://www.nhs.uk/mental-health/talking-therapies-medicine-treatments/medicines-and-psychiatry/psychiatry/: maximum recursion depth exceeded while calling a Python object
2025-07-27 12:54:50,966 - EnhancedCBTCollector - INFO - Starting enhanced collection from nhs_cbt: https://www.nhs.uk/mental-health/talking-therapies-medicine-treatments/talking-therapies-and-counselling/
2025-07-27 12:54:50,994 - EnhancedCBTCollector - WARNING - Content from https://www.nhs.uk/mental-health/talking-therapies-medicine-treatments/talking-therapies-and-counselling/ failed quality assessment (Score: 50)
2025-07-27 12:54:53,006 - EnhancedCBTCollector - INFO - Starting enhanced collection from nhs_cbt: https://www.nhs.uk/mental-health/talking-therapies-medicine-treatments/
2025-07-27 12:54:53,035 - EnhancedCBTCollector - WARNING - Content from https://www.nhs.uk/mental-health/talking-therapies-medicine-treatments/ failed quality assessment (Score: 20)
2025-07-27 12:54:55,051 - EnhancedCBTCollector - INFO - Starting enhanced collection from nhs_cbt: https://www.nhs.uk/mental-health/talking-therapies-medicine-treatments/talking-therapies-and-counselling/nhs-talking-therapies/
2025-07-27 12:54:55,071 - EnhancedCBTCollector - ERROR - Failed to collect from https://www.nhs.uk/mental-health/talking-therapies-medicine-treatments/talking-therapies-and-counselling/nhs-talking-therapies/: maximum recursion depth exceeded while calling a Python object
2025-07-27 12:54:57,078 - EnhancedCBTCollector - INFO - Starting enhanced collection from nhs_cbt: https://www.nhs.uk/mental-health/talking-therapies-medicine-treatments/talking-therapies-and-counselling/
2025-07-27 12:54:57,097 - EnhancedCBTCollector - ERROR - Failed to collect from https://www.nhs.uk/mental-health/talking-therapies-medicine-treatments/talking-therapies-and-counselling/: maximum recursion depth exceeded while calling a Python object
2025-07-27 12:54:59,110 - EnhancedCBTCollector - INFO - Starting enhanced collection from nhs_cbt: https://www.nhs.uk/mental-health/talking-therapies-medicine-treatments/medicines-and-psychiatry/
2025-07-27 12:54:59,155 - EnhancedCBTCollector - ERROR - Failed to collect from https://www.nhs.uk/mental-health/talking-therapies-medicine-treatments/medicines-and-psychiatry/: maximum recursion depth exceeded while calling a Python object
2025-07-27 12:55:01,167 - EnhancedCBTCollector - INFO - Starting enhanced collection from nhs_cbt: https://www.nhs.uk/mental-health/talking-therapies-medicine-treatments/talking-therapies-and-counselling/benefits-of-talking-therapies/
2025-07-27 12:55:01,199 - EnhancedCBTCollector - WARNING - Content from https://www.nhs.uk/mental-health/talking-therapies-medicine-treatments/talking-therapies-and-counselling/benefits-of-talking-therapies/ failed quality assessment (Score: 45)
2025-07-27 12:55:03,205 - EnhancedCBTCollector - INFO - Starting enhanced collection from nhs_cbt: https://www.nhs.uk/mental-health/talking-therapies-medicine-treatments/
2025-07-27 12:55:03,248 - EnhancedCBTCollector - ERROR - Failed to collect from https://www.nhs.uk/mental-health/talking-therapies-medicine-treatments/: maximum recursion depth exceeded while calling a Python object
2025-07-27 12:55:05,256 - EnhancedCBTCollector - INFO - Starting enhanced collection from nhs_cbt: https://www.nhs.uk/mental-health/talking-therapies-medicine-treatments/talking-therapies-and-counselling/
2025-07-27 12:55:05,283 - EnhancedCBTCollector - ERROR - Failed to collect from https://www.nhs.uk/mental-health/talking-therapies-medicine-treatments/talking-therapies-and-counselling/: maximum recursion depth exceeded while calling a Python object
2025-07-27 12:55:07,296 - EnhancedCBTCollector - INFO - Starting enhanced collection from nhs_cbt: https://www.nhs.uk/mental-health/talking-therapies-medicine-treatments/talking-therapies-and-counselling/
2025-07-27 12:55:07,324 - EnhancedCBTCollector - WARNING - Content from https://www.nhs.uk/mental-health/talking-therapies-medicine-treatments/talking-therapies-and-counselling/ failed quality assessment (Score: 50)
2025-07-27 12:55:09,337 - EnhancedCBTCollector - INFO - Starting enhanced collection from nhs_cbt: https://www.nhs.uk/mental-health/talking-therapies-medicine-treatments/
2025-07-27 12:55:09,379 - EnhancedCBTCollector - WARNING - Content from https://www.nhs.uk/mental-health/talking-therapies-medicine-treatments/ failed quality assessment (Score: 20)
2025-07-27 12:55:11,394 - EnhancedCBTCollector - INFO - Starting enhanced collection from nhs_cbt: https://www.nhs.uk/mental-health/talking-therapies-medicine-treatments/talking-therapies-and-counselling/nhs-talking-therapies/
2025-07-27 12:55:11,426 - EnhancedCBTCollector - INFO - Collected high-quality content from https://www.nhs.uk/mental-health/talking-therapies-medicine-treatments/talking-therapies-and-counselling/nhs-talking-therapies/ (Score: 70)
2025-07-27 12:55:13,433 - EnhancedCBTCollector - INFO - Starting enhanced collection from nhs_cbt: https://www.nhs.uk/mental-health/talking-therapies-medicine-treatments/
2025-07-27 12:55:13,478 - EnhancedCBTCollector - ERROR - Failed to collect from https://www.nhs.uk/mental-health/talking-therapies-medicine-treatments/: maximum recursion depth exceeded while calling a Python object
2025-07-27 12:55:15,486 - EnhancedCBTCollector - INFO - Starting enhanced collection from nhs_cbt: https://www.nhs.uk/mental-health/talking-therapies-medicine-treatments/talking-therapies-and-counselling/
2025-07-27 12:55:15,511 - EnhancedCBTCollector - ERROR - Failed to collect from https://www.nhs.uk/mental-health/talking-therapies-medicine-treatments/talking-therapies-and-counselling/: maximum recursion depth exceeded while calling a Python object
2025-07-27 12:55:17,524 - EnhancedCBTCollector - INFO - Starting enhanced collection from nhs_cbt: https://www.nhs.uk/mental-health/talking-therapies-medicine-treatments/talking-therapies-and-counselling/
2025-07-27 12:55:17,577 - EnhancedCBTCollector - WARNING - Content from https://www.nhs.uk/mental-health/talking-therapies-medicine-treatments/talking-therapies-and-counselling/ failed quality assessment (Score: 50)
2025-07-27 12:55:19,585 - EnhancedCBTCollector - INFO - Starting enhanced collection from nhs_cbt: https://www.nhs.uk/mental-health/talking-therapies-medicine-treatments/
2025-07-27 12:55:19,605 - EnhancedCBTCollector - ERROR - Failed to collect from https://www.nhs.uk/mental-health/talking-therapies-medicine-treatments/: maximum recursion depth exceeded while calling a Python object
2025-07-27 12:55:21,613 - EnhancedCBTCollector - INFO - Starting enhanced collection from nhs_cbt: https://www.nhs.uk/mental-health/talking-therapies-medicine-treatments/talking-therapies-and-counselling/benefits-of-talking-therapies/
2025-07-27 12:55:21,633 - EnhancedCBTCollector - ERROR - Failed to collect from https://www.nhs.uk/mental-health/talking-therapies-medicine-treatments/talking-therapies-and-counselling/benefits-of-talking-therapies/: maximum recursion depth exceeded while calling a Python object
2025-07-27 12:55:23,637 - EnhancedCBTCollector - INFO - Starting enhanced collection from nhs_cbt: https://www.nhs.uk/mental-health/talking-therapies-medicine-treatments/medicines-and-psychiatry/
2025-07-27 12:55:23,666 - EnhancedCBTCollector - WARNING - Content from https://www.nhs.uk/mental-health/talking-therapies-medicine-treatments/medicines-and-psychiatry/ failed quality assessment (Score: 20)
2025-07-27 12:55:25,675 - EnhancedCBTCollector - INFO - Starting enhanced collection from nhs_cbt: https://www.nhs.uk/mental-health/talking-therapies-medicine-treatments/
2025-07-27 12:55:25,700 - EnhancedCBTCollector - ERROR - Failed to collect from https://www.nhs.uk/mental-health/talking-therapies-medicine-treatments/: maximum recursion depth exceeded while calling a Python object
2025-07-27 12:55:27,710 - EnhancedCBTCollector - INFO - Starting enhanced collection from nhs_cbt: https://www.nhs.uk/mental-health/talking-therapies-medicine-treatments/medicines-and-psychiatry/psychiatry/
2025-07-27 12:55:27,741 - EnhancedCBTCollector - ERROR - Failed to collect from https://www.nhs.uk/mental-health/talking-therapies-medicine-treatments/medicines-and-psychiatry/psychiatry/: maximum recursion depth exceeded while calling a Python object
2025-07-27 12:55:29,752 - EnhancedCBTCollector - INFO - Starting enhanced collection from nhs_cbt: https://www.nhs.uk/mental-health/talking-therapies-medicine-treatments/talking-therapies-and-counselling/benefits-of-talking-therapies/
2025-07-27 12:55:29,800 - EnhancedCBTCollector - WARNING - Content from https://www.nhs.uk/mental-health/talking-therapies-medicine-treatments/talking-therapies-and-counselling/benefits-of-talking-therapies/ failed quality assessment (Score: 45)
2025-07-27 12:55:31,808 - EnhancedCBTCollector - INFO - Starting enhanced collection from nhs_cbt: https://www.nhs.uk/mental-health/talking-therapies-medicine-treatments/
2025-07-27 12:55:31,840 - EnhancedCBTCollector - WARNING - Content from https://www.nhs.uk/mental-health/talking-therapies-medicine-treatments/ failed quality assessment (Score: 20)
2025-07-27 12:55:33,852 - EnhancedCBTCollector - INFO - Starting enhanced collection from nhs_cbt: https://www.nhs.uk/mental-health/talking-therapies-medicine-treatments/talking-therapies-and-counselling/nhs-talking-therapies/
2025-07-27 12:55:33,877 - EnhancedCBTCollector - ERROR - Failed to collect from https://www.nhs.uk/mental-health/talking-therapies-medicine-treatments/talking-therapies-and-counselling/nhs-talking-therapies/: maximum recursion depth exceeded while calling a Python object
2025-07-27 12:55:35,890 - EnhancedCBTCollector - INFO - Starting enhanced collection from nhs_cbt: https://www.nhs.uk/mental-health/talking-therapies-medicine-treatments/talking-therapies-and-counselling/
2025-07-27 12:55:35,939 - EnhancedCBTCollector - ERROR - Failed to collect from https://www.nhs.uk/mental-health/talking-therapies-medicine-treatments/talking-therapies-and-counselling/: maximum recursion depth exceeded while calling a Python object
2025-07-27 12:55:37,950 - EnhancedCBTCollector - INFO - Starting enhanced collection from nhs_cbt: https://www.nhs.uk/mental-health/talking-therapies-medicine-treatments/medicines-and-psychiatry/
2025-07-27 12:55:37,970 - EnhancedCBTCollector - ERROR - Failed to collect from https://www.nhs.uk/mental-health/talking-therapies-medicine-treatments/medicines-and-psychiatry/: maximum recursion depth exceeded while calling a Python object
2025-07-27 12:55:39,977 - EnhancedCBTCollector - INFO - Starting enhanced collection from nhs_cbt: https://www.nhs.uk/mental-health/talking-therapies-medicine-treatments/talking-therapies-and-counselling/
2025-07-27 12:55:40,005 - EnhancedCBTCollector - WARNING - Content from https://www.nhs.uk/mental-health/talking-therapies-medicine-treatments/talking-therapies-and-counselling/ failed quality assessment (Score: 50)
2025-07-27 12:55:42,008 - EnhancedCBTCollector - INFO - Starting enhanced collection from nhs_cbt: https://www.nhs.uk/mental-health/talking-therapies-medicine-treatments/
2025-07-27 12:55:42,028 - EnhancedCBTCollector - ERROR - Failed to collect from https://www.nhs.uk/mental-health/talking-therapies-medicine-treatments/: maximum recursion depth exceeded while calling a Python object
2025-07-27 12:55:44,032 - EnhancedCBTCollector - INFO - Starting enhanced collection from nhs_cbt: https://www.nhs.uk/mental-health/talking-therapies-medicine-treatments/talking-therapies-and-counselling/benefits-of-talking-therapies/
2025-07-27 12:55:44,052 - EnhancedCBTCollector - ERROR - Failed to collect from https://www.nhs.uk/mental-health/talking-therapies-medicine-treatments/talking-therapies-and-counselling/benefits-of-talking-therapies/: maximum recursion depth exceeded while calling a Python object
2025-07-27 12:55:46,062 - EnhancedCBTCollector - INFO - Starting enhanced collection from nhs_cbt: https://www.nhs.uk/mental-health/talking-therapies-medicine-treatments/medicines-and-psychiatry/
2025-07-27 12:55:46,091 - EnhancedCBTCollector - WARNING - Content from https://www.nhs.uk/mental-health/talking-therapies-medicine-treatments/medicines-and-psychiatry/ failed quality assessment (Score: 20)
2025-07-27 12:55:48,100 - EnhancedCBTCollector - INFO - Starting enhanced collection from nhs_cbt: https://www.nhs.uk/mental-health/talking-therapies-medicine-treatments/
2025-07-27 12:55:48,134 - EnhancedCBTCollector - WARNING - Content from https://www.nhs.uk/mental-health/talking-therapies-medicine-treatments/ failed quality assessment (Score: 20)
2025-07-27 12:55:50,141 - EnhancedCBTCollector - INFO - Starting enhanced collection from nhs_cbt: https://www.nhs.uk/mental-health/talking-therapies-medicine-treatments/talking-therapies-and-counselling/nhs-talking-therapies/
2025-07-27 12:55:50,181 - EnhancedCBTCollector - INFO - Collected high-quality content from https://www.nhs.uk/mental-health/talking-therapies-medicine-treatments/talking-therapies-and-counselling/nhs-talking-therapies/ (Score: 70)
2025-07-27 12:55:52,195 - EnhancedCBTCollector - INFO - Starting enhanced collection from nhs_cbt: https://www.nhs.uk/mental-health/talking-therapies-medicine-treatments/
2025-07-27 12:55:52,239 - EnhancedCBTCollector - ERROR - Failed to collect from https://www.nhs.uk/mental-health/talking-therapies-medicine-treatments/: maximum recursion depth exceeded while calling a Python object
2025-07-27 12:55:54,241 - EnhancedCBTCollector - INFO - Starting enhanced collection from nhs_cbt: https://www.nhs.uk/mental-health/talking-therapies-medicine-treatments/talking-therapies-and-counselling/
2025-07-27 12:55:54,285 - EnhancedCBTCollector - ERROR - Failed to collect from https://www.nhs.uk/mental-health/talking-therapies-medicine-treatments/talking-therapies-and-counselling/: maximum recursion depth exceeded while calling a Python object
2025-07-27 12:55:56,289 - EnhancedCBTCollector - INFO - Starting enhanced collection from nhs_cbt: https://www.nhs.uk/mental-health/talking-therapies-medicine-treatments/talking-therapies-and-counselling/
2025-07-27 12:55:56,316 - EnhancedCBTCollector - WARNING - Content from https://www.nhs.uk/mental-health/talking-therapies-medicine-treatments/talking-therapies-and-counselling/ failed quality assessment (Score: 50)
2025-07-27 12:55:58,326 - EnhancedCBTCollector - INFO - Starting enhanced collection from nhs_cbt: https://www.nhs.uk/mental-health/talking-therapies-medicine-treatments/
2025-07-27 12:55:58,370 - EnhancedCBTCollector - ERROR - Failed to collect from https://www.nhs.uk/mental-health/talking-therapies-medicine-treatments/: maximum recursion depth exceeded while calling a Python object
2025-07-27 12:56:00,379 - EnhancedCBTCollector - INFO - Starting enhanced collection from nhs_cbt: https://www.nhs.uk/mental-health/talking-therapies-medicine-treatments/talking-therapies-and-counselling/benefits-of-talking-therapies/
2025-07-27 12:56:00,399 - EnhancedCBTCollector - ERROR - Failed to collect from https://www.nhs.uk/mental-health/talking-therapies-medicine-treatments/talking-therapies-and-counselling/benefits-of-talking-therapies/: maximum recursion depth exceeded while calling a Python object
2025-07-27 12:56:02,406 - EnhancedCBTCollector - INFO - Starting enhanced collection from nhs_cbt: https://www.nhs.uk/mental-health/talking-therapies-medicine-treatments/medicines-and-psychiatry/
2025-07-27 12:56:02,437 - EnhancedCBTCollector - WARNING - Content from https://www.nhs.uk/mental-health/talking-therapies-medicine-treatments/medicines-and-psychiatry/ failed quality assessment (Score: 20)
2025-07-27 12:56:04,447 - EnhancedCBTCollector - INFO - Starting enhanced collection from nhs_cbt: https://www.nhs.uk/mental-health/talking-therapies-medicine-treatments/
2025-07-27 12:56:04,494 - EnhancedCBTCollector - ERROR - Failed to collect from https://www.nhs.uk/mental-health/talking-therapies-medicine-treatments/: maximum recursion depth exceeded while calling a Python object
2025-07-27 12:56:06,498 - EnhancedCBTCollector - INFO - Starting enhanced collection from nhs_cbt: https://www.nhs.uk/mental-health/talking-therapies-medicine-treatments/medicines-and-psychiatry/psychiatry/
2025-07-27 12:56:06,518 - EnhancedCBTCollector - ERROR - Failed to collect from https://www.nhs.uk/mental-health/talking-therapies-medicine-treatments/medicines-and-psychiatry/psychiatry/: maximum recursion depth exceeded while calling a Python object
2025-07-27 12:56:08,518 - EnhancedCBTCollector - INFO - Starting enhanced collection from nhs_cbt: https://www.nhs.uk/mental-health/talking-therapies-medicine-treatments/medicines-and-psychiatry/psychiatry/
2025-07-27 12:56:08,548 - EnhancedCBTCollector - INFO - Collected high-quality content from https://www.nhs.uk/mental-health/talking-therapies-medicine-treatments/medicines-and-psychiatry/psychiatry/ (Score: 65)
2025-07-27 12:56:10,555 - EnhancedCBTCollector - INFO - Starting enhanced collection from nhs_cbt: https://www.nhs.uk/mental-health/talking-therapies-medicine-treatments/
2025-07-27 12:56:10,611 - EnhancedCBTCollector - WARNING - Content from https://www.nhs.uk/mental-health/talking-therapies-medicine-treatments/ failed quality assessment (Score: 20)
2025-07-27 12:56:12,625 - EnhancedCBTCollector - INFO - Starting enhanced collection from nhs_cbt: https://www.nhs.uk/mental-health/talking-therapies-medicine-treatments/talking-therapies-and-counselling/nhs-talking-therapies/
2025-07-27 12:56:12,651 - EnhancedCBTCollector - ERROR - Failed to collect from https://www.nhs.uk/mental-health/talking-therapies-medicine-treatments/talking-therapies-and-counselling/nhs-talking-therapies/: maximum recursion depth exceeded while calling a Python object
2025-07-27 12:56:14,652 - EnhancedCBTCollector - INFO - Starting enhanced collection from nhs_cbt: https://www.nhs.uk/mental-health/talking-therapies-medicine-treatments/talking-therapies-and-counselling/
2025-07-27 12:56:14,672 - EnhancedCBTCollector - ERROR - Failed to collect from https://www.nhs.uk/mental-health/talking-therapies-medicine-treatments/talking-therapies-and-counselling/: maximum recursion depth exceeded while calling a Python object
2025-07-27 12:56:16,675 - EnhancedCBTCollector - INFO - Starting enhanced collection from nhs_cbt: https://www.nhs.uk/mental-health/talking-therapies-medicine-treatments/medicines-and-psychiatry/
2025-07-27 12:56:16,704 - EnhancedCBTCollector - ERROR - Failed to collect from https://www.nhs.uk/mental-health/talking-therapies-medicine-treatments/medicines-and-psychiatry/: maximum recursion depth exceeded while calling a Python object
2025-07-27 12:56:18,720 - EnhancedCBTCollector - INFO - Starting enhanced collection from nhs_cbt: https://www.nhs.uk/mental-health/talking-therapies-medicine-treatments/medicines-and-psychiatry/
2025-07-27 12:56:18,754 - EnhancedCBTCollector - WARNING - Content from https://www.nhs.uk/mental-health/talking-therapies-medicine-treatments/medicines-and-psychiatry/ failed quality assessment (Score: 20)
2025-07-27 12:56:20,762 - EnhancedCBTCollector - INFO - Starting enhanced collection from nhs_cbt: https://www.nhs.uk/mental-health/talking-therapies-medicine-treatments/
2025-07-27 12:56:20,806 - EnhancedCBTCollector - ERROR - Failed to collect from https://www.nhs.uk/mental-health/talking-therapies-medicine-treatments/: maximum recursion depth exceeded while calling a Python object
2025-07-27 12:56:22,816 - EnhancedCBTCollector - INFO - Starting enhanced collection from nhs_cbt: https://www.nhs.uk/mental-health/talking-therapies-medicine-treatments/medicines-and-psychiatry/psychiatry/
2025-07-27 12:56:22,838 - EnhancedCBTCollector - ERROR - Failed to collect from https://www.nhs.uk/mental-health/talking-therapies-medicine-treatments/medicines-and-psychiatry/psychiatry/: maximum recursion depth exceeded while calling a Python object
2025-07-27 12:56:24,844 - EnhancedCBTCollector - INFO - Starting enhanced collection from nhs_cbt: https://www.nhs.uk/mental-health/talking-therapies-medicine-treatments/talking-therapies-and-counselling/benefits-of-talking-therapies/
2025-07-27 12:56:24,876 - EnhancedCBTCollector - WARNING - Content from https://www.nhs.uk/mental-health/talking-therapies-medicine-treatments/talking-therapies-and-counselling/benefits-of-talking-therapies/ failed quality assessment (Score: 45)
2025-07-27 12:56:26,881 - EnhancedCBTCollector - INFO - Starting enhanced collection from nhs_cbt: https://www.nhs.uk/mental-health/talking-therapies-medicine-treatments/
2025-07-27 12:56:26,909 - EnhancedCBTCollector - WARNING - Content from https://www.nhs.uk/mental-health/talking-therapies-medicine-treatments/ failed quality assessment (Score: 20)
2025-07-27 12:56:28,923 - EnhancedCBTCollector - INFO - Starting enhanced collection from nhs_cbt: https://www.nhs.uk/mental-health/talking-therapies-medicine-treatments/talking-therapies-and-counselling/nhs-talking-therapies/
2025-07-27 12:56:28,954 - EnhancedCBTCollector - INFO - Collected high-quality content from https://www.nhs.uk/mental-health/talking-therapies-medicine-treatments/talking-therapies-and-counselling/nhs-talking-therapies/ (Score: 70)
2025-07-27 12:56:30,966 - EnhancedCBTCollector - INFO - Starting enhanced collection from nhs_cbt: https://www.nhs.uk/mental-health/talking-therapies-medicine-treatments/
2025-07-27 12:56:30,999 - EnhancedCBTCollector - WARNING - Content from https://www.nhs.uk/mental-health/talking-therapies-medicine-treatments/ failed quality assessment (Score: 20)
2025-07-27 12:56:33,008 - EnhancedCBTCollector - INFO - Starting enhanced collection from nhs_cbt: https://www.nhs.uk/mental-health/talking-therapies-medicine-treatments/talking-therapies-and-counselling/nhs-talking-therapies/
2025-07-27 12:56:33,038 - EnhancedCBTCollector - ERROR - Failed to collect from https://www.nhs.uk/mental-health/talking-therapies-medicine-treatments/talking-therapies-and-counselling/nhs-talking-therapies/: maximum recursion depth exceeded while calling a Python object
2025-07-27 12:56:35,045 - EnhancedCBTCollector - INFO - Starting enhanced collection from nhs_cbt: https://www.nhs.uk/mental-health/talking-therapies-medicine-treatments/talking-therapies-and-counselling/
2025-07-27 12:56:35,065 - EnhancedCBTCollector - ERROR - Failed to collect from https://www.nhs.uk/mental-health/talking-therapies-medicine-treatments/talking-therapies-and-counselling/: maximum recursion depth exceeded while calling a Python object
2025-07-27 12:56:37,076 - EnhancedCBTCollector - INFO - Starting enhanced collection from nhs_cbt: https://www.nhs.uk/mental-health/talking-therapies-medicine-treatments/medicines-and-psychiatry/
2025-07-27 12:56:37,121 - EnhancedCBTCollector - ERROR - Failed to collect from https://www.nhs.uk/mental-health/talking-therapies-medicine-treatments/medicines-and-psychiatry/: maximum recursion depth exceeded while calling a Python object
2025-07-27 12:56:39,124 - EnhancedCBTCollector - INFO - Starting enhanced collection from nhs_cbt: https://www.nhs.uk/mental-health/talking-therapies-medicine-treatments/talking-therapies-and-counselling/
2025-07-27 12:56:39,153 - EnhancedCBTCollector - WARNING - Content from https://www.nhs.uk/mental-health/talking-therapies-medicine-treatments/talking-therapies-and-counselling/ failed quality assessment (Score: 50)
2025-07-27 12:56:41,162 - EnhancedCBTCollector - INFO - Starting enhanced collection from nhs_cbt: https://www.nhs.uk/mental-health/talking-therapies-medicine-treatments/
2025-07-27 12:56:41,207 - EnhancedCBTCollector - ERROR - Failed to collect from https://www.nhs.uk/mental-health/talking-therapies-medicine-treatments/: maximum recursion depth exceeded while calling a Python object
2025-07-27 12:56:43,222 - EnhancedCBTCollector - INFO - Starting enhanced collection from nhs_cbt: https://www.nhs.uk/mental-health/talking-therapies-medicine-treatments/talking-therapies-and-counselling/benefits-of-talking-therapies/
2025-07-27 12:56:43,243 - EnhancedCBTCollector - ERROR - Failed to collect from https://www.nhs.uk/mental-health/talking-therapies-medicine-treatments/talking-therapies-and-counselling/benefits-of-talking-therapies/: maximum recursion depth exceeded while calling a Python object
2025-07-27 12:56:45,258 - EnhancedCBTCollector - INFO - Starting enhanced collection from nhs_cbt: https://www.nhs.uk/mental-health/talking-therapies-medicine-treatments/talking-therapies-and-counselling/
2025-07-27 12:56:45,287 - EnhancedCBTCollector - WARNING - Content from https://www.nhs.uk/mental-health/talking-therapies-medicine-treatments/talking-therapies-and-counselling/ failed quality assessment (Score: 50)
2025-07-27 12:56:47,292 - EnhancedCBTCollector - INFO - Starting enhanced collection from nhs_cbt: https://www.nhs.uk/mental-health/talking-therapies-medicine-treatments/
2025-07-27 12:56:47,344 - EnhancedCBTCollector - WARNING - Content from https://www.nhs.uk/mental-health/talking-therapies-medicine-treatments/ failed quality assessment (Score: 20)
2025-07-27 12:56:49,361 - EnhancedCBTCollector - INFO - Starting enhanced collection from nhs_cbt: https://www.nhs.uk/mental-health/talking-therapies-medicine-treatments/talking-therapies-and-counselling/nhs-talking-therapies/
2025-07-27 12:56:49,385 - EnhancedCBTCollector - ERROR - Failed to collect from https://www.nhs.uk/mental-health/talking-therapies-medicine-treatments/talking-therapies-and-counselling/nhs-talking-therapies/: maximum recursion depth exceeded while calling a Python object
2025-07-27 12:56:51,387 - EnhancedCBTCollector - INFO - Starting enhanced collection from nhs_cbt: https://www.nhs.uk/mental-health/talking-therapies-medicine-treatments/talking-therapies-and-counselling/
2025-07-27 12:56:51,406 - EnhancedCBTCollector - ERROR - Failed to collect from https://www.nhs.uk/mental-health/talking-therapies-medicine-treatments/talking-therapies-and-counselling/: maximum recursion depth exceeded while calling a Python object
2025-07-27 12:56:53,416 - EnhancedCBTCollector - INFO - Starting enhanced collection from nhs_cbt: https://www.nhs.uk/mental-health/talking-therapies-medicine-treatments/medicines-and-psychiatry/
2025-07-27 12:56:53,442 - EnhancedCBTCollector - ERROR - Failed to collect from https://www.nhs.uk/mental-health/talking-therapies-medicine-treatments/medicines-and-psychiatry/: maximum recursion depth exceeded while calling a Python object
2025-07-27 12:56:55,456 - EnhancedCBTCollector - INFO - Starting enhanced collection from nhs_cbt: https://www.nhs.uk/mental-health/talking-therapies-medicine-treatments/talking-therapies-and-counselling/benefits-of-talking-therapies/
2025-07-27 12:56:55,489 - EnhancedCBTCollector - WARNING - Content from https://www.nhs.uk/mental-health/talking-therapies-medicine-treatments/talking-therapies-and-counselling/benefits-of-talking-therapies/ failed quality assessment (Score: 45)
2025-07-27 12:56:57,496 - EnhancedCBTCollector - INFO - Starting enhanced collection from nhs_cbt: https://www.nhs.uk/mental-health/talking-therapies-medicine-treatments/
2025-07-27 12:56:57,518 - EnhancedCBTCollector - ERROR - Failed to collect from https://www.nhs.uk/mental-health/talking-therapies-medicine-treatments/: maximum recursion depth exceeded while calling a Python object
2025-07-27 12:56:59,518 - EnhancedCBTCollector - INFO - Starting enhanced collection from nhs_cbt: https://www.nhs.uk/mental-health/talking-therapies-medicine-treatments/talking-therapies-and-counselling/
2025-07-27 12:56:59,538 - EnhancedCBTCollector - ERROR - Failed to collect from https://www.nhs.uk/mental-health/talking-therapies-medicine-treatments/talking-therapies-and-counselling/: maximum recursion depth exceeded while calling a Python object
2025-07-27 12:57:01,543 - EnhancedCBTCollector - INFO - Starting enhanced collection from nhs_cbt: https://www.nhs.uk/mental-health/talking-therapies-medicine-treatments/medicines-and-psychiatry/
2025-07-27 12:57:01,596 - EnhancedCBTCollector - WARNING - Content from https://www.nhs.uk/mental-health/talking-therapies-medicine-treatments/medicines-and-psychiatry/ failed quality assessment (Score: 20)
2025-07-27 12:57:03,601 - EnhancedCBTCollector - INFO - Starting enhanced collection from nhs_cbt: https://www.nhs.uk/mental-health/talking-therapies-medicine-treatments/
2025-07-27 12:57:03,630 - EnhancedCBTCollector - WARNING - Content from https://www.nhs.uk/mental-health/talking-therapies-medicine-treatments/ failed quality assessment (Score: 20)
2025-07-27 12:57:05,643 - EnhancedCBTCollector - INFO - Starting enhanced collection from nhs_cbt: https://www.nhs.uk/mental-health/talking-therapies-medicine-treatments/talking-therapies-and-counselling/nhs-talking-therapies/
2025-07-27 12:57:05,663 - EnhancedCBTCollector - ERROR - Failed to collect from https://www.nhs.uk/mental-health/talking-therapies-medicine-treatments/talking-therapies-and-counselling/nhs-talking-therapies/: maximum recursion depth exceeded while calling a Python object
2025-07-27 12:57:07,678 - EnhancedCBTCollector - INFO - Starting enhanced collection from nhs_cbt: https://www.nhs.uk/mental-health/talking-therapies-medicine-treatments/talking-therapies-and-counselling/
2025-07-27 12:57:07,698 - EnhancedCBTCollector - ERROR - Failed to collect from https://www.nhs.uk/mental-health/talking-therapies-medicine-treatments/talking-therapies-and-counselling/: maximum recursion depth exceeded while calling a Python object
2025-07-27 12:57:09,703 - EnhancedCBTCollector - INFO - Starting enhanced collection from nhs_cbt: https://www.nhs.uk/mental-health/talking-therapies-medicine-treatments/medicines-and-psychiatry/
2025-07-27 12:57:09,724 - EnhancedCBTCollector - ERROR - Failed to collect from https://www.nhs.uk/mental-health/talking-therapies-medicine-treatments/medicines-and-psychiatry/: maximum recursion depth exceeded while calling a Python object
2025-07-27 12:57:11,738 - EnhancedCBTCollector - INFO - Starting enhanced collection from nhs_cbt: https://www.nhs.uk/mental-health/talking-therapies-medicine-treatments/medicines-and-psychiatry/psychiatry/
2025-07-27 12:57:11,778 - EnhancedCBTCollector - INFO - Collected high-quality content from https://www.nhs.uk/mental-health/talking-therapies-medicine-treatments/medicines-and-psychiatry/psychiatry/ (Score: 65)
2025-07-27 12:57:13,783 - EnhancedCBTCollector - INFO - Starting enhanced collection from nhs_cbt: https://www.nhs.uk/mental-health/talking-therapies-medicine-treatments/
2025-07-27 12:57:13,808 - EnhancedCBTCollector - ERROR - Failed to collect from https://www.nhs.uk/mental-health/talking-therapies-medicine-treatments/: maximum recursion depth exceeded while calling a Python object
2025-07-27 12:57:15,811 - EnhancedCBTCollector - INFO - Starting enhanced collection from nhs_cbt: https://www.nhs.uk/mental-health/talking-therapies-medicine-treatments/medicines-and-psychiatry/
2025-07-27 12:57:15,855 - EnhancedCBTCollector - ERROR - Failed to collect from https://www.nhs.uk/mental-health/talking-therapies-medicine-treatments/medicines-and-psychiatry/: maximum recursion depth exceeded while calling a Python object
2025-07-27 12:57:17,865 - EnhancedCBTCollector - INFO - Starting enhanced collection from nhs_cbt: https://www.nhs.uk/mental-health/talking-therapies-medicine-treatments/talking-therapies-and-counselling/
2025-07-27 12:57:17,892 - EnhancedCBTCollector - WARNING - Content from https://www.nhs.uk/mental-health/talking-therapies-medicine-treatments/talking-therapies-and-counselling/ failed quality assessment (Score: 50)
2025-07-27 12:57:19,894 - EnhancedCBTCollector - INFO - Starting enhanced collection from nhs_cbt: https://www.nhs.uk/mental-health/talking-therapies-medicine-treatments/
2025-07-27 12:57:19,947 - EnhancedCBTCollector - WARNING - Content from https://www.nhs.uk/mental-health/talking-therapies-medicine-treatments/ failed quality assessment (Score: 20)
2025-07-27 12:57:21,953 - EnhancedCBTCollector - INFO - Starting enhanced collection from nhs_cbt: https://www.nhs.uk/mental-health/talking-therapies-medicine-treatments/talking-therapies-and-counselling/nhs-talking-therapies/
2025-07-27 12:57:21,985 - EnhancedCBTCollector - INFO - Collected high-quality content from https://www.nhs.uk/mental-health/talking-therapies-medicine-treatments/talking-therapies-and-counselling/nhs-talking-therapies/ (Score: 70)
2025-07-27 12:57:23,996 - EnhancedCBTCollector - INFO - Starting enhanced collection from nhs_cbt: https://www.nhs.uk/mental-health/talking-therapies-medicine-treatments/
2025-07-27 12:57:24,017 - EnhancedCBTCollector - ERROR - Failed to collect from https://www.nhs.uk/mental-health/talking-therapies-medicine-treatments/: maximum recursion depth exceeded while calling a Python object
2025-07-27 12:57:26,021 - EnhancedCBTCollector - INFO - Starting enhanced collection from nhs_cbt: https://www.nhs.uk/mental-health/talking-therapies-medicine-treatments/talking-therapies-and-counselling/
2025-07-27 12:57:26,043 - EnhancedCBTCollector - ERROR - Failed to collect from https://www.nhs.uk/mental-health/talking-therapies-medicine-treatments/talking-therapies-and-counselling/: maximum recursion depth exceeded while calling a Python object
2025-07-27 12:57:28,046 - EnhancedCBTCollector - INFO - Starting enhanced collection from nhs_cbt: https://www.nhs.uk/mental-health/talking-therapies-medicine-treatments/talking-therapies-and-counselling/
2025-07-27 12:57:28,099 - EnhancedCBTCollector - WARNING - Content from https://www.nhs.uk/mental-health/talking-therapies-medicine-treatments/talking-therapies-and-counselling/ failed quality assessment (Score: 50)
2025-07-27 12:57:30,102 - EnhancedCBTCollector - INFO - Starting enhanced collection from nhs_cbt: https://www.nhs.uk/mental-health/talking-therapies-medicine-treatments/
2025-07-27 12:57:30,126 - EnhancedCBTCollector - ERROR - Failed to collect from https://www.nhs.uk/mental-health/talking-therapies-medicine-treatments/: maximum recursion depth exceeded while calling a Python object
2025-07-27 12:57:32,133 - EnhancedCBTCollector - INFO - Starting enhanced collection from nhs_cbt: https://www.nhs.uk/mental-health/talking-therapies-medicine-treatments/talking-therapies-and-counselling/benefits-of-talking-therapies/
2025-07-27 12:57:32,153 - EnhancedCBTCollector - ERROR - Failed to collect from https://www.nhs.uk/mental-health/talking-therapies-medicine-treatments/talking-therapies-and-counselling/benefits-of-talking-therapies/: maximum recursion depth exceeded while calling a Python object
2025-07-27 12:57:34,159 - EnhancedCBTCollector - INFO - Starting enhanced collection from nhs_cbt: https://www.nhs.uk/mental-health/talking-therapies-medicine-treatments/medicines-and-psychiatry/
2025-07-27 12:57:34,189 - EnhancedCBTCollector - WARNING - Content from https://www.nhs.uk/mental-health/talking-therapies-medicine-treatments/medicines-and-psychiatry/ failed quality assessment (Score: 20)
2025-07-27 12:57:36,199 - EnhancedCBTCollector - INFO - Starting enhanced collection from nhs_cbt: https://www.nhs.uk/mental-health/talking-therapies-medicine-treatments/
2025-07-27 12:57:36,228 - EnhancedCBTCollector - ERROR - Failed to collect from https://www.nhs.uk/mental-health/talking-therapies-medicine-treatments/: maximum recursion depth exceeded while calling a Python object
2025-07-27 12:57:38,238 - EnhancedCBTCollector - INFO - Starting enhanced collection from nhs_cbt: https://www.nhs.uk/mental-health/talking-therapies-medicine-treatments/medicines-and-psychiatry/psychiatry/
2025-07-27 12:57:38,283 - EnhancedCBTCollector - ERROR - Failed to collect from https://www.nhs.uk/mental-health/talking-therapies-medicine-treatments/medicines-and-psychiatry/psychiatry/: maximum recursion depth exceeded while calling a Python object
2025-07-27 12:57:40,296 - EnhancedCBTCollector - INFO - Starting enhanced collection from nhs_cbt: https://www.nhs.uk/mental-health/talking-therapies-medicine-treatments/talking-therapies-and-counselling/benefits-of-talking-therapies/
2025-07-27 12:57:40,328 - EnhancedCBTCollector - WARNING - Content from https://www.nhs.uk/mental-health/talking-therapies-medicine-treatments/talking-therapies-and-counselling/benefits-of-talking-therapies/ failed quality assessment (Score: 45)
2025-07-27 12:57:42,337 - EnhancedCBTCollector - INFO - Starting enhanced collection from nhs_cbt: https://www.nhs.uk/mental-health/talking-therapies-medicine-treatments/
2025-07-27 12:57:42,366 - EnhancedCBTCollector - WARNING - Content from https://www.nhs.uk/mental-health/talking-therapies-medicine-treatments/ failed quality assessment (Score: 20)
2025-07-27 12:57:44,371 - EnhancedCBTCollector - INFO - Starting enhanced collection from nhs_cbt: https://www.nhs.uk/mental-health/talking-therapies-medicine-treatments/talking-therapies-and-counselling/nhs-talking-therapies/
2025-07-27 12:57:44,392 - EnhancedCBTCollector - ERROR - Failed to collect from https://www.nhs.uk/mental-health/talking-therapies-medicine-treatments/talking-therapies-and-counselling/nhs-talking-therapies/: maximum recursion depth exceeded while calling a Python object
2025-07-27 12:57:46,398 - EnhancedCBTCollector - INFO - Starting enhanced collection from nhs_cbt: https://www.nhs.uk/mental-health/talking-therapies-medicine-treatments/talking-therapies-and-counselling/
2025-07-27 12:57:46,418 - EnhancedCBTCollector - ERROR - Failed to collect from https://www.nhs.uk/mental-health/talking-therapies-medicine-treatments/talking-therapies-and-counselling/: maximum recursion depth exceeded while calling a Python object
2025-07-27 12:57:48,429 - EnhancedCBTCollector - INFO - Starting enhanced collection from nhs_cbt: https://www.nhs.uk/mental-health/talking-therapies-medicine-treatments/medicines-and-psychiatry/
2025-07-27 12:57:48,449 - EnhancedCBTCollector - ERROR - Failed to collect from https://www.nhs.uk/mental-health/talking-therapies-medicine-treatments/medicines-and-psychiatry/: maximum recursion depth exceeded while calling a Python object
2025-07-27 12:57:50,452 - EnhancedCBTCollector - INFO - Starting enhanced collection from nhs_cbt: https://www.nhs.uk/mental-health/talking-therapies-medicine-treatments/talking-therapies-and-counselling/
2025-07-27 12:57:50,480 - EnhancedCBTCollector - WARNING - Content from https://www.nhs.uk/mental-health/talking-therapies-medicine-treatments/talking-therapies-and-counselling/ failed quality assessment (Score: 50)
2025-07-27 12:57:52,496 - EnhancedCBTCollector - INFO - Starting enhanced collection from nhs_cbt: https://www.nhs.uk/mental-health/talking-therapies-medicine-treatments/
2025-07-27 12:57:52,540 - EnhancedCBTCollector - ERROR - Failed to collect from https://www.nhs.uk/mental-health/talking-therapies-medicine-treatments/: maximum recursion depth exceeded while calling a Python object
2025-07-27 12:57:54,551 - EnhancedCBTCollector - INFO - Starting enhanced collection from nhs_cbt: https://www.nhs.uk/mental-health/talking-therapies-medicine-treatments/talking-therapies-and-counselling/benefits-of-talking-therapies/
2025-07-27 12:57:54,571 - EnhancedCBTCollector - ERROR - Failed to collect from https://www.nhs.uk/mental-health/talking-therapies-medicine-treatments/talking-therapies-and-counselling/benefits-of-talking-therapies/: maximum recursion depth exceeded while calling a Python object
2025-07-27 12:57:56,574 - EnhancedCBTCollector - INFO - Starting enhanced collection from nhs_cbt: https://www.nhs.uk/mental-health/talking-therapies-medicine-treatments/talking-therapies-and-counselling/
2025-07-27 12:57:56,609 - EnhancedCBTCollector - WARNING - Content from https://www.nhs.uk/mental-health/talking-therapies-medicine-treatments/talking-therapies-and-counselling/ failed quality assessment (Score: 50)
2025-07-27 12:57:58,613 - EnhancedCBTCollector - INFO - Starting enhanced collection from nhs_cbt: https://www.nhs.uk/mental-health/talking-therapies-medicine-treatments/
2025-07-27 12:57:58,668 - EnhancedCBTCollector - WARNING - Content from https://www.nhs.uk/mental-health/talking-therapies-medicine-treatments/ failed quality assessment (Score: 20)
2025-07-27 12:58:00,684 - EnhancedCBTCollector - INFO - Starting enhanced collection from nhs_cbt: https://www.nhs.uk/mental-health/talking-therapies-medicine-treatments/talking-therapies-and-counselling/nhs-talking-therapies/
2025-07-27 12:58:00,716 - EnhancedCBTCollector - INFO - Collected high-quality content from https://www.nhs.uk/mental-health/talking-therapies-medicine-treatments/talking-therapies-and-counselling/nhs-talking-therapies/ (Score: 70)
2025-07-27 12:58:02,725 - EnhancedCBTCollector - INFO - Starting enhanced collection from nhs_cbt: https://www.nhs.uk/mental-health/talking-therapies-medicine-treatments/
2025-07-27 12:58:02,755 - EnhancedCBTCollector - WARNING - Content from https://www.nhs.uk/mental-health/talking-therapies-medicine-treatments/ failed quality assessment (Score: 20)
2025-07-27 12:58:04,762 - EnhancedCBTCollector - INFO - Starting enhanced collection from nhs_cbt: https://www.nhs.uk/mental-health/talking-therapies-medicine-treatments/talking-therapies-and-counselling/nhs-talking-therapies/
2025-07-27 12:58:04,799 - EnhancedCBTCollector - INFO - Collected high-quality content from https://www.nhs.uk/mental-health/talking-therapies-medicine-treatments/talking-therapies-and-counselling/nhs-talking-therapies/ (Score: 70)
2025-07-27 12:58:06,801 - EnhancedCBTCollector - INFO - Starting enhanced collection from nhs_cbt: https://www.nhs.uk/mental-health/talking-therapies-medicine-treatments/
2025-07-27 12:58:06,833 - EnhancedCBTCollector - WARNING - Content from https://www.nhs.uk/mental-health/talking-therapies-medicine-treatments/ failed quality assessment (Score: 20)
2025-07-27 12:58:08,842 - EnhancedCBTCollector - INFO - Starting enhanced collection from nhs_cbt: https://www.nhs.uk/mental-health/talking-therapies-medicine-treatments/talking-therapies-and-counselling/nhs-talking-therapies/
2025-07-27 12:58:08,887 - EnhancedCBTCollector - ERROR - Failed to collect from https://www.nhs.uk/mental-health/talking-therapies-medicine-treatments/talking-therapies-and-counselling/nhs-talking-therapies/: maximum recursion depth exceeded while calling a Python object
2025-07-27 12:58:10,899 - EnhancedCBTCollector - INFO - Starting enhanced collection from nhs_cbt: https://www.nhs.uk/mental-health/talking-therapies-medicine-treatments/talking-therapies-and-counselling/
2025-07-27 12:58:10,946 - EnhancedCBTCollector - ERROR - Failed to collect from https://www.nhs.uk/mental-health/talking-therapies-medicine-treatments/talking-therapies-and-counselling/: maximum recursion depth exceeded while calling a Python object
2025-07-27 12:58:12,956 - EnhancedCBTCollector - INFO - Starting enhanced collection from nhs_cbt: https://www.nhs.uk/mental-health/talking-therapies-medicine-treatments/medicines-and-psychiatry/
2025-07-27 12:58:12,978 - EnhancedCBTCollector - ERROR - Failed to collect from https://www.nhs.uk/mental-health/talking-therapies-medicine-treatments/medicines-and-psychiatry/: maximum recursion depth exceeded while calling a Python object
2025-07-27 12:58:14,988 - EnhancedCBTCollector - INFO - Starting enhanced collection from nhs_cbt: https://www.nhs.uk/mental-health/talking-therapies-medicine-treatments/talking-therapies-and-counselling/
2025-07-27 12:58:15,015 - EnhancedCBTCollector - WARNING - Content from https://www.nhs.uk/mental-health/talking-therapies-medicine-treatments/talking-therapies-and-counselling/ failed quality assessment (Score: 50)
2025-07-27 12:58:17,030 - EnhancedCBTCollector - INFO - Starting enhanced collection from nhs_cbt: https://www.nhs.uk/mental-health/talking-therapies-medicine-treatments/
2025-07-27 12:58:17,074 - EnhancedCBTCollector - ERROR - Failed to collect from https://www.nhs.uk/mental-health/talking-therapies-medicine-treatments/: maximum recursion depth exceeded while calling a Python object
2025-07-27 12:58:19,083 - EnhancedCBTCollector - INFO - Starting enhanced collection from nhs_cbt: https://www.nhs.uk/mental-health/talking-therapies-medicine-treatments/talking-therapies-and-counselling/benefits-of-talking-therapies/
2025-07-27 12:58:19,135 - EnhancedCBTCollector - ERROR - Failed to collect from https://www.nhs.uk/mental-health/talking-therapies-medicine-treatments/talking-therapies-and-counselling/benefits-of-talking-therapies/: maximum recursion depth exceeded while calling a Python object
2025-07-27 12:58:21,139 - EnhancedCBTCollector - INFO - Starting enhanced collection from nhs_cbt: https://www.nhs.uk/mental-health/talking-therapies-medicine-treatments/talking-therapies-and-counselling/
2025-07-27 12:58:21,176 - EnhancedCBTCollector - WARNING - Content from https://www.nhs.uk/mental-health/talking-therapies-medicine-treatments/talking-therapies-and-counselling/ failed quality assessment (Score: 50)
2025-07-27 12:58:23,194 - EnhancedCBTCollector - INFO - Starting enhanced collection from nhs_cbt: https://www.nhs.uk/mental-health/talking-therapies-medicine-treatments/
2025-07-27 12:58:23,238 - EnhancedCBTCollector - WARNING - Content from https://www.nhs.uk/mental-health/talking-therapies-medicine-treatments/ failed quality assessment (Score: 20)
2025-07-27 12:58:25,254 - EnhancedCBTCollector - INFO - Starting enhanced collection from nhs_cbt: https://www.nhs.uk/mental-health/talking-therapies-medicine-treatments/talking-therapies-and-counselling/nhs-talking-therapies/
2025-07-27 12:58:25,274 - EnhancedCBTCollector - ERROR - Failed to collect from https://www.nhs.uk/mental-health/talking-therapies-medicine-treatments/talking-therapies-and-counselling/nhs-talking-therapies/: maximum recursion depth exceeded while calling a Python object
2025-07-27 12:58:27,288 - EnhancedCBTCollector - INFO - Starting enhanced collection from nhs_cbt: https://www.nhs.uk/mental-health/talking-therapies-medicine-treatments/talking-therapies-and-counselling/
2025-07-27 12:58:27,309 - EnhancedCBTCollector - ERROR - Failed to collect from https://www.nhs.uk/mental-health/talking-therapies-medicine-treatments/talking-therapies-and-counselling/: maximum recursion depth exceeded while calling a Python object
2025-07-27 12:58:29,314 - EnhancedCBTCollector - INFO - Starting enhanced collection from nhs_cbt: https://www.nhs.uk/mental-health/talking-therapies-medicine-treatments/medicines-and-psychiatry/
2025-07-27 12:58:29,334 - EnhancedCBTCollector - ERROR - Failed to collect from https://www.nhs.uk/mental-health/talking-therapies-medicine-treatments/medicines-and-psychiatry/: maximum recursion depth exceeded while calling a Python object
2025-07-27 12:58:31,342 - EnhancedCBTCollector - INFO - Starting enhanced collection from nhs_cbt: https://www.nhs.uk/mental-health/talking-therapies-medicine-treatments/talking-therapies-and-counselling/benefits-of-talking-therapies/
2025-07-27 12:58:31,384 - EnhancedCBTCollector - WARNING - Content from https://www.nhs.uk/mental-health/talking-therapies-medicine-treatments/talking-therapies-and-counselling/benefits-of-talking-therapies/ failed quality assessment (Score: 45)
2025-07-27 12:58:33,398 - EnhancedCBTCollector - INFO - Starting enhanced collection from nhs_cbt: https://www.nhs.uk/mental-health/talking-therapies-medicine-treatments/
2025-07-27 12:58:33,418 - EnhancedCBTCollector - ERROR - Failed to collect from https://www.nhs.uk/mental-health/talking-therapies-medicine-treatments/: maximum recursion depth exceeded while calling a Python object
2025-07-27 12:58:35,423 - EnhancedCBTCollector - INFO - Starting enhanced collection from nhs_cbt: https://www.nhs.uk/mental-health/talking-therapies-medicine-treatments/talking-therapies-and-counselling/
2025-07-27 12:58:35,442 - EnhancedCBTCollector - ERROR - Failed to collect from https://www.nhs.uk/mental-health/talking-therapies-medicine-treatments/talking-therapies-and-counselling/: maximum recursion depth exceeded while calling a Python object
2025-07-27 12:58:37,453 - EnhancedCBTCollector - INFO - Starting enhanced collection from nhs_cbt: https://www.nhs.uk/mental-health/talking-therapies-medicine-treatments/medicines-and-psychiatry/
2025-07-27 12:58:37,483 - EnhancedCBTCollector - WARNING - Content from https://www.nhs.uk/mental-health/talking-therapies-medicine-treatments/medicines-and-psychiatry/ failed quality assessment (Score: 20)
2025-07-27 12:58:39,488 - EnhancedCBTCollector - INFO - Starting enhanced collection from nhs_cbt: https://www.nhs.uk/mental-health/talking-therapies-medicine-treatments/
2025-07-27 12:58:39,546 - EnhancedCBTCollector - WARNING - Content from https://www.nhs.uk/mental-health/talking-therapies-medicine-treatments/ failed quality assessment (Score: 20)
2025-07-27 12:58:41,562 - EnhancedCBTCollector - INFO - Starting enhanced collection from nhs_cbt: https://www.nhs.uk/mental-health/talking-therapies-medicine-treatments/talking-therapies-and-counselling/nhs-talking-therapies/
2025-07-27 12:58:41,607 - EnhancedCBTCollector - ERROR - Failed to collect from https://www.nhs.uk/mental-health/talking-therapies-medicine-treatments/talking-therapies-and-counselling/nhs-talking-therapies/: maximum recursion depth exceeded while calling a Python object
2025-07-27 12:58:43,616 - EnhancedCBTCollector - INFO - Starting enhanced collection from nhs_cbt: https://www.nhs.uk/mental-health/talking-therapies-medicine-treatments/talking-therapies-and-counselling/
2025-07-27 12:58:43,658 - EnhancedCBTCollector - ERROR - Failed to collect from https://www.nhs.uk/mental-health/talking-therapies-medicine-treatments/talking-therapies-and-counselling/: maximum recursion depth exceeded while calling a Python object
2025-07-27 12:58:45,659 - EnhancedCBTCollector - INFO - Starting enhanced collection from nhs_cbt: https://www.nhs.uk/mental-health/talking-therapies-medicine-treatments/medicines-and-psychiatry/
2025-07-27 12:58:45,686 - EnhancedCBTCollector - ERROR - Failed to collect from https://www.nhs.uk/mental-health/talking-therapies-medicine-treatments/medicines-and-psychiatry/: maximum recursion depth exceeded while calling a Python object
2025-07-27 12:58:47,702 - EnhancedCBTCollector - INFO - Starting enhanced collection from nhs_cbt: https://www.nhs.uk/mental-health/talking-therapies-medicine-treatments/medicines-and-psychiatry/psychiatry/
2025-07-27 12:58:47,733 - EnhancedCBTCollector - INFO - Collected high-quality content from https://www.nhs.uk/mental-health/talking-therapies-medicine-treatments/medicines-and-psychiatry/psychiatry/ (Score: 65)
2025-07-27 12:58:49,746 - EnhancedCBTCollector - INFO - Starting enhanced collection from nhs_cbt: https://www.nhs.uk/mental-health/talking-therapies-medicine-treatments/
2025-07-27 12:58:49,770 - EnhancedCBTCollector - ERROR - Failed to collect from https://www.nhs.uk/mental-health/talking-therapies-medicine-treatments/: maximum recursion depth exceeded while calling a Python object
2025-07-27 12:58:51,786 - EnhancedCBTCollector - INFO - Starting enhanced collection from nhs_cbt: https://www.nhs.uk/mental-health/talking-therapies-medicine-treatments/medicines-and-psychiatry/
2025-07-27 12:58:51,806 - EnhancedCBTCollector - ERROR - Failed to collect from https://www.nhs.uk/mental-health/talking-therapies-medicine-treatments/medicines-and-psychiatry/: maximum recursion depth exceeded while calling a Python object
2025-07-27 12:58:53,809 - EnhancedCBTCollector - INFO - Starting enhanced collection from nhs_cbt: https://www.nhs.uk/mental-health/talking-therapies-medicine-treatments/talking-therapies-and-counselling/
2025-07-27 12:58:53,860 - EnhancedCBTCollector - WARNING - Content from https://www.nhs.uk/mental-health/talking-therapies-medicine-treatments/talking-therapies-and-counselling/ failed quality assessment (Score: 50)
2025-07-27 12:58:55,865 - EnhancedCBTCollector - INFO - Starting enhanced collection from nhs_cbt: https://www.nhs.uk/mental-health/talking-therapies-medicine-treatments/
2025-07-27 12:58:55,893 - EnhancedCBTCollector - WARNING - Content from https://www.nhs.uk/mental-health/talking-therapies-medicine-treatments/ failed quality assessment (Score: 20)
2025-07-27 12:58:57,906 - EnhancedCBTCollector - INFO - Starting enhanced collection from nhs_cbt: https://www.nhs.uk/mental-health/talking-therapies-medicine-treatments/talking-therapies-and-counselling/nhs-talking-therapies/
2025-07-27 12:58:57,938 - EnhancedCBTCollector - INFO - Collected high-quality content from https://www.nhs.uk/mental-health/talking-therapies-medicine-treatments/talking-therapies-and-counselling/nhs-talking-therapies/ (Score: 70)
2025-07-27 12:58:59,942 - EnhancedCBTCollector - INFO - Starting enhanced collection from nhs_cbt: https://www.nhs.uk/mental-health/talking-therapies-medicine-treatments/
2025-07-27 12:58:59,980 - EnhancedCBTCollector - ERROR - Failed to collect from https://www.nhs.uk/mental-health/talking-therapies-medicine-treatments/: maximum recursion depth exceeded while calling a Python object
2025-07-27 12:59:01,995 - EnhancedCBTCollector - INFO - Starting enhanced collection from nhs_cbt: https://www.nhs.uk/mental-health/talking-therapies-medicine-treatments/talking-therapies-and-counselling/
2025-07-27 12:59:02,015 - EnhancedCBTCollector - ERROR - Failed to collect from https://www.nhs.uk/mental-health/talking-therapies-medicine-treatments/talking-therapies-and-counselling/: maximum recursion depth exceeded while calling a Python object
2025-07-27 12:59:04,024 - EnhancedCBTCollector - INFO - Starting enhanced collection from nhs_cbt: https://www.nhs.uk/mental-health/talking-therapies-medicine-treatments/talking-therapies-and-counselling/
2025-07-27 12:59:04,078 - EnhancedCBTCollector - WARNING - Content from https://www.nhs.uk/mental-health/talking-therapies-medicine-treatments/talking-therapies-and-counselling/ failed quality assessment (Score: 50)
2025-07-27 12:59:06,091 - EnhancedCBTCollector - INFO - Starting enhanced collection from nhs_cbt: https://www.nhs.uk/mental-health/talking-therapies-medicine-treatments/
2025-07-27 12:59:06,136 - EnhancedCBTCollector - ERROR - Failed to collect from https://www.nhs.uk/mental-health/talking-therapies-medicine-treatments/: maximum recursion depth exceeded while calling a Python object
2025-07-27 12:59:08,149 - EnhancedCBTCollector - INFO - Starting enhanced collection from nhs_cbt: https://www.nhs.uk/mental-health/talking-therapies-medicine-treatments/talking-therapies-and-counselling/benefits-of-talking-therapies/
2025-07-27 12:59:08,169 - EnhancedCBTCollector - ERROR - Failed to collect from https://www.nhs.uk/mental-health/talking-therapies-medicine-treatments/talking-therapies-and-counselling/benefits-of-talking-therapies/: maximum recursion depth exceeded while calling a Python object
2025-07-27 12:59:10,176 - EnhancedCBTCollector - INFO - Starting enhanced collection from nhs_cbt: https://www.nhs.uk/mental-health/talking-therapies-medicine-treatments/medicines-and-psychiatry/
2025-07-27 12:59:10,210 - EnhancedCBTCollector - WARNING - Content from https://www.nhs.uk/mental-health/talking-therapies-medicine-treatments/medicines-and-psychiatry/ failed quality assessment (Score: 20)
2025-07-27 12:59:12,215 - EnhancedCBTCollector - INFO - Starting enhanced collection from nhs_cbt: https://www.nhs.uk/mental-health/talking-therapies-medicine-treatments/
2025-07-27 12:59:12,261 - EnhancedCBTCollector - ERROR - Failed to collect from https://www.nhs.uk/mental-health/talking-therapies-medicine-treatments/: maximum recursion depth exceeded while calling a Python object
2025-07-27 12:59:14,262 - EnhancedCBTCollector - INFO - Starting enhanced collection from nhs_cbt: https://www.nhs.uk/mental-health/talking-therapies-medicine-treatments/medicines-and-psychiatry/psychiatry/
2025-07-27 12:59:14,282 - EnhancedCBTCollector - ERROR - Failed to collect from https://www.nhs.uk/mental-health/talking-therapies-medicine-treatments/medicines-and-psychiatry/psychiatry/: maximum recursion depth exceeded while calling a Python object
2025-07-27 12:59:16,291 - EnhancedCBTCollector - INFO - Starting enhanced collection from nhs_cbt: https://www.nhs.uk/mental-health/talking-therapies-medicine-treatments/talking-therapies-and-counselling/benefits-of-talking-therapies/
2025-07-27 12:59:16,326 - EnhancedCBTCollector - WARNING - Content from https://www.nhs.uk/mental-health/talking-therapies-medicine-treatments/talking-therapies-and-counselling/benefits-of-talking-therapies/ failed quality assessment (Score: 45)
2025-07-27 12:59:18,332 - EnhancedCBTCollector - INFO - Starting enhanced collection from nhs_cbt: https://www.nhs.uk/mental-health/talking-therapies-medicine-treatments/
2025-07-27 12:59:18,362 - EnhancedCBTCollector - WARNING - Content from https://www.nhs.uk/mental-health/talking-therapies-medicine-treatments/ failed quality assessment (Score: 20)
2025-07-27 12:59:20,363 - EnhancedCBTCollector - INFO - Starting enhanced collection from nhs_cbt: https://www.nhs.uk/mental-health/talking-therapies-medicine-treatments/talking-therapies-and-counselling/nhs-talking-therapies/
2025-07-27 12:59:20,383 - EnhancedCBTCollector - ERROR - Failed to collect from https://www.nhs.uk/mental-health/talking-therapies-medicine-treatments/talking-therapies-and-counselling/nhs-talking-therapies/: maximum recursion depth exceeded while calling a Python object
2025-07-27 12:59:22,387 - EnhancedCBTCollector - INFO - Starting enhanced collection from nhs_cbt: https://www.nhs.uk/mental-health/talking-therapies-medicine-treatments/talking-therapies-and-counselling/
2025-07-27 12:59:22,407 - EnhancedCBTCollector - ERROR - Failed to collect from https://www.nhs.uk/mental-health/talking-therapies-medicine-treatments/talking-therapies-and-counselling/: maximum recursion depth exceeded while calling a Python object
2025-07-27 12:59:24,415 - EnhancedCBTCollector - INFO - Starting enhanced collection from nhs_cbt: https://www.nhs.uk/mental-health/talking-therapies-medicine-treatments/medicines-and-psychiatry/
2025-07-27 12:59:24,435 - EnhancedCBTCollector - ERROR - Failed to collect from https://www.nhs.uk/mental-health/talking-therapies-medicine-treatments/medicines-and-psychiatry/: maximum recursion depth exceeded while calling a Python object
2025-07-27 12:59:26,441 - EnhancedCBTCollector - INFO - Starting enhanced collection from nhs_cbt: https://www.nhs.uk/mental-health/talking-therapies-medicine-treatments/talking-therapies-and-counselling/
2025-07-27 12:59:26,487 - EnhancedCBTCollector - WARNING - Content from https://www.nhs.uk/mental-health/talking-therapies-medicine-treatments/talking-therapies-and-counselling/ failed quality assessment (Score: 50)
2025-07-27 12:59:28,499 - EnhancedCBTCollector - INFO - Starting enhanced collection from nhs_cbt: https://www.nhs.uk/mental-health/talking-therapies-medicine-treatments/
2025-07-27 12:59:28,544 - EnhancedCBTCollector - ERROR - Failed to collect from https://www.nhs.uk/mental-health/talking-therapies-medicine-treatments/: maximum recursion depth exceeded while calling a Python object
2025-07-27 12:59:30,557 - EnhancedCBTCollector - INFO - Starting enhanced collection from nhs_cbt: https://www.nhs.uk/mental-health/talking-therapies-medicine-treatments/talking-therapies-and-counselling/benefits-of-talking-therapies/
2025-07-27 12:59:30,578 - EnhancedCBTCollector - ERROR - Failed to collect from https://www.nhs.uk/mental-health/talking-therapies-medicine-treatments/talking-therapies-and-counselling/benefits-of-talking-therapies/: maximum recursion depth exceeded while calling a Python object
2025-07-27 12:59:32,580 - EnhancedCBTCollector - INFO - Starting enhanced collection from nhs_cbt: https://www.nhs.uk/mental-health/talking-therapies-medicine-treatments/talking-therapies-and-counselling/
2025-07-27 12:59:32,649 - EnhancedCBTCollector - WARNING - Content from https://www.nhs.uk/mental-health/talking-therapies-medicine-treatments/talking-therapies-and-counselling/ failed quality assessment (Score: 50)
2025-07-27 12:59:34,653 - EnhancedCBTCollector - INFO - Starting enhanced collection from nhs_cbt: https://www.nhs.uk/mental-health/talking-therapies-medicine-treatments/
2025-07-27 12:59:34,692 - EnhancedCBTCollector - WARNING - Content from https://www.nhs.uk/mental-health/talking-therapies-medicine-treatments/ failed quality assessment (Score: 20)
2025-07-27 12:59:36,708 - EnhancedCBTCollector - INFO - Starting enhanced collection from nhs_cbt: https://www.nhs.uk/mental-health/talking-therapies-medicine-treatments/talking-therapies-and-counselling/nhs-talking-therapies/
2025-07-27 12:59:36,744 - EnhancedCBTCollector - INFO - Collected high-quality content from https://www.nhs.uk/mental-health/talking-therapies-medicine-treatments/talking-therapies-and-counselling/nhs-talking-therapies/ (Score: 70)
2025-07-27 12:59:38,750 - EnhancedCBTCollector - INFO - Starting enhanced collection from nhs_cbt: https://www.nhs.uk/mental-health/talking-therapies-medicine-treatments/
2025-07-27 12:59:38,779 - EnhancedCBTCollector - WARNING - Content from https://www.nhs.uk/mental-health/talking-therapies-medicine-treatments/ failed quality assessment (Score: 20)
2025-07-27 12:59:40,792 - EnhancedCBTCollector - INFO - Starting enhanced collection from nhs_cbt: https://www.nhs.uk/mental-health/talking-therapies-medicine-treatments/talking-therapies-and-counselling/nhs-talking-therapies/
2025-07-27 12:59:40,838 - EnhancedCBTCollector - ERROR - Failed to collect from https://www.nhs.uk/mental-health/talking-therapies-medicine-treatments/talking-therapies-and-counselling/nhs-talking-therapies/: maximum recursion depth exceeded while calling a Python object
2025-07-27 12:59:42,850 - EnhancedCBTCollector - INFO - Starting enhanced collection from nhs_cbt: https://www.nhs.uk/mental-health/talking-therapies-medicine-treatments/talking-therapies-and-counselling/
2025-07-27 12:59:42,871 - EnhancedCBTCollector - ERROR - Failed to collect from https://www.nhs.uk/mental-health/talking-therapies-medicine-treatments/talking-therapies-and-counselling/: maximum recursion depth exceeded while calling a Python object
2025-07-27 12:59:44,875 - EnhancedCBTCollector - INFO - Starting enhanced collection from nhs_cbt: https://www.nhs.uk/mental-health/talking-therapies-medicine-treatments/medicines-and-psychiatry/
2025-07-27 12:59:44,896 - EnhancedCBTCollector - ERROR - Failed to collect from https://www.nhs.uk/mental-health/talking-therapies-medicine-treatments/medicines-and-psychiatry/: maximum recursion depth exceeded while calling a Python object
2025-07-27 12:59:46,909 - EnhancedCBTCollector - INFO - Starting enhanced collection from nhs_cbt: https://www.nhs.uk/mental-health/talking-therapies-medicine-treatments/talking-therapies-and-counselling/
2025-07-27 12:59:46,953 - EnhancedCBTCollector - WARNING - Content from https://www.nhs.uk/mental-health/talking-therapies-medicine-treatments/talking-therapies-and-counselling/ failed quality assessment (Score: 50)
2025-07-27 12:59:48,967 - EnhancedCBTCollector - INFO - Starting enhanced collection from nhs_cbt: https://www.nhs.uk/mental-health/talking-therapies-medicine-treatments/
2025-07-27 12:59:48,994 - EnhancedCBTCollector - ERROR - Failed to collect from https://www.nhs.uk/mental-health/talking-therapies-medicine-treatments/: maximum recursion depth exceeded while calling a Python object
2025-07-27 12:59:50,996 - EnhancedCBTCollector - INFO - Starting enhanced collection from nhs_cbt: https://www.nhs.uk/mental-health/talking-therapies-medicine-treatments/talking-therapies-and-counselling/benefits-of-talking-therapies/
2025-07-27 12:59:51,024 - EnhancedCBTCollector - ERROR - Failed to collect from https://www.nhs.uk/mental-health/talking-therapies-medicine-treatments/talking-therapies-and-counselling/benefits-of-talking-therapies/: maximum recursion depth exceeded while calling a Python object
2025-07-27 12:59:53,036 - EnhancedCBTCollector - INFO - Starting enhanced collection from nhs_cbt: https://www.nhs.uk/mental-health/talking-therapies-medicine-treatments/talking-therapies-and-counselling/
2025-07-27 12:59:53,067 - EnhancedCBTCollector - WARNING - Content from https://www.nhs.uk/mental-health/talking-therapies-medicine-treatments/talking-therapies-and-counselling/ failed quality assessment (Score: 50)
2025-07-27 12:59:55,074 - EnhancedCBTCollector - INFO - Starting enhanced collection from nhs_cbt: https://www.nhs.uk/mental-health/talking-therapies-medicine-treatments/
2025-07-27 12:59:55,104 - EnhancedCBTCollector - WARNING - Content from https://www.nhs.uk/mental-health/talking-therapies-medicine-treatments/ failed quality assessment (Score: 20)
2025-07-27 12:59:57,119 - EnhancedCBTCollector - INFO - Starting enhanced collection from nhs_cbt: https://www.nhs.uk/mental-health/talking-therapies-medicine-treatments/talking-therapies-and-counselling/nhs-talking-therapies/
2025-07-27 12:59:57,144 - EnhancedCBTCollector - ERROR - Failed to collect from https://www.nhs.uk/mental-health/talking-therapies-medicine-treatments/talking-therapies-and-counselling/nhs-talking-therapies/: maximum recursion depth exceeded while calling a Python object
2025-07-27 12:59:59,145 - EnhancedCBTCollector - INFO - Starting enhanced collection from nhs_cbt: https://www.nhs.uk/mental-health/talking-therapies-medicine-treatments/talking-therapies-and-counselling/
2025-07-27 12:59:59,166 - EnhancedCBTCollector - ERROR - Failed to collect from https://www.nhs.uk/mental-health/talking-therapies-medicine-treatments/talking-therapies-and-counselling/: maximum recursion depth exceeded while calling a Python object
2025-07-27 13:00:01,178 - EnhancedCBTCollector - INFO - Starting enhanced collection from nhs_cbt: https://www.nhs.uk/mental-health/talking-therapies-medicine-treatments/medicines-and-psychiatry/
2025-07-27 13:00:01,198 - EnhancedCBTCollector - ERROR - Failed to collect from https://www.nhs.uk/mental-health/talking-therapies-medicine-treatments/medicines-and-psychiatry/: maximum recursion depth exceeded while calling a Python object
2025-07-27 13:00:03,207 - EnhancedCBTCollector - INFO - Starting enhanced collection from nhs_cbt: https://www.nhs.uk/mental-health/talking-therapies-medicine-treatments/talking-therapies-and-counselling/benefits-of-talking-therapies/
2025-07-27 13:00:03,240 - EnhancedCBTCollector - WARNING - Content from https://www.nhs.uk/mental-health/talking-therapies-medicine-treatments/talking-therapies-and-counselling/benefits-of-talking-therapies/ failed quality assessment (Score: 45)
2025-07-27 13:00:05,254 - EnhancedCBTCollector - INFO - Starting enhanced collection from nhs_cbt: https://www.nhs.uk/mental-health/talking-therapies-medicine-treatments/
2025-07-27 13:00:05,275 - EnhancedCBTCollector - ERROR - Failed to collect from https://www.nhs.uk/mental-health/talking-therapies-medicine-treatments/: maximum recursion depth exceeded while calling a Python object
2025-07-27 13:00:07,280 - EnhancedCBTCollector - INFO - Starting enhanced collection from nhs_cbt: https://www.nhs.uk/mental-health/talking-therapies-medicine-treatments/talking-therapies-and-counselling/
2025-07-27 13:00:07,302 - EnhancedCBTCollector - ERROR - Failed to collect from https://www.nhs.uk/mental-health/talking-therapies-medicine-treatments/talking-therapies-and-counselling/: maximum recursion depth exceeded while calling a Python object
2025-07-27 13:00:09,311 - EnhancedCBTCollector - INFO - Starting enhanced collection from nhs_cbt: https://www.nhs.uk/mental-health/talking-therapies-medicine-treatments/medicines-and-psychiatry/
2025-07-27 13:00:09,347 - EnhancedCBTCollector - WARNING - Content from https://www.nhs.uk/mental-health/talking-therapies-medicine-treatments/medicines-and-psychiatry/ failed quality assessment (Score: 20)
2025-07-27 13:00:11,352 - EnhancedCBTCollector - INFO - Starting enhanced collection from nhs_cbt: https://www.nhs.uk/mental-health/talking-therapies-medicine-treatments/
2025-07-27 13:00:11,381 - EnhancedCBTCollector - WARNING - Content from https://www.nhs.uk/mental-health/talking-therapies-medicine-treatments/ failed quality assessment (Score: 20)
2025-07-27 13:00:13,390 - EnhancedCBTCollector - INFO - Starting enhanced collection from nhs_cbt: https://www.nhs.uk/mental-health/talking-therapies-medicine-treatments/talking-therapies-and-counselling/nhs-talking-therapies/
2025-07-27 13:00:13,420 - EnhancedCBTCollector - ERROR - Failed to collect from https://www.nhs.uk/mental-health/talking-therapies-medicine-treatments/talking-therapies-and-counselling/nhs-talking-therapies/: maximum recursion depth exceeded while calling a Python object
2025-07-27 13:00:15,432 - EnhancedCBTCollector - INFO - Starting enhanced collection from nhs_cbt: https://www.nhs.uk/mental-health/talking-therapies-medicine-treatments/talking-therapies-and-counselling/
2025-07-27 13:00:15,454 - EnhancedCBTCollector - ERROR - Failed to collect from https://www.nhs.uk/mental-health/talking-therapies-medicine-treatments/talking-therapies-and-counselling/: maximum recursion depth exceeded while calling a Python object
2025-07-27 13:00:17,456 - EnhancedCBTCollector - INFO - Starting enhanced collection from nhs_cbt: https://www.nhs.uk/mental-health/talking-therapies-medicine-treatments/medicines-and-psychiatry/
2025-07-27 13:00:17,487 - EnhancedCBTCollector - ERROR - Failed to collect from https://www.nhs.uk/mental-health/talking-therapies-medicine-treatments/medicines-and-psychiatry/: maximum recursion depth exceeded while calling a Python object
2025-07-27 13:00:19,500 - EnhancedCBTCollector - INFO - Starting enhanced collection from nhs_cbt: https://www.nhs.uk/mental-health/talking-therapies-medicine-treatments/medicines-and-psychiatry/psychiatry/
2025-07-27 13:00:19,530 - EnhancedCBTCollector - INFO - Collected high-quality content from https://www.nhs.uk/mental-health/talking-therapies-medicine-treatments/medicines-and-psychiatry/psychiatry/ (Score: 65)
2025-07-27 13:00:21,539 - EnhancedCBTCollector - INFO - Starting enhanced collection from nhs_cbt: https://www.nhs.uk/mental-health/talking-therapies-medicine-treatments/
2025-07-27 13:00:21,561 - EnhancedCBTCollector - ERROR - Failed to collect from https://www.nhs.uk/mental-health/talking-therapies-medicine-treatments/: maximum recursion depth exceeded while calling a Python object
2025-07-27 13:00:23,564 - EnhancedCBTCollector - INFO - Starting enhanced collection from nhs_cbt: https://www.nhs.uk/mental-health/talking-therapies-medicine-treatments/medicines-and-psychiatry/
2025-07-27 13:00:23,584 - EnhancedCBTCollector - ERROR - Failed to collect from https://www.nhs.uk/mental-health/talking-therapies-medicine-treatments/medicines-and-psychiatry/: maximum recursion depth exceeded while calling a Python object
2025-07-27 13:00:25,588 - EnhancedCBTCollector - INFO - Starting enhanced collection from nhs_cbt: https://www.nhs.uk/mental-health/talking-therapies-medicine-treatments/talking-therapies-and-counselling/benefits-of-talking-therapies/
2025-07-27 13:00:25,637 - EnhancedCBTCollector - WARNING - Content from https://www.nhs.uk/mental-health/talking-therapies-medicine-treatments/talking-therapies-and-counselling/benefits-of-talking-therapies/ failed quality assessment (Score: 45)
2025-07-27 13:00:27,647 - EnhancedCBTCollector - INFO - Starting enhanced collection from nhs_cbt: https://www.nhs.uk/mental-health/talking-therapies-medicine-treatments/
2025-07-27 13:00:27,700 - EnhancedCBTCollector - WARNING - Content from https://www.nhs.uk/mental-health/talking-therapies-medicine-treatments/ failed quality assessment (Score: 20)
2025-07-27 13:00:29,712 - EnhancedCBTCollector - INFO - Starting enhanced collection from nhs_cbt: https://www.nhs.uk/mental-health/talking-therapies-medicine-treatments/talking-therapies-and-counselling/nhs-talking-therapies/
2025-07-27 13:00:29,793 - EnhancedCBTCollector - INFO - Collected high-quality content from https://www.nhs.uk/mental-health/talking-therapies-medicine-treatments/talking-therapies-and-counselling/nhs-talking-therapies/ (Score: 70)
2025-07-27 13:00:31,799 - EnhancedCBTCollector - INFO - Starting enhanced collection from nhs_cbt: https://www.nhs.uk/mental-health/talking-therapies-medicine-treatments/
2025-07-27 13:00:31,853 - EnhancedCBTCollector - ERROR - Failed to collect from https://www.nhs.uk/mental-health/talking-therapies-medicine-treatments/: maximum recursion depth exceeded while calling a Python object
2025-07-27 13:00:33,856 - EnhancedCBTCollector - INFO - Starting enhanced collection from nhs_cbt: https://www.nhs.uk/mental-health/talking-therapies-medicine-treatments/talking-therapies-and-counselling/
2025-07-27 13:00:33,878 - EnhancedCBTCollector - ERROR - Failed to collect from https://www.nhs.uk/mental-health/talking-therapies-medicine-treatments/talking-therapies-and-counselling/: maximum recursion depth exceeded while calling a Python object
2025-07-27 13:00:35,881 - EnhancedCBTCollector - INFO - Starting enhanced collection from nhs_cbt: https://www.nhs.uk/mental-health/talking-therapies-medicine-treatments/talking-therapies-and-counselling/
2025-07-27 13:00:35,920 - EnhancedCBTCollector - WARNING - Content from https://www.nhs.uk/mental-health/talking-therapies-medicine-treatments/talking-therapies-and-counselling/ failed quality assessment (Score: 50)
2025-07-27 13:00:37,923 - EnhancedCBTCollector - INFO - Starting enhanced collection from nhs_cbt: https://www.nhs.uk/mental-health/talking-therapies-medicine-treatments/
2025-07-27 13:00:37,971 - EnhancedCBTCollector - ERROR - Failed to collect from https://www.nhs.uk/mental-health/talking-therapies-medicine-treatments/: maximum recursion depth exceeded while calling a Python object
2025-07-27 13:00:39,981 - EnhancedCBTCollector - INFO - Starting enhanced collection from nhs_cbt: https://www.nhs.uk/mental-health/talking-therapies-medicine-treatments/talking-therapies-and-counselling/benefits-of-talking-therapies/
2025-07-27 13:00:40,002 - EnhancedCBTCollector - ERROR - Failed to collect from https://www.nhs.uk/mental-health/talking-therapies-medicine-treatments/talking-therapies-and-counselling/benefits-of-talking-therapies/: maximum recursion depth exceeded while calling a Python object
2025-07-27 13:00:42,012 - EnhancedCBTCollector - INFO - Starting enhanced collection from nhs_cbt: https://www.nhs.uk/mental-health/talking-therapies-medicine-treatments/medicines-and-psychiatry/
2025-07-27 13:00:42,045 - EnhancedCBTCollector - WARNING - Content from https://www.nhs.uk/mental-health/talking-therapies-medicine-treatments/medicines-and-psychiatry/ failed quality assessment (Score: 20)
2025-07-27 13:00:44,049 - EnhancedCBTCollector - INFO - Starting enhanced collection from nhs_cbt: https://www.nhs.uk/mental-health/talking-therapies-medicine-treatments/
2025-07-27 13:00:44,073 - EnhancedCBTCollector - ERROR - Failed to collect from https://www.nhs.uk/mental-health/talking-therapies-medicine-treatments/: maximum recursion depth exceeded while calling a Python object
2025-07-27 13:00:46,074 - EnhancedCBTCollector - INFO - Starting enhanced collection from nhs_cbt: https://www.nhs.uk/mental-health/talking-therapies-medicine-treatments/medicines-and-psychiatry/psychiatry/
2025-07-27 13:00:46,095 - EnhancedCBTCollector - ERROR - Failed to collect from https://www.nhs.uk/mental-health/talking-therapies-medicine-treatments/medicines-and-psychiatry/psychiatry/: maximum recursion depth exceeded while calling a Python object
2025-07-27 13:00:48,101 - EnhancedCBTCollector - INFO - Starting enhanced collection from nhs_cbt: https://www.nhs.uk/mental-health/talking-therapies-medicine-treatments/talking-therapies-and-counselling/
2025-07-27 13:00:48,140 - EnhancedCBTCollector - WARNING - Content from https://www.nhs.uk/mental-health/talking-therapies-medicine-treatments/talking-therapies-and-counselling/ failed quality assessment (Score: 50)
2025-07-27 13:00:50,142 - EnhancedCBTCollector - INFO - Starting enhanced collection from nhs_cbt: https://www.nhs.uk/mental-health/talking-therapies-medicine-treatments/
2025-07-27 13:00:50,171 - EnhancedCBTCollector - WARNING - Content from https://www.nhs.uk/mental-health/talking-therapies-medicine-treatments/ failed quality assessment (Score: 20)
2025-07-27 13:00:52,181 - EnhancedCBTCollector - INFO - Starting enhanced collection from nhs_cbt: https://www.nhs.uk/mental-health/talking-therapies-medicine-treatments/talking-therapies-and-counselling/nhs-talking-therapies/
2025-07-27 13:00:52,208 - EnhancedCBTCollector - ERROR - Failed to collect from https://www.nhs.uk/mental-health/talking-therapies-medicine-treatments/talking-therapies-and-counselling/nhs-talking-therapies/: maximum recursion depth exceeded while calling a Python object
2025-07-27 13:00:54,209 - EnhancedCBTCollector - INFO - Starting enhanced collection from nhs_cbt: https://www.nhs.uk/mental-health/talking-therapies-medicine-treatments/talking-therapies-and-counselling/
2025-07-27 13:00:54,231 - EnhancedCBTCollector - ERROR - Failed to collect from https://www.nhs.uk/mental-health/talking-therapies-medicine-treatments/talking-therapies-and-counselling/: maximum recursion depth exceeded while calling a Python object
2025-07-27 13:00:56,232 - EnhancedCBTCollector - INFO - Starting enhanced collection from nhs_cbt: https://www.nhs.uk/mental-health/talking-therapies-medicine-treatments/medicines-and-psychiatry/
2025-07-27 13:00:56,252 - EnhancedCBTCollector - ERROR - Failed to collect from https://www.nhs.uk/mental-health/talking-therapies-medicine-treatments/medicines-and-psychiatry/: maximum recursion depth exceeded while calling a Python object
2025-07-27 13:00:58,263 - EnhancedCBTCollector - INFO - Starting enhanced collection from nhs_cbt: https://www.nhs.uk/mental-health/talking-therapies-medicine-treatments/talking-therapies-and-counselling/benefits-of-talking-therapies/
2025-07-27 13:00:58,321 - EnhancedCBTCollector - WARNING - Content from https://www.nhs.uk/mental-health/talking-therapies-medicine-treatments/talking-therapies-and-counselling/benefits-of-talking-therapies/ failed quality assessment (Score: 45)
2025-07-27 13:01:00,331 - EnhancedCBTCollector - INFO - Starting enhanced collection from nhs_cbt: https://www.nhs.uk/mental-health/talking-therapies-medicine-treatments/
2025-07-27 13:01:00,362 - EnhancedCBTCollector - ERROR - Failed to collect from https://www.nhs.uk/mental-health/talking-therapies-medicine-treatments/: maximum recursion depth exceeded while calling a Python object
2025-07-27 13:01:02,362 - EnhancedCBTCollector - INFO - Starting enhanced collection from nhs_cbt: https://www.nhs.uk/mental-health/talking-therapies-medicine-treatments/talking-therapies-and-counselling/
2025-07-27 13:01:02,383 - EnhancedCBTCollector - ERROR - Failed to collect from https://www.nhs.uk/mental-health/talking-therapies-medicine-treatments/talking-therapies-and-counselling/: maximum recursion depth exceeded while calling a Python object
2025-07-27 13:01:04,384 - EnhancedCBTCollector - INFO - Starting enhanced collection from nhs_cbt: https://www.nhs.uk/mental-health/talking-therapies-medicine-treatments/medicines-and-psychiatry/
2025-07-27 13:01:04,413 - EnhancedCBTCollector - WARNING - Content from https://www.nhs.uk/mental-health/talking-therapies-medicine-treatments/medicines-and-psychiatry/ failed quality assessment (Score: 20)
2025-07-27 13:01:06,420 - EnhancedCBTCollector - INFO - Starting enhanced collection from nhs_cbt: https://www.nhs.uk/mental-health/talking-therapies-medicine-treatments/
2025-07-27 13:01:06,450 - EnhancedCBTCollector - WARNING - Content from https://www.nhs.uk/mental-health/talking-therapies-medicine-treatments/ failed quality assessment (Score: 20)
2025-07-27 13:01:08,460 - EnhancedCBTCollector - INFO - Starting enhanced collection from nhs_cbt: https://www.nhs.uk/mental-health/talking-therapies-medicine-treatments/talking-therapies-and-counselling/nhs-talking-therapies/
2025-07-27 13:01:08,493 - EnhancedCBTCollector - INFO - Collected high-quality content from https://www.nhs.uk/mental-health/talking-therapies-medicine-treatments/talking-therapies-and-counselling/nhs-talking-therapies/ (Score: 70)
2025-07-27 13:01:10,499 - EnhancedCBTCollector - INFO - Starting enhanced collection from nhs_cbt: https://www.nhs.uk/mental-health/talking-therapies-medicine-treatments/
2025-07-27 13:01:10,529 - EnhancedCBTCollector - WARNING - Content from https://www.nhs.uk/mental-health/talking-therapies-medicine-treatments/ failed quality assessment (Score: 20)
2025-07-27 13:01:12,542 - EnhancedCBTCollector - INFO - Starting enhanced collection from nhs_cbt: https://www.nhs.uk/mental-health/talking-therapies-medicine-treatments/talking-therapies-and-counselling/nhs-talking-therapies/
2025-07-27 13:01:12,567 - EnhancedCBTCollector - ERROR - Failed to collect from https://www.nhs.uk/mental-health/talking-therapies-medicine-treatments/talking-therapies-and-counselling/nhs-talking-therapies/: maximum recursion depth exceeded while calling a Python object
2025-07-27 13:01:14,568 - EnhancedCBTCollector - INFO - Starting enhanced collection from nhs_cbt: https://www.nhs.uk/mental-health/talking-therapies-medicine-treatments/talking-therapies-and-counselling/
2025-07-27 13:01:14,597 - EnhancedCBTCollector - ERROR - Failed to collect from https://www.nhs.uk/mental-health/talking-therapies-medicine-treatments/talking-therapies-and-counselling/: maximum recursion depth exceeded while calling a Python object
2025-07-27 13:01:16,606 - EnhancedCBTCollector - INFO - Starting enhanced collection from nhs_cbt: https://www.nhs.uk/mental-health/talking-therapies-medicine-treatments/medicines-and-psychiatry/
2025-07-27 13:01:16,627 - EnhancedCBTCollector - ERROR - Failed to collect from https://www.nhs.uk/mental-health/talking-therapies-medicine-treatments/medicines-and-psychiatry/: maximum recursion depth exceeded while calling a Python object
2025-07-27 13:01:18,637 - EnhancedCBTCollector - INFO - Starting enhanced collection from nhs_cbt: https://www.nhs.uk/mental-health/talking-therapies-medicine-treatments/talking-therapies-and-counselling/
2025-07-27 13:01:18,665 - EnhancedCBTCollector - WARNING - Content from https://www.nhs.uk/mental-health/talking-therapies-medicine-treatments/talking-therapies-and-counselling/ failed quality assessment (Score: 50)
2025-07-27 13:01:20,678 - EnhancedCBTCollector - INFO - Starting enhanced collection from nhs_cbt: https://www.nhs.uk/mental-health/talking-therapies-medicine-treatments/
2025-07-27 13:01:20,698 - EnhancedCBTCollector - ERROR - Failed to collect from https://www.nhs.uk/mental-health/talking-therapies-medicine-treatments/: maximum recursion depth exceeded while calling a Python object
2025-07-27 13:01:22,700 - EnhancedCBTCollector - INFO - Starting enhanced collection from nhs_cbt: https://www.nhs.uk/mental-health/talking-therapies-medicine-treatments/talking-therapies-and-counselling/benefits-of-talking-therapies/
2025-07-27 13:01:22,721 - EnhancedCBTCollector - ERROR - Failed to collect from https://www.nhs.uk/mental-health/talking-therapies-medicine-treatments/talking-therapies-and-counselling/benefits-of-talking-therapies/: maximum recursion depth exceeded while calling a Python object
2025-07-27 13:01:24,726 - EnhancedCBTCollector - INFO - Starting enhanced collection from nhs_cbt: https://www.nhs.uk/mental-health/talking-therapies-medicine-treatments/talking-therapies-and-counselling/
2025-07-27 13:01:24,754 - EnhancedCBTCollector - WARNING - Content from https://www.nhs.uk/mental-health/talking-therapies-medicine-treatments/talking-therapies-and-counselling/ failed quality assessment (Score: 50)
2025-07-27 13:01:26,762 - EnhancedCBTCollector - INFO - Starting enhanced collection from nhs_cbt: https://www.nhs.uk/mental-health/talking-therapies-medicine-treatments/
2025-07-27 13:01:26,791 - EnhancedCBTCollector - WARNING - Content from https://www.nhs.uk/mental-health/talking-therapies-medicine-treatments/ failed quality assessment (Score: 20)
2025-07-27 13:01:28,807 - EnhancedCBTCollector - INFO - Starting enhanced collection from nhs_cbt: https://www.nhs.uk/mental-health/talking-therapies-medicine-treatments/talking-therapies-and-counselling/nhs-talking-therapies/
2025-07-27 13:01:28,853 - EnhancedCBTCollector - ERROR - Failed to collect from https://www.nhs.uk/mental-health/talking-therapies-medicine-treatments/talking-therapies-and-counselling/nhs-talking-therapies/: maximum recursion depth exceeded while calling a Python object
2025-07-27 13:01:30,864 - EnhancedCBTCollector - INFO - Starting enhanced collection from nhs_cbt: https://www.nhs.uk/mental-health/talking-therapies-medicine-treatments/talking-therapies-and-counselling/
2025-07-27 13:01:30,922 - EnhancedCBTCollector - ERROR - Failed to collect from https://www.nhs.uk/mental-health/talking-therapies-medicine-treatments/talking-therapies-and-counselling/: maximum recursion depth exceeded while calling a Python object
2025-07-27 13:01:32,935 - EnhancedCBTCollector - INFO - Starting enhanced collection from nhs_cbt: https://www.nhs.uk/mental-health/talking-therapies-medicine-treatments/medicines-and-psychiatry/
2025-07-27 13:01:32,957 - EnhancedCBTCollector - ERROR - Failed to collect from https://www.nhs.uk/mental-health/talking-therapies-medicine-treatments/medicines-and-psychiatry/: maximum recursion depth exceeded while calling a Python object
2025-07-27 13:01:34,958 - EnhancedCBTCollector - INFO - Starting enhanced collection from nhs_cbt: https://www.nhs.uk/mental-health/talking-therapies-medicine-treatments/talking-therapies-and-counselling/benefits-of-talking-therapies/
2025-07-27 13:01:34,995 - EnhancedCBTCollector - WARNING - Content from https://www.nhs.uk/mental-health/talking-therapies-medicine-treatments/talking-therapies-and-counselling/benefits-of-talking-therapies/ failed quality assessment (Score: 45)
2025-07-27 13:01:37,000 - EnhancedCBTCollector - INFO - Starting enhanced collection from nhs_cbt: https://www.nhs.uk/mental-health/talking-therapies-medicine-treatments/
2025-07-27 13:01:37,050 - EnhancedCBTCollector - ERROR - Failed to collect from https://www.nhs.uk/mental-health/talking-therapies-medicine-treatments/: maximum recursion depth exceeded while calling a Python object
2025-07-27 13:01:39,055 - EnhancedCBTCollector - INFO - Starting enhanced collection from nhs_cbt: https://www.nhs.uk/mental-health/talking-therapies-medicine-treatments/talking-therapies-and-counselling/
2025-07-27 13:01:39,083 - EnhancedCBTCollector - ERROR - Failed to collect from https://www.nhs.uk/mental-health/talking-therapies-medicine-treatments/talking-therapies-and-counselling/: maximum recursion depth exceeded while calling a Python object
2025-07-27 13:01:41,097 - EnhancedCBTCollector - INFO - Starting enhanced collection from nhs_cbt: https://www.nhs.uk/mental-health/talking-therapies-medicine-treatments/medicines-and-psychiatry/
2025-07-27 13:01:41,127 - EnhancedCBTCollector - WARNING - Content from https://www.nhs.uk/mental-health/talking-therapies-medicine-treatments/medicines-and-psychiatry/ failed quality assessment (Score: 20)
2025-07-27 13:01:43,141 - EnhancedCBTCollector - INFO - Starting enhanced collection from nhs_cbt: https://www.nhs.uk/mental-health/talking-therapies-medicine-treatments/
2025-07-27 13:01:43,170 - EnhancedCBTCollector - WARNING - Content from https://www.nhs.uk/mental-health/talking-therapies-medicine-treatments/ failed quality assessment (Score: 20)
2025-07-27 13:01:45,180 - EnhancedCBTCollector - INFO - Starting enhanced collection from nhs_cbt: https://www.nhs.uk/mental-health/talking-therapies-medicine-treatments/talking-therapies-and-counselling/nhs-talking-therapies/
2025-07-27 13:01:45,204 - EnhancedCBTCollector - ERROR - Failed to collect from https://www.nhs.uk/mental-health/talking-therapies-medicine-treatments/talking-therapies-and-counselling/nhs-talking-therapies/: maximum recursion depth exceeded while calling a Python object
2025-07-27 13:01:47,205 - EnhancedCBTCollector - INFO - Starting enhanced collection from nhs_cbt: https://www.nhs.uk/mental-health/talking-therapies-medicine-treatments/talking-therapies-and-counselling/
2025-07-27 13:01:47,225 - EnhancedCBTCollector - ERROR - Failed to collect from https://www.nhs.uk/mental-health/talking-therapies-medicine-treatments/talking-therapies-and-counselling/: maximum recursion depth exceeded while calling a Python object
2025-07-27 13:01:49,235 - EnhancedCBTCollector - INFO - Starting enhanced collection from nhs_cbt: https://www.nhs.uk/mental-health/talking-therapies-medicine-treatments/medicines-and-psychiatry/
2025-07-27 13:01:49,256 - EnhancedCBTCollector - ERROR - Failed to collect from https://www.nhs.uk/mental-health/talking-therapies-medicine-treatments/medicines-and-psychiatry/: maximum recursion depth exceeded while calling a Python object
2025-07-27 13:01:51,259 - EnhancedCBTCollector - INFO - Starting enhanced collection from nhs_cbt: https://www.nhs.uk/mental-health/talking-therapies-medicine-treatments/medicines-and-psychiatry/psychiatry/
2025-07-27 13:01:51,290 - EnhancedCBTCollector - INFO - Collected high-quality content from https://www.nhs.uk/mental-health/talking-therapies-medicine-treatments/medicines-and-psychiatry/psychiatry/ (Score: 65)
2025-07-27 13:01:53,298 - EnhancedCBTCollector - INFO - Starting enhanced collection from nhs_cbt: https://www.nhs.uk/mental-health/talking-therapies-medicine-treatments/
2025-07-27 13:01:53,319 - EnhancedCBTCollector - ERROR - Failed to collect from https://www.nhs.uk/mental-health/talking-therapies-medicine-treatments/: maximum recursion depth exceeded while calling a Python object
2025-07-27 13:01:55,324 - EnhancedCBTCollector - INFO - Starting enhanced collection from nhs_cbt: https://www.nhs.uk/mental-health/talking-therapies-medicine-treatments/medicines-and-psychiatry/
2025-07-27 13:01:55,346 - EnhancedCBTCollector - ERROR - Failed to collect from https://www.nhs.uk/mental-health/talking-therapies-medicine-treatments/medicines-and-psychiatry/: maximum recursion depth exceeded while calling a Python object
2025-07-27 13:01:57,355 - EnhancedCBTCollector - INFO - Starting enhanced collection from nhs_cbt: https://www.nhs.uk/mental-health/talking-therapies-medicine-treatments/medicines-and-psychiatry/psychiatry/
2025-07-27 13:01:57,391 - EnhancedCBTCollector - INFO - Collected high-quality content from https://www.nhs.uk/mental-health/talking-therapies-medicine-treatments/medicines-and-psychiatry/psychiatry/ (Score: 65)
2025-07-27 13:01:59,409 - EnhancedCBTCollector - INFO - Starting enhanced collection from nhs_cbt: https://www.nhs.uk/mental-health/talking-therapies-medicine-treatments/
2025-07-27 13:01:59,446 - EnhancedCBTCollector - WARNING - Content from https://www.nhs.uk/mental-health/talking-therapies-medicine-treatments/ failed quality assessment (Score: 20)
2025-07-27 13:02:01,450 - EnhancedCBTCollector - INFO - Starting enhanced collection from nhs_cbt: https://www.nhs.uk/mental-health/talking-therapies-medicine-treatments/talking-therapies-and-counselling/nhs-talking-therapies/
2025-07-27 13:02:01,518 - EnhancedCBTCollector - INFO - Collected high-quality content from https://www.nhs.uk/mental-health/talking-therapies-medicine-treatments/talking-therapies-and-counselling/nhs-talking-therapies/ (Score: 70)
2025-07-27 13:02:03,533 - EnhancedCBTCollector - INFO - Starting enhanced collection from nhs_cbt: https://www.nhs.uk/mental-health/talking-therapies-medicine-treatments/
2025-07-27 13:02:03,553 - EnhancedCBTCollector - ERROR - Failed to collect from https://www.nhs.uk/mental-health/talking-therapies-medicine-treatments/: maximum recursion depth exceeded while calling a Python object
2025-07-27 13:02:05,565 - EnhancedCBTCollector - INFO - Starting enhanced collection from nhs_cbt: https://www.nhs.uk/mental-health/talking-therapies-medicine-treatments/talking-therapies-and-counselling/
2025-07-27 13:02:05,587 - EnhancedCBTCollector - ERROR - Failed to collect from https://www.nhs.uk/mental-health/talking-therapies-medicine-treatments/talking-therapies-and-counselling/: maximum recursion depth exceeded while calling a Python object
2025-07-27 13:02:07,598 - EnhancedCBTCollector - INFO - Starting enhanced collection from nhs_cbt: https://www.nhs.uk/mental-health/talking-therapies-medicine-treatments/talking-therapies-and-counselling/
2025-07-27 13:02:07,628 - EnhancedCBTCollector - WARNING - Content from https://www.nhs.uk/mental-health/talking-therapies-medicine-treatments/talking-therapies-and-counselling/ failed quality assessment (Score: 50)
2025-07-27 13:02:09,638 - EnhancedCBTCollector - INFO - Starting enhanced collection from nhs_cbt: https://www.nhs.uk/mental-health/talking-therapies-medicine-treatments/
2025-07-27 13:02:09,683 - EnhancedCBTCollector - ERROR - Failed to collect from https://www.nhs.uk/mental-health/talking-therapies-medicine-treatments/: maximum recursion depth exceeded while calling a Python object
2025-07-27 13:02:11,687 - EnhancedCBTCollector - INFO - Starting enhanced collection from nhs_cbt: https://www.nhs.uk/mental-health/talking-therapies-medicine-treatments/talking-therapies-and-counselling/benefits-of-talking-therapies/
2025-07-27 13:02:11,724 - EnhancedCBTCollector - ERROR - Failed to collect from https://www.nhs.uk/mental-health/talking-therapies-medicine-treatments/talking-therapies-and-counselling/benefits-of-talking-therapies/: maximum recursion depth exceeded while calling a Python object
2025-07-27 13:02:13,728 - EnhancedCBTCollector - INFO - Starting enhanced collection from nhs_cbt: https://www.nhs.uk/mental-health/talking-therapies-medicine-treatments/medicines-and-psychiatry/
2025-07-27 13:02:13,756 - EnhancedCBTCollector - WARNING - Content from https://www.nhs.uk/mental-health/talking-therapies-medicine-treatments/medicines-and-psychiatry/ failed quality assessment (Score: 20)
2025-07-27 13:02:15,768 - EnhancedCBTCollector - INFO - Starting enhanced collection from nhs_cbt: https://www.nhs.uk/mental-health/talking-therapies-medicine-treatments/
2025-07-27 13:02:15,792 - EnhancedCBTCollector - ERROR - Failed to collect from https://www.nhs.uk/mental-health/talking-therapies-medicine-treatments/: maximum recursion depth exceeded while calling a Python object
2025-07-27 13:02:17,798 - EnhancedCBTCollector - INFO - Starting enhanced collection from nhs_cbt: https://www.nhs.uk/mental-health/talking-therapies-medicine-treatments/medicines-and-psychiatry/psychiatry/
2025-07-27 13:02:17,830 - EnhancedCBTCollector - ERROR - Failed to collect from https://www.nhs.uk/mental-health/talking-therapies-medicine-treatments/medicines-and-psychiatry/psychiatry/: maximum recursion depth exceeded while calling a Python object
2025-07-27 13:02:19,838 - EnhancedCBTCollector - INFO - Starting enhanced collection from nhs_cbt: https://www.nhs.uk/mental-health/talking-therapies-medicine-treatments/medicines-and-psychiatry/
2025-07-27 13:02:19,873 - EnhancedCBTCollector - WARNING - Content from https://www.nhs.uk/mental-health/talking-therapies-medicine-treatments/medicines-and-psychiatry/ failed quality assessment (Score: 20)
2025-07-27 13:02:21,880 - EnhancedCBTCollector - INFO - Starting enhanced collection from nhs_cbt: https://www.nhs.uk/mental-health/talking-therapies-medicine-treatments/
2025-07-27 13:02:21,956 - EnhancedCBTCollector - WARNING - Content from https://www.nhs.uk/mental-health/talking-therapies-medicine-treatments/ failed quality assessment (Score: 20)
2025-07-27 13:02:23,967 - EnhancedCBTCollector - INFO - Starting enhanced collection from nhs_cbt: https://www.nhs.uk/mental-health/talking-therapies-medicine-treatments/talking-therapies-and-counselling/nhs-talking-therapies/
2025-07-27 13:02:23,987 - EnhancedCBTCollector - ERROR - Failed to collect from https://www.nhs.uk/mental-health/talking-therapies-medicine-treatments/talking-therapies-and-counselling/nhs-talking-therapies/: maximum recursion depth exceeded while calling a Python object
2025-07-27 13:02:25,997 - EnhancedCBTCollector - INFO - Starting enhanced collection from nhs_cbt: https://www.nhs.uk/mental-health/talking-therapies-medicine-treatments/talking-therapies-and-counselling/
2025-07-27 13:02:26,078 - EnhancedCBTCollector - ERROR - Failed to collect from https://www.nhs.uk/mental-health/talking-therapies-medicine-treatments/talking-therapies-and-counselling/: maximum recursion depth exceeded while calling a Python object
2025-07-27 13:02:28,086 - EnhancedCBTCollector - INFO - Starting enhanced collection from nhs_cbt: https://www.nhs.uk/mental-health/talking-therapies-medicine-treatments/medicines-and-psychiatry/
2025-07-27 13:02:28,106 - EnhancedCBTCollector - ERROR - Failed to collect from https://www.nhs.uk/mental-health/talking-therapies-medicine-treatments/medicines-and-psychiatry/: maximum recursion depth exceeded while calling a Python object
2025-07-27 13:02:30,114 - EnhancedCBTCollector - INFO - Starting enhanced collection from nhs_cbt: https://www.nhs.uk/mental-health/talking-therapies-medicine-treatments/medicines-and-psychiatry/psychiatry/
2025-07-27 13:02:30,147 - EnhancedCBTCollector - INFO - Collected high-quality content from https://www.nhs.uk/mental-health/talking-therapies-medicine-treatments/medicines-and-psychiatry/psychiatry/ (Score: 65)
2025-07-27 13:02:32,157 - EnhancedCBTCollector - INFO - Starting enhanced collection from nhs_cbt: https://www.nhs.uk/mental-health/talking-therapies-medicine-treatments/
2025-07-27 13:02:32,262 - EnhancedCBTCollector - ERROR - Failed to collect from https://www.nhs.uk/mental-health/talking-therapies-medicine-treatments/: maximum recursion depth exceeded while calling a Python object
2025-07-27 13:02:34,275 - EnhancedCBTCollector - INFO - Starting enhanced collection from nhs_cbt: https://www.nhs.uk/mental-health/talking-therapies-medicine-treatments/medicines-and-psychiatry/
2025-07-27 13:02:34,295 - EnhancedCBTCollector - ERROR - Failed to collect from https://www.nhs.uk/mental-health/talking-therapies-medicine-treatments/medicines-and-psychiatry/: maximum recursion depth exceeded while calling a Python object
2025-07-27 13:02:36,302 - EnhancedCBTCollector - INFO - Starting enhanced collection from nhs_cbt: https://www.nhs.uk/mental-health/talking-therapies-medicine-treatments/talking-therapies-and-counselling/benefits-of-talking-therapies/
2025-07-27 13:02:36,361 - EnhancedCBTCollector - WARNING - Content from https://www.nhs.uk/mental-health/talking-therapies-medicine-treatments/talking-therapies-and-counselling/benefits-of-talking-therapies/ failed quality assessment (Score: 45)
2025-07-27 13:02:38,372 - EnhancedCBTCollector - INFO - Starting enhanced collection from nhs_cbt: https://www.nhs.uk/mental-health/talking-therapies-medicine-treatments/
2025-07-27 13:02:38,400 - EnhancedCBTCollector - WARNING - Content from https://www.nhs.uk/mental-health/talking-therapies-medicine-treatments/ failed quality assessment (Score: 20)
2025-07-27 13:02:40,413 - EnhancedCBTCollector - INFO - Starting enhanced collection from nhs_cbt: https://www.nhs.uk/mental-health/talking-therapies-medicine-treatments/talking-therapies-and-counselling/nhs-talking-therapies/
2025-07-27 13:02:40,460 - EnhancedCBTCollector - INFO - Collected high-quality content from https://www.nhs.uk/mental-health/talking-therapies-medicine-treatments/talking-therapies-and-counselling/nhs-talking-therapies/ (Score: 70)
2025-07-27 13:02:42,470 - EnhancedCBTCollector - INFO - Starting enhanced collection from nhs_cbt: https://www.nhs.uk/mental-health/talking-therapies-medicine-treatments/
2025-07-27 13:02:42,523 - EnhancedCBTCollector - WARNING - Content from https://www.nhs.uk/mental-health/talking-therapies-medicine-treatments/ failed quality assessment (Score: 20)
2025-07-27 13:02:44,526 - EnhancedCBTCollector - INFO - Starting enhanced collection from nhs_cbt: https://www.nhs.uk/mental-health/talking-therapies-medicine-treatments/talking-therapies-and-counselling/nhs-talking-therapies/
2025-07-27 13:02:44,562 - EnhancedCBTCollector - INFO - Collected high-quality content from https://www.nhs.uk/mental-health/talking-therapies-medicine-treatments/talking-therapies-and-counselling/nhs-talking-therapies/ (Score: 70)
2025-07-27 13:02:46,569 - EnhancedCBTCollector - INFO - Starting enhanced collection from nhs_cbt: https://www.nhs.uk/mental-health/talking-therapies-medicine-treatments/
2025-07-27 13:02:46,595 - EnhancedCBTCollector - ERROR - Failed to collect from https://www.nhs.uk/mental-health/talking-therapies-medicine-treatments/: maximum recursion depth exceeded while calling a Python object
2025-07-27 13:02:48,607 - EnhancedCBTCollector - INFO - Starting enhanced collection from nhs_cbt: https://www.nhs.uk/mental-health/talking-therapies-medicine-treatments/talking-therapies-and-counselling/
2025-07-27 13:02:48,628 - EnhancedCBTCollector - ERROR - Failed to collect from https://www.nhs.uk/mental-health/talking-therapies-medicine-treatments/talking-therapies-and-counselling/: maximum recursion depth exceeded while calling a Python object
2025-07-27 13:02:50,642 - EnhancedCBTCollector - INFO - Starting enhanced collection from nhs_cbt: https://www.nhs.uk/mental-health/talking-therapies-medicine-treatments/talking-therapies-and-counselling/
2025-07-27 13:02:50,683 - EnhancedCBTCollector - WARNING - Content from https://www.nhs.uk/mental-health/talking-therapies-medicine-treatments/talking-therapies-and-counselling/ failed quality assessment (Score: 50)
2025-07-27 13:02:52,697 - EnhancedCBTCollector - INFO - Starting enhanced collection from nhs_cbt: https://www.nhs.uk/mental-health/talking-therapies-medicine-treatments/
2025-07-27 13:02:52,718 - EnhancedCBTCollector - ERROR - Failed to collect from https://www.nhs.uk/mental-health/talking-therapies-medicine-treatments/: maximum recursion depth exceeded while calling a Python object
2025-07-27 13:02:54,722 - EnhancedCBTCollector - INFO - Starting enhanced collection from nhs_cbt: https://www.nhs.uk/mental-health/talking-therapies-medicine-treatments/talking-therapies-and-counselling/benefits-of-talking-therapies/
2025-07-27 13:02:54,775 - EnhancedCBTCollector - ERROR - Failed to collect from https://www.nhs.uk/mental-health/talking-therapies-medicine-treatments/talking-therapies-and-counselling/benefits-of-talking-therapies/: maximum recursion depth exceeded while calling a Python object
2025-07-27 13:02:56,778 - EnhancedCBTCollector - INFO - Starting enhanced collection from nhs_cbt: https://www.nhs.uk/mental-health/talking-therapies-medicine-treatments/medicines-and-psychiatry/
2025-07-27 13:02:56,821 - EnhancedCBTCollector - WARNING - Content from https://www.nhs.uk/mental-health/talking-therapies-medicine-treatments/medicines-and-psychiatry/ failed quality assessment (Score: 20)
2025-07-27 13:02:58,833 - EnhancedCBTCollector - INFO - Starting enhanced collection from nhs_cbt: https://www.nhs.uk/mental-health/talking-therapies-medicine-treatments/
2025-07-27 13:02:58,854 - EnhancedCBTCollector - ERROR - Failed to collect from https://www.nhs.uk/mental-health/talking-therapies-medicine-treatments/: maximum recursion depth exceeded while calling a Python object
2025-07-27 13:03:00,856 - EnhancedCBTCollector - INFO - Starting enhanced collection from nhs_cbt: https://www.nhs.uk/mental-health/talking-therapies-medicine-treatments/medicines-and-psychiatry/psychiatry/
2025-07-27 13:03:00,903 - EnhancedCBTCollector - ERROR - Failed to collect from https://www.nhs.uk/mental-health/talking-therapies-medicine-treatments/medicines-and-psychiatry/psychiatry/: maximum recursion depth exceeded while calling a Python object
2025-07-27 13:03:02,912 - EnhancedCBTCollector - INFO - Starting enhanced collection from nhs_cbt: https://www.nhs.uk/mental-health/talking-therapies-medicine-treatments/talking-therapies-and-counselling/
2025-07-27 13:03:02,976 - EnhancedCBTCollector - WARNING - Content from https://www.nhs.uk/mental-health/talking-therapies-medicine-treatments/talking-therapies-and-counselling/ failed quality assessment (Score: 50)
2025-07-27 13:03:04,981 - EnhancedCBTCollector - INFO - Starting enhanced collection from nhs_cbt: https://www.nhs.uk/mental-health/talking-therapies-medicine-treatments/
2025-07-27 13:03:05,013 - EnhancedCBTCollector - WARNING - Content from https://www.nhs.uk/mental-health/talking-therapies-medicine-treatments/ failed quality assessment (Score: 20)
2025-07-27 13:03:07,023 - EnhancedCBTCollector - INFO - Starting enhanced collection from nhs_cbt: https://www.nhs.uk/mental-health/talking-therapies-medicine-treatments/talking-therapies-and-counselling/nhs-talking-therapies/
2025-07-27 13:03:07,072 - EnhancedCBTCollector - ERROR - Failed to collect from https://www.nhs.uk/mental-health/talking-therapies-medicine-treatments/talking-therapies-and-counselling/nhs-talking-therapies/: maximum recursion depth exceeded while calling a Python object
2025-07-27 13:03:09,082 - EnhancedCBTCollector - INFO - Starting enhanced collection from nhs_cbt: https://www.nhs.uk/mental-health/talking-therapies-medicine-treatments/talking-therapies-and-counselling/
2025-07-27 13:03:09,127 - EnhancedCBTCollector - ERROR - Failed to collect from https://www.nhs.uk/mental-health/talking-therapies-medicine-treatments/talking-therapies-and-counselling/: maximum recursion depth exceeded while calling a Python object
2025-07-27 13:03:11,140 - EnhancedCBTCollector - INFO - Starting enhanced collection from nhs_cbt: https://www.nhs.uk/mental-health/talking-therapies-medicine-treatments/medicines-and-psychiatry/
2025-07-27 13:03:11,191 - EnhancedCBTCollector - ERROR - Failed to collect from https://www.nhs.uk/mental-health/talking-therapies-medicine-treatments/medicines-and-psychiatry/: maximum recursion depth exceeded while calling a Python object
2025-07-27 13:03:13,197 - EnhancedCBTCollector - INFO - Starting enhanced collection from nhs_cbt: https://www.nhs.uk/mental-health/talking-therapies-medicine-treatments/talking-therapies-and-counselling/benefits-of-talking-therapies/
2025-07-27 13:03:13,229 - EnhancedCBTCollector - WARNING - Content from https://www.nhs.uk/mental-health/talking-therapies-medicine-treatments/talking-therapies-and-counselling/benefits-of-talking-therapies/ failed quality assessment (Score: 45)
2025-07-27 13:03:15,236 - EnhancedCBTCollector - INFO - Starting enhanced collection from nhs_cbt: https://www.nhs.uk/mental-health/talking-therapies-medicine-treatments/
2025-07-27 13:03:15,257 - EnhancedCBTCollector - ERROR - Failed to collect from https://www.nhs.uk/mental-health/talking-therapies-medicine-treatments/: maximum recursion depth exceeded while calling a Python object
2025-07-27 13:03:17,260 - EnhancedCBTCollector - INFO - Starting enhanced collection from nhs_cbt: https://www.nhs.uk/mental-health/talking-therapies-medicine-treatments/talking-therapies-and-counselling/
2025-07-27 13:03:17,286 - EnhancedCBTCollector - ERROR - Failed to collect from https://www.nhs.uk/mental-health/talking-therapies-medicine-treatments/talking-therapies-and-counselling/: maximum recursion depth exceeded while calling a Python object
2025-07-27 13:03:19,302 - EnhancedCBTCollector - INFO - Starting enhanced collection from nhs_cbt: https://www.nhs.uk/mental-health/talking-therapies-medicine-treatments/talking-therapies-and-counselling/
2025-07-27 13:03:19,331 - EnhancedCBTCollector - WARNING - Content from https://www.nhs.uk/mental-health/talking-therapies-medicine-treatments/talking-therapies-and-counselling/ failed quality assessment (Score: 50)
2025-07-27 13:03:21,336 - EnhancedCBTCollector - INFO - Starting enhanced collection from nhs_cbt: https://www.nhs.uk/mental-health/talking-therapies-medicine-treatments/
2025-07-27 13:03:21,369 - EnhancedCBTCollector - WARNING - Content from https://www.nhs.uk/mental-health/talking-therapies-medicine-treatments/ failed quality assessment (Score: 20)
2025-07-27 13:03:23,377 - EnhancedCBTCollector - INFO - Starting enhanced collection from nhs_cbt: https://www.nhs.uk/mental-health/talking-therapies-medicine-treatments/talking-therapies-and-counselling/nhs-talking-therapies/
2025-07-27 13:03:23,416 - EnhancedCBTCollector - INFO - Collected high-quality content from https://www.nhs.uk/mental-health/talking-therapies-medicine-treatments/talking-therapies-and-counselling/nhs-talking-therapies/ (Score: 70)
2025-07-27 13:03:25,421 - EnhancedCBTCollector - INFO - Starting enhanced collection from nhs_cbt: https://www.nhs.uk/mental-health/talking-therapies-medicine-treatments/
2025-07-27 13:03:25,455 - EnhancedCBTCollector - ERROR - Failed to collect from https://www.nhs.uk/mental-health/talking-therapies-medicine-treatments/: maximum recursion depth exceeded while calling a Python object
2025-07-27 13:03:27,461 - EnhancedCBTCollector - INFO - Starting enhanced collection from nhs_cbt: https://www.nhs.uk/mental-health/talking-therapies-medicine-treatments/talking-therapies-and-counselling/
2025-07-27 13:03:27,482 - EnhancedCBTCollector - ERROR - Failed to collect from https://www.nhs.uk/mental-health/talking-therapies-medicine-treatments/talking-therapies-and-counselling/: maximum recursion depth exceeded while calling a Python object
2025-07-27 13:03:29,487 - EnhancedCBTCollector - INFO - Starting enhanced collection from nhs_cbt: https://www.nhs.uk/mental-health/talking-therapies-medicine-treatments/talking-therapies-and-counselling/
2025-07-27 13:03:29,516 - EnhancedCBTCollector - WARNING - Content from https://www.nhs.uk/mental-health/talking-therapies-medicine-treatments/talking-therapies-and-counselling/ failed quality assessment (Score: 50)
2025-07-27 13:03:31,526 - EnhancedCBTCollector - INFO - Starting enhanced collection from nhs_cbt: https://www.nhs.uk/mental-health/talking-therapies-medicine-treatments/
2025-07-27 13:03:31,547 - EnhancedCBTCollector - ERROR - Failed to collect from https://www.nhs.uk/mental-health/talking-therapies-medicine-treatments/: maximum recursion depth exceeded while calling a Python object
2025-07-27 13:03:33,555 - EnhancedCBTCollector - INFO - Starting enhanced collection from nhs_cbt: https://www.nhs.uk/mental-health/talking-therapies-medicine-treatments/talking-therapies-and-counselling/benefits-of-talking-therapies/
2025-07-27 13:03:33,575 - EnhancedCBTCollector - ERROR - Failed to collect from https://www.nhs.uk/mental-health/talking-therapies-medicine-treatments/talking-therapies-and-counselling/benefits-of-talking-therapies/: maximum recursion depth exceeded while calling a Python object
2025-07-27 13:03:35,580 - EnhancedCBTCollector - INFO - Starting enhanced collection from nhs_cbt: https://www.nhs.uk/mental-health/talking-therapies-medicine-treatments/medicines-and-psychiatry/
2025-07-27 13:03:35,633 - EnhancedCBTCollector - WARNING - Content from https://www.nhs.uk/mental-health/talking-therapies-medicine-treatments/medicines-and-psychiatry/ failed quality assessment (Score: 20)
2025-07-27 13:03:37,636 - EnhancedCBTCollector - INFO - Starting enhanced collection from nhs_cbt: https://www.nhs.uk/mental-health/talking-therapies-medicine-treatments/
2025-07-27 13:03:37,657 - EnhancedCBTCollector - ERROR - Failed to collect from https://www.nhs.uk/mental-health/talking-therapies-medicine-treatments/: maximum recursion depth exceeded while calling a Python object
2025-07-27 13:03:39,664 - EnhancedCBTCollector - INFO - Starting enhanced collection from nhs_cbt: https://www.nhs.uk/mental-health/talking-therapies-medicine-treatments/medicines-and-psychiatry/psychiatry/
2025-07-27 13:03:39,711 - EnhancedCBTCollector - ERROR - Failed to collect from https://www.nhs.uk/mental-health/talking-therapies-medicine-treatments/medicines-and-psychiatry/psychiatry/: maximum recursion depth exceeded while calling a Python object
2025-07-27 13:03:41,720 - EnhancedCBTCollector - INFO - Starting enhanced collection from nhs_cbt: https://www.nhs.uk/mental-health/talking-therapies-medicine-treatments/talking-therapies-and-counselling/benefits-of-talking-therapies/
2025-07-27 13:03:41,753 - EnhancedCBTCollector - WARNING - Content from https://www.nhs.uk/mental-health/talking-therapies-medicine-treatments/talking-therapies-and-counselling/benefits-of-talking-therapies/ failed quality assessment (Score: 45)
2025-07-27 13:03:43,759 - EnhancedCBTCollector - INFO - Starting enhanced collection from nhs_cbt: https://www.nhs.uk/mental-health/talking-therapies-medicine-treatments/
2025-07-27 13:03:43,813 - EnhancedCBTCollector - WARNING - Content from https://www.nhs.uk/mental-health/talking-therapies-medicine-treatments/ failed quality assessment (Score: 20)
2025-07-27 13:03:45,828 - EnhancedCBTCollector - INFO - Starting enhanced collection from nhs_cbt: https://www.nhs.uk/mental-health/talking-therapies-medicine-treatments/talking-therapies-and-counselling/nhs-talking-therapies/
2025-07-27 13:03:45,861 - EnhancedCBTCollector - ERROR - Failed to collect from https://www.nhs.uk/mental-health/talking-therapies-medicine-treatments/talking-therapies-and-counselling/nhs-talking-therapies/: maximum recursion depth exceeded while calling a Python object
2025-07-27 13:03:47,871 - EnhancedCBTCollector - INFO - Starting enhanced collection from nhs_cbt: https://www.nhs.uk/mental-health/talking-therapies-medicine-treatments/talking-therapies-and-counselling/
2025-07-27 13:03:47,896 - EnhancedCBTCollector - ERROR - Failed to collect from https://www.nhs.uk/mental-health/talking-therapies-medicine-treatments/talking-therapies-and-counselling/: maximum recursion depth exceeded while calling a Python object
2025-07-27 13:03:49,897 - EnhancedCBTCollector - INFO - Starting enhanced collection from nhs_cbt: https://www.nhs.uk/mental-health/talking-therapies-medicine-treatments/medicines-and-psychiatry/
2025-07-27 13:03:49,917 - EnhancedCBTCollector - ERROR - Failed to collect from https://www.nhs.uk/mental-health/talking-therapies-medicine-treatments/medicines-and-psychiatry/: maximum recursion depth exceeded while calling a Python object
2025-07-27 13:03:51,921 - EnhancedCBTCollector - INFO - Starting enhanced collection from nhs_cbt: https://www.nhs.uk/mental-health/talking-therapies-medicine-treatments/talking-therapies-and-counselling/
2025-07-27 13:03:51,948 - EnhancedCBTCollector - WARNING - Content from https://www.nhs.uk/mental-health/talking-therapies-medicine-treatments/talking-therapies-and-counselling/ failed quality assessment (Score: 50)
2025-07-27 13:03:53,950 - EnhancedCBTCollector - INFO - Starting enhanced collection from nhs_cbt: https://www.nhs.uk/mental-health/talking-therapies-medicine-treatments/
2025-07-27 13:03:53,995 - EnhancedCBTCollector - ERROR - Failed to collect from https://www.nhs.uk/mental-health/talking-therapies-medicine-treatments/: maximum recursion depth exceeded while calling a Python object
2025-07-27 13:03:56,006 - EnhancedCBTCollector - INFO - Starting enhanced collection from nhs_cbt: https://www.nhs.uk/mental-health/talking-therapies-medicine-treatments/talking-therapies-and-counselling/benefits-of-talking-therapies/
2025-07-27 13:03:56,027 - EnhancedCBTCollector - ERROR - Failed to collect from https://www.nhs.uk/mental-health/talking-therapies-medicine-treatments/talking-therapies-and-counselling/benefits-of-talking-therapies/: maximum recursion depth exceeded while calling a Python object
2025-07-27 13:03:58,041 - EnhancedCBTCollector - INFO - Starting enhanced collection from nhs_cbt: https://www.nhs.uk/mental-health/talking-therapies-medicine-treatments/medicines-and-psychiatry/
2025-07-27 13:03:58,076 - EnhancedCBTCollector - WARNING - Content from https://www.nhs.uk/mental-health/talking-therapies-medicine-treatments/medicines-and-psychiatry/ failed quality assessment (Score: 20)
2025-07-27 13:04:00,079 - EnhancedCBTCollector - INFO - Starting enhanced collection from nhs_cbt: https://www.nhs.uk/mental-health/talking-therapies-medicine-treatments/
2025-07-27 13:04:00,131 - EnhancedCBTCollector - WARNING - Content from https://www.nhs.uk/mental-health/talking-therapies-medicine-treatments/ failed quality assessment (Score: 20)
2025-07-27 13:04:02,142 - EnhancedCBTCollector - INFO - Starting enhanced collection from nhs_cbt: https://www.nhs.uk/mental-health/talking-therapies-medicine-treatments/talking-therapies-and-counselling/nhs-talking-therapies/
2025-07-27 13:04:02,234 - EnhancedCBTCollector - INFO - Collected high-quality content from https://www.nhs.uk/mental-health/talking-therapies-medicine-treatments/talking-therapies-and-counselling/nhs-talking-therapies/ (Score: 70)
2025-07-27 13:04:04,246 - EnhancedCBTCollector - INFO - Starting enhanced collection from nhs_cbt: https://www.nhs.uk/mental-health/talking-therapies-medicine-treatments/
2025-07-27 13:04:04,269 - EnhancedCBTCollector - ERROR - Failed to collect from https://www.nhs.uk/mental-health/talking-therapies-medicine-treatments/: maximum recursion depth exceeded while calling a Python object
2025-07-27 13:04:06,283 - EnhancedCBTCollector - INFO - Starting enhanced collection from nhs_cbt: https://www.nhs.uk/mental-health/talking-therapies-medicine-treatments/talking-therapies-and-counselling/
2025-07-27 13:04:06,310 - EnhancedCBTCollector - ERROR - Failed to collect from https://www.nhs.uk/mental-health/talking-therapies-medicine-treatments/talking-therapies-and-counselling/: maximum recursion depth exceeded while calling a Python object
2025-07-27 13:04:08,322 - EnhancedCBTCollector - INFO - Starting enhanced collection from nhs_cbt: https://www.nhs.uk/mental-health/talking-therapies-medicine-treatments/talking-therapies-and-counselling/
2025-07-27 13:04:08,363 - EnhancedCBTCollector - WARNING - Content from https://www.nhs.uk/mental-health/talking-therapies-medicine-treatments/talking-therapies-and-counselling/ failed quality assessment (Score: 50)
2025-07-27 13:04:10,368 - EnhancedCBTCollector - INFO - Starting enhanced collection from nhs_cbt: https://www.nhs.uk/mental-health/talking-therapies-medicine-treatments/
2025-07-27 13:04:10,390 - EnhancedCBTCollector - ERROR - Failed to collect from https://www.nhs.uk/mental-health/talking-therapies-medicine-treatments/: maximum recursion depth exceeded while calling a Python object
2025-07-27 13:04:12,398 - EnhancedCBTCollector - INFO - Starting enhanced collection from nhs_cbt: https://www.nhs.uk/mental-health/talking-therapies-medicine-treatments/talking-therapies-and-counselling/benefits-of-talking-therapies/
2025-07-27 13:04:12,429 - EnhancedCBTCollector - ERROR - Failed to collect from https://www.nhs.uk/mental-health/talking-therapies-medicine-treatments/talking-therapies-and-counselling/benefits-of-talking-therapies/: maximum recursion depth exceeded while calling a Python object
2025-07-27 13:04:14,440 - EnhancedCBTCollector - INFO - Starting enhanced collection from nhs_cbt: https://www.nhs.uk/mental-health/talking-therapies-medicine-treatments/medicines-and-psychiatry/
2025-07-27 13:04:14,469 - EnhancedCBTCollector - WARNING - Content from https://www.nhs.uk/mental-health/talking-therapies-medicine-treatments/medicines-and-psychiatry/ failed quality assessment (Score: 20)
2025-07-27 13:04:16,479 - EnhancedCBTCollector - INFO - Starting enhanced collection from nhs_cbt: https://www.nhs.uk/mental-health/talking-therapies-medicine-treatments/
2025-07-27 13:04:16,501 - EnhancedCBTCollector - ERROR - Failed to collect from https://www.nhs.uk/mental-health/talking-therapies-medicine-treatments/: maximum recursion depth exceeded while calling a Python object
2025-07-27 13:04:18,502 - EnhancedCBTCollector - INFO - Starting enhanced collection from nhs_cbt: https://www.nhs.uk/mental-health/talking-therapies-medicine-treatments/medicines-and-psychiatry/psychiatry/
2025-07-27 13:04:18,548 - EnhancedCBTCollector - ERROR - Failed to collect from https://www.nhs.uk/mental-health/talking-therapies-medicine-treatments/medicines-and-psychiatry/psychiatry/: maximum recursion depth exceeded while calling a Python object
2025-07-27 13:04:20,555 - EnhancedCBTCollector - INFO - Starting enhanced collection from nhs_cbt: https://www.nhs.uk/mental-health/talking-therapies-medicine-treatments/medicines-and-psychiatry/psychiatry/
2025-07-27 13:04:20,590 - EnhancedCBTCollector - INFO - Collected high-quality content from https://www.nhs.uk/mental-health/talking-therapies-medicine-treatments/medicines-and-psychiatry/psychiatry/ (Score: 65)
2025-07-27 13:04:22,596 - EnhancedCBTCollector - INFO - Starting enhanced collection from nhs_cbt: https://www.nhs.uk/mental-health/talking-therapies-medicine-treatments/
2025-07-27 13:04:22,639 - EnhancedCBTCollector - WARNING - Content from https://www.nhs.uk/mental-health/talking-therapies-medicine-treatments/ failed quality assessment (Score: 20)
2025-07-27 13:04:24,649 - EnhancedCBTCollector - INFO - Starting enhanced collection from nhs_cbt: https://www.nhs.uk/mental-health/talking-therapies-medicine-treatments/talking-therapies-and-counselling/nhs-talking-therapies/
2025-07-27 13:04:24,669 - EnhancedCBTCollector - ERROR - Failed to collect from https://www.nhs.uk/mental-health/talking-therapies-medicine-treatments/talking-therapies-and-counselling/nhs-talking-therapies/: maximum recursion depth exceeded while calling a Python object
2025-07-27 13:04:26,677 - EnhancedCBTCollector - INFO - Starting enhanced collection from nhs_cbt: https://www.nhs.uk/mental-health/talking-therapies-medicine-treatments/talking-therapies-and-counselling/
2025-07-27 13:04:26,723 - EnhancedCBTCollector - ERROR - Failed to collect from https://www.nhs.uk/mental-health/talking-therapies-medicine-treatments/talking-therapies-and-counselling/: maximum recursion depth exceeded while calling a Python object
2025-07-27 13:04:28,734 - EnhancedCBTCollector - INFO - Starting enhanced collection from nhs_cbt: https://www.nhs.uk/mental-health/talking-therapies-medicine-treatments/medicines-and-psychiatry/
2025-07-27 13:04:28,761 - EnhancedCBTCollector - ERROR - Failed to collect from https://www.nhs.uk/mental-health/talking-therapies-medicine-treatments/medicines-and-psychiatry/: maximum recursion depth exceeded while calling a Python object
2025-07-27 13:04:30,774 - EnhancedCBTCollector - INFO - Starting enhanced collection from nhs_cbt: https://www.nhs.uk/mental-health/talking-therapies-medicine-treatments/medicines-and-psychiatry/
2025-07-27 13:04:30,806 - EnhancedCBTCollector - WARNING - Content from https://www.nhs.uk/mental-health/talking-therapies-medicine-treatments/medicines-and-psychiatry/ failed quality assessment (Score: 20)
2025-07-27 13:04:32,808 - EnhancedCBTCollector - INFO - Starting enhanced collection from nhs_cbt: https://www.nhs.uk/mental-health/talking-therapies-medicine-treatments/
2025-07-27 13:04:32,847 - EnhancedCBTCollector - ERROR - Failed to collect from https://www.nhs.uk/mental-health/talking-therapies-medicine-treatments/: maximum recursion depth exceeded while calling a Python object
2025-07-27 13:04:34,855 - EnhancedCBTCollector - INFO - Starting enhanced collection from nhs_cbt: https://www.nhs.uk/mental-health/talking-therapies-medicine-treatments/medicines-and-psychiatry/psychiatry/
2025-07-27 13:04:34,949 - EnhancedCBTCollector - ERROR - Failed to collect from https://www.nhs.uk/mental-health/talking-therapies-medicine-treatments/medicines-and-psychiatry/psychiatry/: maximum recursion depth exceeded while calling a Python object
2025-07-27 13:04:36,953 - EnhancedCBTCollector - INFO - Starting enhanced collection from nhs_cbt: https://www.nhs.uk/mental-health/talking-therapies-medicine-treatments/talking-therapies-and-counselling/
2025-07-27 13:04:36,989 - EnhancedCBTCollector - WARNING - Content from https://www.nhs.uk/mental-health/talking-therapies-medicine-treatments/talking-therapies-and-counselling/ failed quality assessment (Score: 50)
2025-07-27 13:04:38,993 - EnhancedCBTCollector - INFO - Starting enhanced collection from nhs_cbt: https://www.nhs.uk/mental-health/talking-therapies-medicine-treatments/
2025-07-27 13:04:39,023 - EnhancedCBTCollector - WARNING - Content from https://www.nhs.uk/mental-health/talking-therapies-medicine-treatments/ failed quality assessment (Score: 20)
2025-07-27 13:04:41,035 - EnhancedCBTCollector - INFO - Starting enhanced collection from nhs_cbt: https://www.nhs.uk/mental-health/talking-therapies-medicine-treatments/talking-therapies-and-counselling/nhs-talking-therapies/
2025-07-27 13:04:41,070 - EnhancedCBTCollector - INFO - Collected high-quality content from https://www.nhs.uk/mental-health/talking-therapies-medicine-treatments/talking-therapies-and-counselling/nhs-talking-therapies/ (Score: 70)
2025-07-27 13:04:43,074 - EnhancedCBTCollector - INFO - Starting enhanced collection from nhs_cbt: https://www.nhs.uk/mental-health/talking-therapies-medicine-treatments/
2025-07-27 13:04:43,107 - EnhancedCBTCollector - WARNING - Content from https://www.nhs.uk/mental-health/talking-therapies-medicine-treatments/ failed quality assessment (Score: 20)
2025-07-27 13:04:45,114 - EnhancedCBTCollector - INFO - Starting enhanced collection from nhs_cbt: https://www.nhs.uk/mental-health/talking-therapies-medicine-treatments/talking-therapies-and-counselling/nhs-talking-therapies/
2025-07-27 13:04:45,142 - EnhancedCBTCollector - ERROR - Failed to collect from https://www.nhs.uk/mental-health/talking-therapies-medicine-treatments/talking-therapies-and-counselling/nhs-talking-therapies/: maximum recursion depth exceeded while calling a Python object
2025-07-27 13:04:47,153 - EnhancedCBTCollector - INFO - Starting enhanced collection from nhs_cbt: https://www.nhs.uk/mental-health/talking-therapies-medicine-treatments/talking-therapies-and-counselling/
2025-07-27 13:04:47,183 - EnhancedCBTCollector - ERROR - Failed to collect from https://www.nhs.uk/mental-health/talking-therapies-medicine-treatments/talking-therapies-and-counselling/: maximum recursion depth exceeded while calling a Python object
2025-07-27 13:04:49,185 - EnhancedCBTCollector - INFO - Starting enhanced collection from nhs_cbt: https://www.nhs.uk/mental-health/talking-therapies-medicine-treatments/medicines-and-psychiatry/
2025-07-27 13:04:49,212 - EnhancedCBTCollector - ERROR - Failed to collect from https://www.nhs.uk/mental-health/talking-therapies-medicine-treatments/medicines-and-psychiatry/: maximum recursion depth exceeded while calling a Python object
2025-07-27 13:04:51,227 - EnhancedCBTCollector - INFO - Starting enhanced collection from nhs_cbt: https://www.nhs.uk/mental-health/talking-therapies-medicine-treatments/talking-therapies-and-counselling/
2025-07-27 13:04:51,269 - EnhancedCBTCollector - WARNING - Content from https://www.nhs.uk/mental-health/talking-therapies-medicine-treatments/talking-therapies-and-counselling/ failed quality assessment (Score: 50)
2025-07-27 13:04:53,276 - EnhancedCBTCollector - INFO - Starting enhanced collection from nhs_cbt: https://www.nhs.uk/mental-health/talking-therapies-medicine-treatments/
2025-07-27 13:04:53,298 - EnhancedCBTCollector - ERROR - Failed to collect from https://www.nhs.uk/mental-health/talking-therapies-medicine-treatments/: maximum recursion depth exceeded while calling a Python object
2025-07-27 13:04:55,303 - EnhancedCBTCollector - INFO - Starting enhanced collection from nhs_cbt: https://www.nhs.uk/mental-health/talking-therapies-medicine-treatments/talking-therapies-and-counselling/benefits-of-talking-therapies/
2025-07-27 13:04:55,330 - EnhancedCBTCollector - ERROR - Failed to collect from https://www.nhs.uk/mental-health/talking-therapies-medicine-treatments/talking-therapies-and-counselling/benefits-of-talking-therapies/: maximum recursion depth exceeded while calling a Python object
2025-07-27 13:04:57,343 - EnhancedCBTCollector - INFO - Starting enhanced collection from nhs_cbt: https://www.nhs.uk/mental-health/talking-therapies-medicine-treatments/talking-therapies-and-counselling/
2025-07-27 13:04:57,372 - EnhancedCBTCollector - WARNING - Content from https://www.nhs.uk/mental-health/talking-therapies-medicine-treatments/talking-therapies-and-counselling/ failed quality assessment (Score: 50)
2025-07-27 13:04:59,386 - EnhancedCBTCollector - INFO - Starting enhanced collection from nhs_cbt: https://www.nhs.uk/mental-health/talking-therapies-medicine-treatments/
2025-07-27 13:04:59,414 - EnhancedCBTCollector - WARNING - Content from https://www.nhs.uk/mental-health/talking-therapies-medicine-treatments/ failed quality assessment (Score: 20)
2025-07-27 13:05:01,427 - EnhancedCBTCollector - INFO - Starting enhanced collection from nhs_cbt: https://www.nhs.uk/mental-health/talking-therapies-medicine-treatments/talking-therapies-and-counselling/nhs-talking-therapies/
2025-07-27 13:05:01,458 - EnhancedCBTCollector - ERROR - Failed to collect from https://www.nhs.uk/mental-health/talking-therapies-medicine-treatments/talking-therapies-and-counselling/nhs-talking-therapies/: maximum recursion depth exceeded while calling a Python object
2025-07-27 13:05:03,466 - EnhancedCBTCollector - INFO - Starting enhanced collection from nhs_cbt: https://www.nhs.uk/mental-health/talking-therapies-medicine-treatments/talking-therapies-and-counselling/
2025-07-27 13:05:03,490 - EnhancedCBTCollector - ERROR - Failed to collect from https://www.nhs.uk/mental-health/talking-therapies-medicine-treatments/talking-therapies-and-counselling/: maximum recursion depth exceeded while calling a Python object
2025-07-27 13:05:05,496 - EnhancedCBTCollector - INFO - Starting enhanced collection from nhs_cbt: https://www.nhs.uk/mental-health/talking-therapies-medicine-treatments/medicines-and-psychiatry/
2025-07-27 13:05:05,524 - EnhancedCBTCollector - ERROR - Failed to collect from https://www.nhs.uk/mental-health/talking-therapies-medicine-treatments/medicines-and-psychiatry/: maximum recursion depth exceeded while calling a Python object
2025-07-27 13:05:07,534 - EnhancedCBTCollector - INFO - Starting enhanced collection from nhs_cbt: https://www.nhs.uk/mental-health/talking-therapies-medicine-treatments/talking-therapies-and-counselling/benefits-of-talking-therapies/
2025-07-27 13:05:07,571 - EnhancedCBTCollector - WARNING - Content from https://www.nhs.uk/mental-health/talking-therapies-medicine-treatments/talking-therapies-and-counselling/benefits-of-talking-therapies/ failed quality assessment (Score: 45)
2025-07-27 13:05:09,577 - EnhancedCBTCollector - INFO - Starting enhanced collection from nhs_cbt: https://www.nhs.uk/mental-health/talking-therapies-medicine-treatments/
2025-07-27 13:05:09,623 - EnhancedCBTCollector - ERROR - Failed to collect from https://www.nhs.uk/mental-health/talking-therapies-medicine-treatments/: maximum recursion depth exceeded while calling a Python object
2025-07-27 13:05:11,633 - EnhancedCBTCollector - INFO - Starting enhanced collection from nhs_cbt: https://www.nhs.uk/mental-health/talking-therapies-medicine-treatments/talking-therapies-and-counselling/
2025-07-27 13:05:11,659 - EnhancedCBTCollector - ERROR - Failed to collect from https://www.nhs.uk/mental-health/talking-therapies-medicine-treatments/talking-therapies-and-counselling/: maximum recursion depth exceeded while calling a Python object
2025-07-27 13:05:13,669 - EnhancedCBTCollector - INFO - Starting enhanced collection from nhs_cbt: https://www.nhs.uk/mental-health/talking-therapies-medicine-treatments/medicines-and-psychiatry/
2025-07-27 13:05:13,698 - EnhancedCBTCollector - WARNING - Content from https://www.nhs.uk/mental-health/talking-therapies-medicine-treatments/medicines-and-psychiatry/ failed quality assessment (Score: 20)
2025-07-27 13:05:15,708 - EnhancedCBTCollector - INFO - Starting enhanced collection from nhs_cbt: https://www.nhs.uk/mental-health/talking-therapies-medicine-treatments/
2025-07-27 13:05:15,737 - EnhancedCBTCollector - WARNING - Content from https://www.nhs.uk/mental-health/talking-therapies-medicine-treatments/ failed quality assessment (Score: 20)
2025-07-27 13:05:17,749 - EnhancedCBTCollector - INFO - Starting enhanced collection from nhs_cbt: https://www.nhs.uk/mental-health/talking-therapies-medicine-treatments/talking-therapies-and-counselling/nhs-talking-therapies/
2025-07-27 13:05:17,771 - EnhancedCBTCollector - ERROR - Failed to collect from https://www.nhs.uk/mental-health/talking-therapies-medicine-treatments/talking-therapies-and-counselling/nhs-talking-therapies/: maximum recursion depth exceeded while calling a Python object
2025-07-27 13:05:19,786 - EnhancedCBTCollector - INFO - Starting enhanced collection from nhs_cbt: https://www.nhs.uk/mental-health/talking-therapies-medicine-treatments/talking-therapies-and-counselling/
2025-07-27 13:05:19,831 - EnhancedCBTCollector - ERROR - Failed to collect from https://www.nhs.uk/mental-health/talking-therapies-medicine-treatments/talking-therapies-and-counselling/: maximum recursion depth exceeded while calling a Python object
2025-07-27 13:05:21,840 - EnhancedCBTCollector - INFO - Starting enhanced collection from nhs_cbt: https://www.nhs.uk/mental-health/talking-therapies-medicine-treatments/medicines-and-psychiatry/
2025-07-27 13:05:21,872 - EnhancedCBTCollector - ERROR - Failed to collect from https://www.nhs.uk/mental-health/talking-therapies-medicine-treatments/medicines-and-psychiatry/: maximum recursion depth exceeded while calling a Python object
2025-07-27 13:05:23,875 - EnhancedCBTCollector - INFO - Starting enhanced collection from nhs_cbt: https://www.nhs.uk/mental-health/talking-therapies-medicine-treatments/medicines-and-psychiatry/psychiatry/
2025-07-27 13:05:23,913 - EnhancedCBTCollector - INFO - Collected high-quality content from https://www.nhs.uk/mental-health/talking-therapies-medicine-treatments/medicines-and-psychiatry/psychiatry/ (Score: 65)
2025-07-27 13:05:25,915 - EnhancedCBTCollector - INFO - Starting enhanced collection from nhs_cbt: https://www.nhs.uk/mental-health/talking-therapies-medicine-treatments/
2025-07-27 13:05:25,937 - EnhancedCBTCollector - ERROR - Failed to collect from https://www.nhs.uk/mental-health/talking-therapies-medicine-treatments/: maximum recursion depth exceeded while calling a Python object
2025-07-27 13:05:27,952 - EnhancedCBTCollector - INFO - Starting enhanced collection from nhs_cbt: https://www.nhs.uk/mental-health/talking-therapies-medicine-treatments/medicines-and-psychiatry/
2025-07-27 13:05:27,973 - EnhancedCBTCollector - ERROR - Failed to collect from https://www.nhs.uk/mental-health/talking-therapies-medicine-treatments/medicines-and-psychiatry/: maximum recursion depth exceeded while calling a Python object
2025-07-27 13:05:29,987 - EnhancedCBTCollector - INFO - Starting enhanced collection from nhs_cbt: https://www.nhs.uk/mental-health/talking-therapies-medicine-treatments/talking-therapies-and-counselling/benefits-of-talking-therapies/
2025-07-27 13:05:30,020 - EnhancedCBTCollector - WARNING - Content from https://www.nhs.uk/mental-health/talking-therapies-medicine-treatments/talking-therapies-and-counselling/benefits-of-talking-therapies/ failed quality assessment (Score: 45)
2025-07-27 13:05:32,029 - EnhancedCBTCollector - INFO - Starting enhanced collection from nhs_cbt: https://www.nhs.uk/mental-health/talking-therapies-medicine-treatments/
2025-07-27 13:05:32,063 - EnhancedCBTCollector - WARNING - Content from https://www.nhs.uk/mental-health/talking-therapies-medicine-treatments/ failed quality assessment (Score: 20)
2025-07-27 13:05:34,065 - EnhancedCBTCollector - INFO - Starting enhanced collection from nhs_cbt: https://www.nhs.uk/mental-health/talking-therapies-medicine-treatments/talking-therapies-and-counselling/nhs-talking-therapies/
2025-07-27 13:05:34,103 - EnhancedCBTCollector - INFO - Collected high-quality content from https://www.nhs.uk/mental-health/talking-therapies-medicine-treatments/talking-therapies-and-counselling/nhs-talking-therapies/ (Score: 70)
2025-07-27 13:05:36,106 - EnhancedCBTCollector - INFO - Starting enhanced collection from nhs_cbt: https://www.nhs.uk/mental-health/talking-therapies-medicine-treatments/
2025-07-27 13:05:36,146 - EnhancedCBTCollector - ERROR - Failed to collect from https://www.nhs.uk/mental-health/talking-therapies-medicine-treatments/: maximum recursion depth exceeded while calling a Python object
2025-07-27 13:05:38,158 - EnhancedCBTCollector - INFO - Starting enhanced collection from nhs_cbt: https://www.nhs.uk/mental-health/talking-therapies-medicine-treatments/talking-therapies-and-counselling/
2025-07-27 13:05:38,182 - EnhancedCBTCollector - ERROR - Failed to collect from https://www.nhs.uk/mental-health/talking-therapies-medicine-treatments/talking-therapies-and-counselling/: maximum recursion depth exceeded while calling a Python object
2025-07-27 13:05:40,197 - EnhancedCBTCollector - INFO - Starting enhanced collection from nhs_cbt: https://www.nhs.uk/mental-health/talking-therapies-medicine-treatments/talking-therapies-and-counselling/
2025-07-27 13:05:40,281 - EnhancedCBTCollector - WARNING - Content from https://www.nhs.uk/mental-health/talking-therapies-medicine-treatments/talking-therapies-and-counselling/ failed quality assessment (Score: 50)
2025-07-27 13:05:42,287 - EnhancedCBTCollector - INFO - Starting enhanced collection from nhs_cbt: https://www.nhs.uk/mental-health/talking-therapies-medicine-treatments/
2025-07-27 13:05:42,323 - EnhancedCBTCollector - ERROR - Failed to collect from https://www.nhs.uk/mental-health/talking-therapies-medicine-treatments/: maximum recursion depth exceeded while calling a Python object
2025-07-27 13:05:44,326 - EnhancedCBTCollector - INFO - Starting enhanced collection from nhs_cbt: https://www.nhs.uk/mental-health/talking-therapies-medicine-treatments/talking-therapies-and-counselling/benefits-of-talking-therapies/
2025-07-27 13:05:44,347 - EnhancedCBTCollector - ERROR - Failed to collect from https://www.nhs.uk/mental-health/talking-therapies-medicine-treatments/talking-therapies-and-counselling/benefits-of-talking-therapies/: maximum recursion depth exceeded while calling a Python object
2025-07-27 13:05:46,350 - EnhancedCBTCollector - INFO - Starting enhanced collection from nhs_cbt: https://www.nhs.uk/mental-health/talking-therapies-medicine-treatments/medicines-and-psychiatry/
2025-07-27 13:05:46,390 - EnhancedCBTCollector - WARNING - Content from https://www.nhs.uk/mental-health/talking-therapies-medicine-treatments/medicines-and-psychiatry/ failed quality assessment (Score: 20)
2025-07-27 13:05:48,404 - EnhancedCBTCollector - INFO - Starting enhanced collection from nhs_cbt: https://www.nhs.uk/mental-health/talking-therapies-medicine-treatments/
2025-07-27 13:05:48,425 - EnhancedCBTCollector - ERROR - Failed to collect from https://www.nhs.uk/mental-health/talking-therapies-medicine-treatments/: maximum recursion depth exceeded while calling a Python object
2025-07-27 13:05:50,425 - EnhancedCBTCollector - INFO - Starting enhanced collection from nhs_cbt: https://www.nhs.uk/mental-health/talking-therapies-medicine-treatments/medicines-and-psychiatry/psychiatry/
2025-07-27 13:05:50,446 - EnhancedCBTCollector - ERROR - Failed to collect from https://www.nhs.uk/mental-health/talking-therapies-medicine-treatments/medicines-and-psychiatry/psychiatry/: maximum recursion depth exceeded while calling a Python object
2025-07-27 13:05:52,452 - EnhancedCBTCollector - INFO - Starting enhanced collection from nhs_cbt: https://www.nhs.uk/mental-health/talking-therapies-medicine-treatments/talking-therapies-and-counselling/
2025-07-27 13:05:52,482 - EnhancedCBTCollector - WARNING - Content from https://www.nhs.uk/mental-health/talking-therapies-medicine-treatments/talking-therapies-and-counselling/ failed quality assessment (Score: 50)
2025-07-27 13:05:54,498 - EnhancedCBTCollector - INFO - Starting enhanced collection from nhs_cbt: https://www.nhs.uk/mental-health/talking-therapies-medicine-treatments/
2025-07-27 13:05:54,540 - EnhancedCBTCollector - WARNING - Content from https://www.nhs.uk/mental-health/talking-therapies-medicine-treatments/ failed quality assessment (Score: 20)
2025-07-27 13:05:56,555 - EnhancedCBTCollector - INFO - Starting enhanced collection from nhs_cbt: https://www.nhs.uk/mental-health/talking-therapies-medicine-treatments/talking-therapies-and-counselling/nhs-talking-therapies/
2025-07-27 13:05:56,600 - EnhancedCBTCollector - ERROR - Failed to collect from https://www.nhs.uk/mental-health/talking-therapies-medicine-treatments/talking-therapies-and-counselling/nhs-talking-therapies/: maximum recursion depth exceeded while calling a Python object
2025-07-27 13:05:58,609 - EnhancedCBTCollector - INFO - Starting enhanced collection from nhs_cbt: https://www.nhs.uk/mental-health/talking-therapies-medicine-treatments/talking-therapies-and-counselling/
2025-07-27 13:05:58,646 - EnhancedCBTCollector - ERROR - Failed to collect from https://www.nhs.uk/mental-health/talking-therapies-medicine-treatments/talking-therapies-and-counselling/: maximum recursion depth exceeded while calling a Python object
2025-07-27 13:06:00,651 - EnhancedCBTCollector - INFO - Starting enhanced collection from nhs_cbt: https://www.nhs.uk/mental-health/talking-therapies-medicine-treatments/medicines-and-psychiatry/
2025-07-27 13:06:00,672 - EnhancedCBTCollector - ERROR - Failed to collect from https://www.nhs.uk/mental-health/talking-therapies-medicine-treatments/medicines-and-psychiatry/: maximum recursion depth exceeded while calling a Python object
2025-07-27 13:06:02,677 - EnhancedCBTCollector - INFO - Starting enhanced collection from nhs_cbt: https://www.nhs.uk/mental-health/talking-therapies-medicine-treatments/talking-therapies-and-counselling/benefits-of-talking-therapies/
2025-07-27 13:06:02,709 - EnhancedCBTCollector - WARNING - Content from https://www.nhs.uk/mental-health/talking-therapies-medicine-treatments/talking-therapies-and-counselling/benefits-of-talking-therapies/ failed quality assessment (Score: 45)
2025-07-27 13:06:04,716 - EnhancedCBTCollector - INFO - Starting enhanced collection from nhs_cbt: https://www.nhs.uk/mental-health/talking-therapies-medicine-treatments/
2025-07-27 13:06:04,737 - EnhancedCBTCollector - ERROR - Failed to collect from https://www.nhs.uk/mental-health/talking-therapies-medicine-treatments/: maximum recursion depth exceeded while calling a Python object
2025-07-27 13:06:06,748 - EnhancedCBTCollector - INFO - Starting enhanced collection from nhs_cbt: https://www.nhs.uk/mental-health/talking-therapies-medicine-treatments/talking-therapies-and-counselling/
2025-07-27 13:06:06,771 - EnhancedCBTCollector - ERROR - Failed to collect from https://www.nhs.uk/mental-health/talking-therapies-medicine-treatments/talking-therapies-and-counselling/: maximum recursion depth exceeded while calling a Python object
2025-07-27 13:06:08,774 - EnhancedCBTCollector - INFO - Starting enhanced collection from nhs_cbt: https://www.nhs.uk/mental-health/talking-therapies-medicine-treatments/medicines-and-psychiatry/
2025-07-27 13:06:08,804 - EnhancedCBTCollector - WARNING - Content from https://www.nhs.uk/mental-health/talking-therapies-medicine-treatments/medicines-and-psychiatry/ failed quality assessment (Score: 20)
2025-07-27 13:06:10,812 - EnhancedCBTCollector - INFO - Starting enhanced collection from nhs_cbt: https://www.nhs.uk/mental-health/talking-therapies-medicine-treatments/
2025-07-27 13:06:10,842 - EnhancedCBTCollector - WARNING - Content from https://www.nhs.uk/mental-health/talking-therapies-medicine-treatments/ failed quality assessment (Score: 20)
2025-07-27 13:06:12,844 - EnhancedCBTCollector - INFO - Starting enhanced collection from nhs_cbt: https://www.nhs.uk/mental-health/talking-therapies-medicine-treatments/talking-therapies-and-counselling/nhs-talking-therapies/
2025-07-27 13:06:12,910 - EnhancedCBTCollector - INFO - Collected high-quality content from https://www.nhs.uk/mental-health/talking-therapies-medicine-treatments/talking-therapies-and-counselling/nhs-talking-therapies/ (Score: 70)
2025-07-27 13:06:14,913 - EnhancedCBTCollector - INFO - Starting enhanced collection from nhs_cbt: https://www.nhs.uk/mental-health/talking-therapies-medicine-treatments/
2025-07-27 13:06:14,958 - EnhancedCBTCollector - WARNING - Content from https://www.nhs.uk/mental-health/talking-therapies-medicine-treatments/ failed quality assessment (Score: 20)
2025-07-27 13:06:16,967 - EnhancedCBTCollector - INFO - Starting enhanced collection from nhs_cbt: https://www.nhs.uk/mental-health/talking-therapies-medicine-treatments/talking-therapies-and-counselling/nhs-talking-therapies/
2025-07-27 13:06:17,009 - EnhancedCBTCollector - INFO - Collected high-quality content from https://www.nhs.uk/mental-health/talking-therapies-medicine-treatments/talking-therapies-and-counselling/nhs-talking-therapies/ (Score: 70)
2025-07-27 13:06:19,024 - EnhancedCBTCollector - INFO - Starting enhanced collection from nhs_cbt: https://www.nhs.uk/mental-health/talking-therapies-medicine-treatments/
2025-07-27 13:06:19,055 - EnhancedCBTCollector - WARNING - Content from https://www.nhs.uk/mental-health/talking-therapies-medicine-treatments/ failed quality assessment (Score: 20)
2025-07-27 13:06:21,066 - EnhancedCBTCollector - INFO - Starting enhanced collection from nhs_cbt: https://www.nhs.uk/mental-health/talking-therapies-medicine-treatments/talking-therapies-and-counselling/nhs-talking-therapies/
2025-07-27 13:06:21,088 - EnhancedCBTCollector - ERROR - Failed to collect from https://www.nhs.uk/mental-health/talking-therapies-medicine-treatments/talking-therapies-and-counselling/nhs-talking-therapies/: maximum recursion depth exceeded while calling a Python object
2025-07-27 13:06:23,098 - EnhancedCBTCollector - INFO - Starting enhanced collection from nhs_cbt: https://www.nhs.uk/mental-health/talking-therapies-medicine-treatments/talking-therapies-and-counselling/
2025-07-27 13:06:23,120 - EnhancedCBTCollector - ERROR - Failed to collect from https://www.nhs.uk/mental-health/talking-therapies-medicine-treatments/talking-therapies-and-counselling/: maximum recursion depth exceeded while calling a Python object
2025-07-27 13:06:25,121 - EnhancedCBTCollector - INFO - Starting enhanced collection from nhs_cbt: https://www.nhs.uk/mental-health/talking-therapies-medicine-treatments/medicines-and-psychiatry/
2025-07-27 13:06:25,145 - EnhancedCBTCollector - ERROR - Failed to collect from https://www.nhs.uk/mental-health/talking-therapies-medicine-treatments/medicines-and-psychiatry/: maximum recursion depth exceeded while calling a Python object
2025-07-27 13:06:27,148 - EnhancedCBTCollector - INFO - Starting enhanced collection from nhs_cbt: https://www.nhs.uk/mental-health/talking-therapies-medicine-treatments/talking-therapies-and-counselling/
2025-07-27 13:06:27,201 - EnhancedCBTCollector - WARNING - Content from https://www.nhs.uk/mental-health/talking-therapies-medicine-treatments/talking-therapies-and-counselling/ failed quality assessment (Score: 50)
2025-07-27 13:06:29,210 - EnhancedCBTCollector - INFO - Starting enhanced collection from nhs_cbt: https://www.nhs.uk/mental-health/talking-therapies-medicine-treatments/
2025-07-27 13:06:29,231 - EnhancedCBTCollector - ERROR - Failed to collect from https://www.nhs.uk/mental-health/talking-therapies-medicine-treatments/: maximum recursion depth exceeded while calling a Python object
2025-07-27 13:06:31,233 - EnhancedCBTCollector - INFO - Starting enhanced collection from nhs_cbt: https://www.nhs.uk/mental-health/talking-therapies-medicine-treatments/talking-therapies-and-counselling/benefits-of-talking-therapies/
2025-07-27 13:06:31,278 - EnhancedCBTCollector - ERROR - Failed to collect from https://www.nhs.uk/mental-health/talking-therapies-medicine-treatments/talking-therapies-and-counselling/benefits-of-talking-therapies/: maximum recursion depth exceeded while calling a Python object
2025-07-27 13:06:33,288 - EnhancedCBTCollector - INFO - Starting enhanced collection from nhs_cbt: https://www.nhs.uk/mental-health/talking-therapies-medicine-treatments/talking-therapies-and-counselling/
2025-07-27 13:06:33,332 - EnhancedCBTCollector - WARNING - Content from https://www.nhs.uk/mental-health/talking-therapies-medicine-treatments/talking-therapies-and-counselling/ failed quality assessment (Score: 50)
2025-07-27 13:06:35,344 - EnhancedCBTCollector - INFO - Starting enhanced collection from nhs_cbt: https://www.nhs.uk/mental-health/talking-therapies-medicine-treatments/
2025-07-27 13:06:35,374 - EnhancedCBTCollector - WARNING - Content from https://www.nhs.uk/mental-health/talking-therapies-medicine-treatments/ failed quality assessment (Score: 20)
2025-07-27 13:06:37,386 - EnhancedCBTCollector - INFO - Starting enhanced collection from nhs_cbt: https://www.nhs.uk/mental-health/talking-therapies-medicine-treatments/talking-therapies-and-counselling/nhs-talking-therapies/
2025-07-27 13:06:37,433 - EnhancedCBTCollector - ERROR - Failed to collect from https://www.nhs.uk/mental-health/talking-therapies-medicine-treatments/talking-therapies-and-counselling/nhs-talking-therapies/: maximum recursion depth exceeded while calling a Python object
2025-07-27 13:06:39,442 - EnhancedCBTCollector - INFO - Starting enhanced collection from nhs_cbt: https://www.nhs.uk/mental-health/talking-therapies-medicine-treatments/talking-therapies-and-counselling/
2025-07-27 13:06:39,464 - EnhancedCBTCollector - ERROR - Failed to collect from https://www.nhs.uk/mental-health/talking-therapies-medicine-treatments/talking-therapies-and-counselling/: maximum recursion depth exceeded while calling a Python object
2025-07-27 13:06:41,469 - EnhancedCBTCollector - INFO - Starting enhanced collection from nhs_cbt: https://www.nhs.uk/mental-health/talking-therapies-medicine-treatments/medicines-and-psychiatry/
2025-07-27 13:06:41,516 - EnhancedCBTCollector - ERROR - Failed to collect from https://www.nhs.uk/mental-health/talking-therapies-medicine-treatments/medicines-and-psychiatry/: maximum recursion depth exceeded while calling a Python object
2025-07-27 13:06:43,528 - EnhancedCBTCollector - INFO - Starting enhanced collection from nhs_cbt: https://www.nhs.uk/mental-health/talking-therapies-medicine-treatments/talking-therapies-and-counselling/benefits-of-talking-therapies/
2025-07-27 13:06:43,564 - EnhancedCBTCollector - WARNING - Content from https://www.nhs.uk/mental-health/talking-therapies-medicine-treatments/talking-therapies-and-counselling/benefits-of-talking-therapies/ failed quality assessment (Score: 45)
2025-07-27 13:06:45,571 - EnhancedCBTCollector - INFO - Starting enhanced collection from nhs_cbt: https://www.nhs.uk/mental-health/talking-therapies-medicine-treatments/
2025-07-27 13:06:45,599 - EnhancedCBTCollector - ERROR - Failed to collect from https://www.nhs.uk/mental-health/talking-therapies-medicine-treatments/: maximum recursion depth exceeded while calling a Python object
2025-07-27 13:06:47,609 - EnhancedCBTCollector - INFO - Starting enhanced collection from nhs_cbt: https://www.nhs.uk/mental-health/talking-therapies-medicine-treatments/talking-therapies-and-counselling/
2025-07-27 13:06:47,640 - EnhancedCBTCollector - ERROR - Failed to collect from https://www.nhs.uk/mental-health/talking-therapies-medicine-treatments/talking-therapies-and-counselling/: maximum recursion depth exceeded while calling a Python object
2025-07-27 13:06:49,650 - EnhancedCBTCollector - INFO - Starting enhanced collection from nhs_cbt: https://www.nhs.uk/mental-health/talking-therapies-medicine-treatments/medicines-and-psychiatry/
2025-07-27 13:06:49,679 - EnhancedCBTCollector - WARNING - Content from https://www.nhs.uk/mental-health/talking-therapies-medicine-treatments/medicines-and-psychiatry/ failed quality assessment (Score: 20)
2025-07-27 13:06:51,691 - EnhancedCBTCollector - INFO - Starting enhanced collection from nhs_cbt: https://www.nhs.uk/mental-health/talking-therapies-medicine-treatments/
2025-07-27 13:06:51,720 - EnhancedCBTCollector - WARNING - Content from https://www.nhs.uk/mental-health/talking-therapies-medicine-treatments/ failed quality assessment (Score: 20)
2025-07-27 13:06:53,726 - EnhancedCBTCollector - INFO - Starting enhanced collection from nhs_cbt: https://www.nhs.uk/mental-health/talking-therapies-medicine-treatments/talking-therapies-and-counselling/nhs-talking-therapies/
2025-07-27 13:06:53,746 - EnhancedCBTCollector - ERROR - Failed to collect from https://www.nhs.uk/mental-health/talking-therapies-medicine-treatments/talking-therapies-and-counselling/nhs-talking-therapies/: maximum recursion depth exceeded while calling a Python object
2025-07-27 13:06:55,754 - EnhancedCBTCollector - INFO - Starting enhanced collection from nhs_cbt: https://www.nhs.uk/mental-health/talking-therapies-medicine-treatments/talking-therapies-and-counselling/
2025-07-27 13:06:55,775 - EnhancedCBTCollector - ERROR - Failed to collect from https://www.nhs.uk/mental-health/talking-therapies-medicine-treatments/talking-therapies-and-counselling/: maximum recursion depth exceeded while calling a Python object
2025-07-27 13:06:57,780 - EnhancedCBTCollector - INFO - Starting enhanced collection from nhs_cbt: https://www.nhs.uk/mental-health/talking-therapies-medicine-treatments/medicines-and-psychiatry/
2025-07-27 13:06:57,848 - EnhancedCBTCollector - ERROR - Failed to collect from https://www.nhs.uk/mental-health/talking-therapies-medicine-treatments/medicines-and-psychiatry/: maximum recursion depth exceeded while calling a Python object
2025-07-27 13:06:59,851 - EnhancedCBTCollector - INFO - Starting enhanced collection from nhs_cbt: https://www.nhs.uk/mental-health/talking-therapies-medicine-treatments/medicines-and-psychiatry/psychiatry/
2025-07-27 13:06:59,908 - EnhancedCBTCollector - INFO - Collected high-quality content from https://www.nhs.uk/mental-health/talking-therapies-medicine-treatments/medicines-and-psychiatry/psychiatry/ (Score: 65)
2025-07-27 13:07:01,915 - EnhancedCBTCollector - INFO - Starting enhanced collection from nhs_cbt: https://www.nhs.uk/mental-health/talking-therapies-medicine-treatments/
2025-07-27 13:07:01,960 - EnhancedCBTCollector - ERROR - Failed to collect from https://www.nhs.uk/mental-health/talking-therapies-medicine-treatments/: maximum recursion depth exceeded while calling a Python object
2025-07-27 13:07:03,966 - EnhancedCBTCollector - INFO - Starting enhanced collection from nhs_cbt: https://www.nhs.uk/mental-health/talking-therapies-medicine-treatments/medicines-and-psychiatry/
2025-07-27 13:07:03,987 - EnhancedCBTCollector - ERROR - Failed to collect from https://www.nhs.uk/mental-health/talking-therapies-medicine-treatments/medicines-and-psychiatry/: maximum recursion depth exceeded while calling a Python object
2025-07-27 13:07:05,989 - EnhancedCBTCollector - INFO - Starting enhanced collection from nhs_cbt: https://www.nhs.uk/mental-health/talking-therapies-medicine-treatments/talking-therapies-and-counselling/
2025-07-27 13:07:06,018 - EnhancedCBTCollector - WARNING - Content from https://www.nhs.uk/mental-health/talking-therapies-medicine-treatments/talking-therapies-and-counselling/ failed quality assessment (Score: 50)
2025-07-27 13:07:08,027 - EnhancedCBTCollector - INFO - Starting enhanced collection from nhs_cbt: https://www.nhs.uk/mental-health/talking-therapies-medicine-treatments/
2025-07-27 13:07:08,127 - EnhancedCBTCollector - WARNING - Content from https://www.nhs.uk/mental-health/talking-therapies-medicine-treatments/ failed quality assessment (Score: 20)
2025-07-27 13:07:10,130 - EnhancedCBTCollector - INFO - Starting enhanced collection from nhs_cbt: https://www.nhs.uk/mental-health/talking-therapies-medicine-treatments/talking-therapies-and-counselling/nhs-talking-therapies/
2025-07-27 13:07:10,558 - EnhancedCBTCollector - INFO - Collected high-quality content from https://www.nhs.uk/mental-health/talking-therapies-medicine-treatments/talking-therapies-and-counselling/nhs-talking-therapies/ (Score: 70)
2025-07-27 13:07:12,561 - EnhancedCBTCollector - INFO - Starting enhanced collection from nhs_cbt: https://www.nhs.uk/mental-health/talking-therapies-medicine-treatments/
2025-07-27 13:07:12,607 - EnhancedCBTCollector - ERROR - Failed to collect from https://www.nhs.uk/mental-health/talking-therapies-medicine-treatments/: maximum recursion depth exceeded while calling a Python object
2025-07-27 13:07:14,614 - EnhancedCBTCollector - INFO - Starting enhanced collection from nhs_cbt: https://www.nhs.uk/mental-health/talking-therapies-medicine-treatments/talking-therapies-and-counselling/
2025-07-27 13:07:14,636 - EnhancedCBTCollector - ERROR - Failed to collect from https://www.nhs.uk/mental-health/talking-therapies-medicine-treatments/talking-therapies-and-counselling/: maximum recursion depth exceeded while calling a Python object
2025-07-27 13:07:16,642 - EnhancedCBTCollector - INFO - Starting enhanced collection from nhs_cbt: https://www.nhs.uk/mental-health/talking-therapies-medicine-treatments/talking-therapies-and-counselling/
2025-07-27 13:07:16,670 - EnhancedCBTCollector - WARNING - Content from https://www.nhs.uk/mental-health/talking-therapies-medicine-treatments/talking-therapies-and-counselling/ failed quality assessment (Score: 50)
2025-07-27 13:07:18,681 - EnhancedCBTCollector - INFO - Starting enhanced collection from nhs_cbt: https://www.nhs.uk/mental-health/talking-therapies-medicine-treatments/
2025-07-27 13:07:18,786 - EnhancedCBTCollector - ERROR - Failed to collect from https://www.nhs.uk/mental-health/talking-therapies-medicine-treatments/: maximum recursion depth exceeded while calling a Python object
2025-07-27 13:07:20,796 - EnhancedCBTCollector - INFO - Starting enhanced collection from nhs_cbt: https://www.nhs.uk/mental-health/talking-therapies-medicine-treatments/talking-therapies-and-counselling/benefits-of-talking-therapies/
2025-07-27 13:07:20,841 - EnhancedCBTCollector - ERROR - Failed to collect from https://www.nhs.uk/mental-health/talking-therapies-medicine-treatments/talking-therapies-and-counselling/benefits-of-talking-therapies/: maximum recursion depth exceeded while calling a Python object
2025-07-27 13:07:22,848 - EnhancedCBTCollector - INFO - Starting enhanced collection from nhs_cbt: https://www.nhs.uk/mental-health/talking-therapies-medicine-treatments/medicines-and-psychiatry/
2025-07-27 13:07:22,876 - EnhancedCBTCollector - WARNING - Content from https://www.nhs.uk/mental-health/talking-therapies-medicine-treatments/medicines-and-psychiatry/ failed quality assessment (Score: 20)
2025-07-27 13:07:24,885 - EnhancedCBTCollector - INFO - Starting enhanced collection from nhs_cbt: https://www.nhs.uk/mental-health/talking-therapies-medicine-treatments/
2025-07-27 13:07:24,906 - EnhancedCBTCollector - ERROR - Failed to collect from https://www.nhs.uk/mental-health/talking-therapies-medicine-treatments/: maximum recursion depth exceeded while calling a Python object
2025-07-27 13:07:26,910 - EnhancedCBTCollector - INFO - Starting enhanced collection from nhs_cbt: https://www.nhs.uk/mental-health/talking-therapies-medicine-treatments/medicines-and-psychiatry/psychiatry/
2025-07-27 13:07:26,961 - EnhancedCBTCollector - ERROR - Failed to collect from https://www.nhs.uk/mental-health/talking-therapies-medicine-treatments/medicines-and-psychiatry/psychiatry/: maximum recursion depth exceeded while calling a Python object
2025-07-27 13:07:28,970 - EnhancedCBTCollector - INFO - Starting enhanced collection from nhs_cbt: https://www.nhs.uk/mental-health/talking-therapies-medicine-treatments/talking-therapies-and-counselling/benefits-of-talking-therapies/
2025-07-27 13:07:29,015 - EnhancedCBTCollector - WARNING - Content from https://www.nhs.uk/mental-health/talking-therapies-medicine-treatments/talking-therapies-and-counselling/benefits-of-talking-therapies/ failed quality assessment (Score: 45)
2025-07-27 13:07:31,026 - EnhancedCBTCollector - INFO - Starting enhanced collection from nhs_cbt: https://www.nhs.uk/mental-health/talking-therapies-medicine-treatments/
2025-07-27 13:07:31,081 - EnhancedCBTCollector - WARNING - Content from https://www.nhs.uk/mental-health/talking-therapies-medicine-treatments/ failed quality assessment (Score: 20)
2025-07-27 13:07:33,095 - EnhancedCBTCollector - INFO - Starting enhanced collection from nhs_cbt: https://www.nhs.uk/mental-health/talking-therapies-medicine-treatments/talking-therapies-and-counselling/nhs-talking-therapies/
2025-07-27 13:07:33,140 - EnhancedCBTCollector - ERROR - Failed to collect from https://www.nhs.uk/mental-health/talking-therapies-medicine-treatments/talking-therapies-and-counselling/nhs-talking-therapies/: maximum recursion depth exceeded while calling a Python object
2025-07-27 13:07:35,147 - EnhancedCBTCollector - INFO - Starting enhanced collection from nhs_cbt: https://www.nhs.uk/mental-health/talking-therapies-medicine-treatments/talking-therapies-and-counselling/
2025-07-27 13:07:35,167 - EnhancedCBTCollector - ERROR - Failed to collect from https://www.nhs.uk/mental-health/talking-therapies-medicine-treatments/talking-therapies-and-counselling/: maximum recursion depth exceeded while calling a Python object
2025-07-27 13:07:37,170 - EnhancedCBTCollector - INFO - Starting enhanced collection from nhs_cbt: https://www.nhs.uk/mental-health/talking-therapies-medicine-treatments/medicines-and-psychiatry/
2025-07-27 13:07:37,192 - EnhancedCBTCollector - ERROR - Failed to collect from https://www.nhs.uk/mental-health/talking-therapies-medicine-treatments/medicines-and-psychiatry/: maximum recursion depth exceeded while calling a Python object
2025-07-27 13:07:39,196 - EnhancedCBTCollector - INFO - Starting enhanced collection from nhs_cbt: https://www.nhs.uk/mental-health/talking-therapies-medicine-treatments/talking-therapies-and-counselling/
2025-07-27 13:07:39,235 - EnhancedCBTCollector - WARNING - Content from https://www.nhs.uk/mental-health/talking-therapies-medicine-treatments/talking-therapies-and-counselling/ failed quality assessment (Score: 50)
2025-07-27 13:07:41,250 - EnhancedCBTCollector - INFO - Starting enhanced collection from nhs_cbt: https://www.nhs.uk/mental-health/talking-therapies-medicine-treatments/
2025-07-27 13:07:41,277 - EnhancedCBTCollector - ERROR - Failed to collect from https://www.nhs.uk/mental-health/talking-therapies-medicine-treatments/: maximum recursion depth exceeded while calling a Python object
2025-07-27 13:07:43,277 - EnhancedCBTCollector - INFO - Starting enhanced collection from nhs_cbt: https://www.nhs.uk/mental-health/talking-therapies-medicine-treatments/talking-therapies-and-counselling/benefits-of-talking-therapies/
2025-07-27 13:07:43,303 - EnhancedCBTCollector - ERROR - Failed to collect from https://www.nhs.uk/mental-health/talking-therapies-medicine-treatments/talking-therapies-and-counselling/benefits-of-talking-therapies/: maximum recursion depth exceeded while calling a Python object
2025-07-27 13:07:45,312 - EnhancedCBTCollector - INFO - Starting enhanced collection from nhs_cbt: https://www.nhs.uk/mental-health/talking-therapies-medicine-treatments/talking-therapies-and-counselling/
2025-07-27 13:07:45,342 - EnhancedCBTCollector - WARNING - Content from https://www.nhs.uk/mental-health/talking-therapies-medicine-treatments/talking-therapies-and-counselling/ failed quality assessment (Score: 50)
2025-07-27 13:07:47,343 - EnhancedCBTCollector - INFO - Starting enhanced collection from nhs_cbt: https://www.nhs.uk/mental-health/talking-therapies-medicine-treatments/
2025-07-27 13:07:47,384 - EnhancedCBTCollector - WARNING - Content from https://www.nhs.uk/mental-health/talking-therapies-medicine-treatments/ failed quality assessment (Score: 20)
2025-07-27 13:07:49,390 - EnhancedCBTCollector - INFO - Starting enhanced collection from nhs_cbt: https://www.nhs.uk/mental-health/talking-therapies-medicine-treatments/talking-therapies-and-counselling/nhs-talking-therapies/
2025-07-27 13:07:49,448 - EnhancedCBTCollector - INFO - Collected high-quality content from https://www.nhs.uk/mental-health/talking-therapies-medicine-treatments/talking-therapies-and-counselling/nhs-talking-therapies/ (Score: 70)
2025-07-27 13:07:51,452 - EnhancedCBTCollector - INFO - Starting enhanced collection from nhs_cbt: https://www.nhs.uk/mental-health/talking-therapies-medicine-treatments/
2025-07-27 13:07:51,546 - EnhancedCBTCollector - WARNING - Content from https://www.nhs.uk/mental-health/talking-therapies-medicine-treatments/ failed quality assessment (Score: 20)
2025-07-27 13:07:53,553 - EnhancedCBTCollector - INFO - Starting enhanced collection from nhs_cbt: https://www.nhs.uk/mental-health/talking-therapies-medicine-treatments/talking-therapies-and-counselling/nhs-talking-therapies/
2025-07-27 13:07:53,598 - EnhancedCBTCollector - ERROR - Failed to collect from https://www.nhs.uk/mental-health/talking-therapies-medicine-treatments/talking-therapies-and-counselling/nhs-talking-therapies/: maximum recursion depth exceeded while calling a Python object
2025-07-27 13:07:55,599 - EnhancedCBTCollector - INFO - Starting enhanced collection from nhs_cbt: https://www.nhs.uk/mental-health/talking-therapies-medicine-treatments/talking-therapies-and-counselling/
2025-07-27 13:07:55,630 - EnhancedCBTCollector - ERROR - Failed to collect from https://www.nhs.uk/mental-health/talking-therapies-medicine-treatments/talking-therapies-and-counselling/: maximum recursion depth exceeded while calling a Python object
2025-07-27 13:07:57,636 - EnhancedCBTCollector - INFO - Starting enhanced collection from nhs_cbt: https://www.nhs.uk/mental-health/talking-therapies-medicine-treatments/medicines-and-psychiatry/
2025-07-27 13:07:57,661 - EnhancedCBTCollector - ERROR - Failed to collect from https://www.nhs.uk/mental-health/talking-therapies-medicine-treatments/medicines-and-psychiatry/: maximum recursion depth exceeded while calling a Python object
2025-07-27 13:07:59,664 - EnhancedCBTCollector - INFO - Starting enhanced collection from nhs_cbt: https://www.nhs.uk/mental-health/talking-therapies-medicine-treatments/talking-therapies-and-counselling/
2025-07-27 13:07:59,692 - EnhancedCBTCollector - WARNING - Content from https://www.nhs.uk/mental-health/talking-therapies-medicine-treatments/talking-therapies-and-counselling/ failed quality assessment (Score: 50)
2025-07-27 13:08:01,704 - EnhancedCBTCollector - INFO - Starting enhanced collection from nhs_cbt: https://www.nhs.uk/mental-health/talking-therapies-medicine-treatments/
2025-07-27 13:08:01,750 - EnhancedCBTCollector - ERROR - Failed to collect from https://www.nhs.uk/mental-health/talking-therapies-medicine-treatments/: maximum recursion depth exceeded while calling a Python object
2025-07-27 13:08:03,758 - EnhancedCBTCollector - INFO - Starting enhanced collection from nhs_cbt: https://www.nhs.uk/mental-health/talking-therapies-medicine-treatments/talking-therapies-and-counselling/benefits-of-talking-therapies/
2025-07-27 13:08:03,794 - EnhancedCBTCollector - ERROR - Failed to collect from https://www.nhs.uk/mental-health/talking-therapies-medicine-treatments/talking-therapies-and-counselling/benefits-of-talking-therapies/: maximum recursion depth exceeded while calling a Python object
2025-07-27 13:08:05,797 - EnhancedCBTCollector - INFO - Starting enhanced collection from nhs_cbt: https://www.nhs.uk/mental-health/talking-therapies-medicine-treatments/talking-therapies-and-counselling/
2025-07-27 13:08:05,853 - EnhancedCBTCollector - WARNING - Content from https://www.nhs.uk/mental-health/talking-therapies-medicine-treatments/talking-therapies-and-counselling/ failed quality assessment (Score: 50)
2025-07-27 13:08:07,856 - EnhancedCBTCollector - INFO - Starting enhanced collection from nhs_cbt: https://www.nhs.uk/mental-health/talking-therapies-medicine-treatments/
2025-07-27 13:08:07,899 - EnhancedCBTCollector - WARNING - Content from https://www.nhs.uk/mental-health/talking-therapies-medicine-treatments/ failed quality assessment (Score: 20)
2025-07-27 13:08:09,909 - EnhancedCBTCollector - INFO - Starting enhanced collection from nhs_cbt: https://www.nhs.uk/mental-health/talking-therapies-medicine-treatments/talking-therapies-and-counselling/nhs-talking-therapies/
2025-07-27 13:08:09,930 - EnhancedCBTCollector - ERROR - Failed to collect from https://www.nhs.uk/mental-health/talking-therapies-medicine-treatments/talking-therapies-and-counselling/nhs-talking-therapies/: maximum recursion depth exceeded while calling a Python object
2025-07-27 13:08:11,934 - EnhancedCBTCollector - INFO - Starting enhanced collection from nhs_cbt: https://www.nhs.uk/mental-health/talking-therapies-medicine-treatments/talking-therapies-and-counselling/
2025-07-27 13:08:11,958 - EnhancedCBTCollector - ERROR - Failed to collect from https://www.nhs.uk/mental-health/talking-therapies-medicine-treatments/talking-therapies-and-counselling/: maximum recursion depth exceeded while calling a Python object
2025-07-27 13:08:13,972 - EnhancedCBTCollector - INFO - Starting enhanced collection from nhs_cbt: https://www.nhs.uk/mental-health/talking-therapies-medicine-treatments/medicines-and-psychiatry/
2025-07-27 13:08:13,998 - EnhancedCBTCollector - ERROR - Failed to collect from https://www.nhs.uk/mental-health/talking-therapies-medicine-treatments/medicines-and-psychiatry/: maximum recursion depth exceeded while calling a Python object
2025-07-27 13:08:16,011 - EnhancedCBTCollector - INFO - Starting enhanced collection from nhs_cbt: https://www.nhs.uk/mental-health/talking-therapies-medicine-treatments/talking-therapies-and-counselling/benefits-of-talking-therapies/
2025-07-27 13:08:16,042 - EnhancedCBTCollector - WARNING - Content from https://www.nhs.uk/mental-health/talking-therapies-medicine-treatments/talking-therapies-and-counselling/benefits-of-talking-therapies/ failed quality assessment (Score: 45)
2025-07-27 13:08:18,059 - EnhancedCBTCollector - INFO - Starting enhanced collection from nhs_cbt: https://www.nhs.uk/mental-health/talking-therapies-medicine-treatments/
2025-07-27 13:08:18,084 - EnhancedCBTCollector - ERROR - Failed to collect from https://www.nhs.uk/mental-health/talking-therapies-medicine-treatments/: maximum recursion depth exceeded while calling a Python object
2025-07-27 13:08:20,087 - EnhancedCBTCollector - INFO - Starting enhanced collection from nhs_cbt: https://www.nhs.uk/mental-health/talking-therapies-medicine-treatments/talking-therapies-and-counselling/
2025-07-27 13:08:20,133 - EnhancedCBTCollector - ERROR - Failed to collect from https://www.nhs.uk/mental-health/talking-therapies-medicine-treatments/talking-therapies-and-counselling/: maximum recursion depth exceeded while calling a Python object
2025-07-27 13:08:22,136 - EnhancedCBTCollector - INFO - Starting enhanced collection from nhs_cbt: https://www.nhs.uk/mental-health/talking-therapies-medicine-treatments/medicines-and-psychiatry/
2025-07-27 13:08:22,165 - EnhancedCBTCollector - WARNING - Content from https://www.nhs.uk/mental-health/talking-therapies-medicine-treatments/medicines-and-psychiatry/ failed quality assessment (Score: 20)
2025-07-27 13:08:24,181 - EnhancedCBTCollector - INFO - Starting enhanced collection from nhs_cbt: https://www.nhs.uk/mental-health/talking-therapies-medicine-treatments/
2025-07-27 13:08:24,228 - EnhancedCBTCollector - WARNING - Content from https://www.nhs.uk/mental-health/talking-therapies-medicine-treatments/ failed quality assessment (Score: 20)
2025-07-27 13:08:26,234 - EnhancedCBTCollector - INFO - Starting enhanced collection from nhs_cbt: https://www.nhs.uk/mental-health/talking-therapies-medicine-treatments/talking-therapies-and-counselling/nhs-talking-therapies/
2025-07-27 13:08:26,259 - EnhancedCBTCollector - ERROR - Failed to collect from https://www.nhs.uk/mental-health/talking-therapies-medicine-treatments/talking-therapies-and-counselling/nhs-talking-therapies/: maximum recursion depth exceeded while calling a Python object
2025-07-27 13:08:28,276 - EnhancedCBTCollector - INFO - Starting enhanced collection from nhs_cbt: https://www.nhs.uk/mental-health/talking-therapies-medicine-treatments/talking-therapies-and-counselling/
2025-07-27 13:08:28,338 - EnhancedCBTCollector - ERROR - Failed to collect from https://www.nhs.uk/mental-health/talking-therapies-medicine-treatments/talking-therapies-and-counselling/: maximum recursion depth exceeded while calling a Python object
2025-07-27 13:08:30,347 - EnhancedCBTCollector - INFO - Starting enhanced collection from nhs_cbt: https://www.nhs.uk/mental-health/talking-therapies-medicine-treatments/medicines-and-psychiatry/
2025-07-27 13:08:30,393 - EnhancedCBTCollector - ERROR - Failed to collect from https://www.nhs.uk/mental-health/talking-therapies-medicine-treatments/medicines-and-psychiatry/: maximum recursion depth exceeded while calling a Python object
2025-07-27 13:08:32,403 - EnhancedCBTCollector - INFO - Starting enhanced collection from nhs_cbt: https://www.nhs.uk/mental-health/talking-therapies-medicine-treatments/medicines-and-psychiatry/psychiatry/
2025-07-27 13:08:32,458 - EnhancedCBTCollector - INFO - Collected high-quality content from https://www.nhs.uk/mental-health/talking-therapies-medicine-treatments/medicines-and-psychiatry/psychiatry/ (Score: 65)
2025-07-27 13:08:34,467 - EnhancedCBTCollector - INFO - Starting enhanced collection from nhs_cbt: https://www.nhs.uk/mental-health/talking-therapies-medicine-treatments/
2025-07-27 13:08:34,502 - EnhancedCBTCollector - ERROR - Failed to collect from https://www.nhs.uk/mental-health/talking-therapies-medicine-treatments/: maximum recursion depth exceeded while calling a Python object
2025-07-27 13:08:36,512 - EnhancedCBTCollector - INFO - Starting enhanced collection from nhs_cbt: https://www.nhs.uk/mental-health/talking-therapies-medicine-treatments/medicines-and-psychiatry/
2025-07-27 13:08:36,533 - EnhancedCBTCollector - ERROR - Failed to collect from https://www.nhs.uk/mental-health/talking-therapies-medicine-treatments/medicines-and-psychiatry/: maximum recursion depth exceeded while calling a Python object
2025-07-27 13:08:38,540 - EnhancedCBTCollector - INFO - Starting enhanced collection from nhs_cbt: https://www.nhs.uk/mental-health/talking-therapies-medicine-treatments/talking-therapies-and-counselling/benefits-of-talking-therapies/
2025-07-27 13:08:38,572 - EnhancedCBTCollector - WARNING - Content from https://www.nhs.uk/mental-health/talking-therapies-medicine-treatments/talking-therapies-and-counselling/benefits-of-talking-therapies/ failed quality assessment (Score: 45)
2025-07-27 13:08:40,577 - EnhancedCBTCollector - INFO - Starting enhanced collection from nhs_cbt: https://www.nhs.uk/mental-health/talking-therapies-medicine-treatments/
2025-07-27 13:08:40,625 - EnhancedCBTCollector - WARNING - Content from https://www.nhs.uk/mental-health/talking-therapies-medicine-treatments/ failed quality assessment (Score: 20)
2025-07-27 13:08:42,628 - EnhancedCBTCollector - INFO - Starting enhanced collection from nhs_cbt: https://www.nhs.uk/mental-health/talking-therapies-medicine-treatments/talking-therapies-and-counselling/nhs-talking-therapies/
2025-07-27 13:08:42,664 - EnhancedCBTCollector - INFO - Collected high-quality content from https://www.nhs.uk/mental-health/talking-therapies-medicine-treatments/talking-therapies-and-counselling/nhs-talking-therapies/ (Score: 70)
2025-07-27 13:08:44,670 - EnhancedCBTCollector - INFO - Starting enhanced collection from nhs_cbt: https://www.nhs.uk/mental-health/talking-therapies-medicine-treatments/
2025-07-27 13:08:44,698 - EnhancedCBTCollector - ERROR - Failed to collect from https://www.nhs.uk/mental-health/talking-therapies-medicine-treatments/: maximum recursion depth exceeded while calling a Python object
2025-07-27 13:08:46,711 - EnhancedCBTCollector - INFO - Starting enhanced collection from nhs_cbt: https://www.nhs.uk/mental-health/talking-therapies-medicine-treatments/talking-therapies-and-counselling/
2025-07-27 13:08:46,751 - EnhancedCBTCollector - ERROR - Failed to collect from https://www.nhs.uk/mental-health/talking-therapies-medicine-treatments/talking-therapies-and-counselling/: maximum recursion depth exceeded while calling a Python object
2025-07-27 13:08:48,752 - EnhancedCBTCollector - INFO - Starting enhanced collection from nhs_cbt: https://www.nhs.uk/mental-health/talking-therapies-medicine-treatments/talking-therapies-and-counselling/
2025-07-27 13:08:48,786 - EnhancedCBTCollector - WARNING - Content from https://www.nhs.uk/mental-health/talking-therapies-medicine-treatments/talking-therapies-and-counselling/ failed quality assessment (Score: 50)
2025-07-27 13:08:50,794 - EnhancedCBTCollector - INFO - Starting enhanced collection from nhs_cbt: https://www.nhs.uk/mental-health/talking-therapies-medicine-treatments/
2025-07-27 13:08:50,819 - EnhancedCBTCollector - ERROR - Failed to collect from https://www.nhs.uk/mental-health/talking-therapies-medicine-treatments/: maximum recursion depth exceeded while calling a Python object
2025-07-27 13:08:52,834 - EnhancedCBTCollector - INFO - Starting enhanced collection from nhs_cbt: https://www.nhs.uk/mental-health/talking-therapies-medicine-treatments/talking-therapies-and-counselling/benefits-of-talking-therapies/
2025-07-27 13:08:52,855 - EnhancedCBTCollector - ERROR - Failed to collect from https://www.nhs.uk/mental-health/talking-therapies-medicine-treatments/talking-therapies-and-counselling/benefits-of-talking-therapies/: maximum recursion depth exceeded while calling a Python object
2025-07-27 13:08:54,871 - EnhancedCBTCollector - INFO - Starting enhanced collection from nhs_cbt: https://www.nhs.uk/mental-health/talking-therapies-medicine-treatments/medicines-and-psychiatry/
2025-07-27 13:08:54,900 - EnhancedCBTCollector - WARNING - Content from https://www.nhs.uk/mental-health/talking-therapies-medicine-treatments/medicines-and-psychiatry/ failed quality assessment (Score: 20)
2025-07-27 13:08:56,912 - EnhancedCBTCollector - INFO - Starting enhanced collection from nhs_cbt: https://www.nhs.uk/mental-health/talking-therapies-medicine-treatments/
2025-07-27 13:08:56,958 - EnhancedCBTCollector - ERROR - Failed to collect from https://www.nhs.uk/mental-health/talking-therapies-medicine-treatments/: maximum recursion depth exceeded while calling a Python object
2025-07-27 13:08:58,962 - EnhancedCBTCollector - INFO - Starting enhanced collection from nhs_cbt: https://www.nhs.uk/mental-health/talking-therapies-medicine-treatments/medicines-and-psychiatry/psychiatry/
2025-07-27 13:08:58,986 - EnhancedCBTCollector - ERROR - Failed to collect from https://www.nhs.uk/mental-health/talking-therapies-medicine-treatments/medicines-and-psychiatry/psychiatry/: maximum recursion depth exceeded while calling a Python object
2025-07-27 13:09:00,989 - EnhancedCBTCollector - INFO - Starting enhanced collection from nhs_cbt: https://www.nhs.uk/mental-health/talking-therapies-medicine-treatments/talking-therapies-and-counselling/
2025-07-27 13:09:01,017 - EnhancedCBTCollector - WARNING - Content from https://www.nhs.uk/mental-health/talking-therapies-medicine-treatments/talking-therapies-and-counselling/ failed quality assessment (Score: 50)
2025-07-27 13:09:03,032 - EnhancedCBTCollector - INFO - Starting enhanced collection from nhs_cbt: https://www.nhs.uk/mental-health/talking-therapies-medicine-treatments/
2025-07-27 13:09:03,060 - EnhancedCBTCollector - WARNING - Content from https://www.nhs.uk/mental-health/talking-therapies-medicine-treatments/ failed quality assessment (Score: 20)
2025-07-27 13:09:05,069 - EnhancedCBTCollector - INFO - Starting enhanced collection from nhs_cbt: https://www.nhs.uk/mental-health/talking-therapies-medicine-treatments/talking-therapies-and-counselling/nhs-talking-therapies/
2025-07-27 13:09:05,132 - EnhancedCBTCollector - ERROR - Failed to collect from https://www.nhs.uk/mental-health/talking-therapies-medicine-treatments/talking-therapies-and-counselling/nhs-talking-therapies/: maximum recursion depth exceeded while calling a Python object
2025-07-27 13:09:07,139 - EnhancedCBTCollector - INFO - Starting enhanced collection from nhs_cbt: https://www.nhs.uk/mental-health/talking-therapies-medicine-treatments/talking-therapies-and-counselling/
2025-07-27 13:09:07,196 - EnhancedCBTCollector - ERROR - Failed to collect from https://www.nhs.uk/mental-health/talking-therapies-medicine-treatments/talking-therapies-and-counselling/: maximum recursion depth exceeded while calling a Python object
2025-07-27 13:09:09,209 - EnhancedCBTCollector - INFO - Starting enhanced collection from nhs_cbt: https://www.nhs.uk/mental-health/talking-therapies-medicine-treatments/medicines-and-psychiatry/
2025-07-27 13:09:09,256 - EnhancedCBTCollector - ERROR - Failed to collect from https://www.nhs.uk/mental-health/talking-therapies-medicine-treatments/medicines-and-psychiatry/: maximum recursion depth exceeded while calling a Python object
2025-07-27 13:09:11,266 - EnhancedCBTCollector - INFO - Starting enhanced collection from nhs_cbt: https://www.nhs.uk/mental-health/talking-therapies-medicine-treatments/talking-therapies-and-counselling/benefits-of-talking-therapies/
2025-07-27 13:09:11,310 - EnhancedCBTCollector - WARNING - Content from https://www.nhs.uk/mental-health/talking-therapies-medicine-treatments/talking-therapies-and-counselling/benefits-of-talking-therapies/ failed quality assessment (Score: 45)
2025-07-27 13:09:13,321 - EnhancedCBTCollector - INFO - Starting enhanced collection from nhs_cbt: https://www.nhs.uk/mental-health/talking-therapies-medicine-treatments/
2025-07-27 13:09:13,358 - EnhancedCBTCollector - ERROR - Failed to collect from https://www.nhs.uk/mental-health/talking-therapies-medicine-treatments/: maximum recursion depth exceeded while calling a Python object
2025-07-27 13:09:15,362 - EnhancedCBTCollector - INFO - Starting enhanced collection from nhs_cbt: https://www.nhs.uk/mental-health/talking-therapies-medicine-treatments/talking-therapies-and-counselling/
2025-07-27 13:09:15,386 - EnhancedCBTCollector - ERROR - Failed to collect from https://www.nhs.uk/mental-health/talking-therapies-medicine-treatments/talking-therapies-and-counselling/: maximum recursion depth exceeded while calling a Python object
2025-07-27 13:09:17,401 - EnhancedCBTCollector - INFO - Starting enhanced collection from nhs_cbt: https://www.nhs.uk/mental-health/talking-therapies-medicine-treatments/medicines-and-psychiatry/
2025-07-27 13:09:17,430 - EnhancedCBTCollector - WARNING - Content from https://www.nhs.uk/mental-health/talking-therapies-medicine-treatments/medicines-and-psychiatry/ failed quality assessment (Score: 20)
2025-07-27 13:09:19,432 - EnhancedCBTCollector - INFO - Starting enhanced collection from nhs_cbt: https://www.nhs.uk/mental-health/talking-therapies-medicine-treatments/
2025-07-27 13:09:19,487 - EnhancedCBTCollector - WARNING - Content from https://www.nhs.uk/mental-health/talking-therapies-medicine-treatments/ failed quality assessment (Score: 20)
2025-07-27 13:09:21,499 - EnhancedCBTCollector - INFO - Starting enhanced collection from nhs_cbt: https://www.nhs.uk/mental-health/talking-therapies-medicine-treatments/talking-therapies-and-counselling/nhs-talking-therapies/
2025-07-27 13:09:21,544 - EnhancedCBTCollector - INFO - Collected high-quality content from https://www.nhs.uk/mental-health/talking-therapies-medicine-treatments/talking-therapies-and-counselling/nhs-talking-therapies/ (Score: 70)
2025-07-27 13:09:23,556 - EnhancedCBTCollector - INFO - Starting enhanced collection from nhs_cbt: https://www.nhs.uk/mental-health/talking-therapies-medicine-treatments/
2025-07-27 13:09:23,610 - EnhancedCBTCollector - WARNING - Content from https://www.nhs.uk/mental-health/talking-therapies-medicine-treatments/ failed quality assessment (Score: 20)
2025-07-27 13:09:25,616 - EnhancedCBTCollector - INFO - Starting enhanced collection from nhs_cbt: https://www.nhs.uk/mental-health/talking-therapies-medicine-treatments/talking-therapies-and-counselling/nhs-talking-therapies/
2025-07-27 13:09:25,640 - EnhancedCBTCollector - ERROR - Failed to collect from https://www.nhs.uk/mental-health/talking-therapies-medicine-treatments/talking-therapies-and-counselling/nhs-talking-therapies/: maximum recursion depth exceeded while calling a Python object
2025-07-27 13:09:27,651 - EnhancedCBTCollector - INFO - Starting enhanced collection from nhs_cbt: https://www.nhs.uk/mental-health/talking-therapies-medicine-treatments/talking-therapies-and-counselling/
2025-07-27 13:09:27,671 - EnhancedCBTCollector - ERROR - Failed to collect from https://www.nhs.uk/mental-health/talking-therapies-medicine-treatments/talking-therapies-and-counselling/: maximum recursion depth exceeded while calling a Python object
2025-07-27 13:09:29,673 - EnhancedCBTCollector - INFO - Starting enhanced collection from nhs_cbt: https://www.nhs.uk/mental-health/talking-therapies-medicine-treatments/medicines-and-psychiatry/
2025-07-27 13:09:29,698 - EnhancedCBTCollector - ERROR - Failed to collect from https://www.nhs.uk/mental-health/talking-therapies-medicine-treatments/medicines-and-psychiatry/: maximum recursion depth exceeded while calling a Python object
2025-07-27 13:09:31,711 - EnhancedCBTCollector - INFO - Starting enhanced collection from nhs_cbt: https://www.nhs.uk/mental-health/talking-therapies-medicine-treatments/talking-therapies-and-counselling/
2025-07-27 13:09:31,757 - EnhancedCBTCollector - WARNING - Content from https://www.nhs.uk/mental-health/talking-therapies-medicine-treatments/talking-therapies-and-counselling/ failed quality assessment (Score: 50)
2025-07-27 13:09:33,767 - EnhancedCBTCollector - INFO - Starting enhanced collection from nhs_cbt: https://www.nhs.uk/mental-health/talking-therapies-medicine-treatments/
2025-07-27 13:09:33,813 - EnhancedCBTCollector - ERROR - Failed to collect from https://www.nhs.uk/mental-health/talking-therapies-medicine-treatments/: maximum recursion depth exceeded while calling a Python object
2025-07-27 13:09:35,820 - EnhancedCBTCollector - INFO - Starting enhanced collection from nhs_cbt: https://www.nhs.uk/mental-health/talking-therapies-medicine-treatments/talking-therapies-and-counselling/benefits-of-talking-therapies/
2025-07-27 13:09:35,849 - EnhancedCBTCollector - ERROR - Failed to collect from https://www.nhs.uk/mental-health/talking-therapies-medicine-treatments/talking-therapies-and-counselling/benefits-of-talking-therapies/: maximum recursion depth exceeded while calling a Python object
2025-07-27 13:09:37,859 - EnhancedCBTCollector - INFO - Starting enhanced collection from nhs_cbt: https://www.nhs.uk/mental-health/talking-therapies-medicine-treatments/talking-therapies-and-counselling/
2025-07-27 13:09:37,887 - EnhancedCBTCollector - WARNING - Content from https://www.nhs.uk/mental-health/talking-therapies-medicine-treatments/talking-therapies-and-counselling/ failed quality assessment (Score: 50)
2025-07-27 13:09:39,900 - EnhancedCBTCollector - INFO - Starting enhanced collection from nhs_cbt: https://www.nhs.uk/mental-health/talking-therapies-medicine-treatments/
2025-07-27 13:09:39,955 - EnhancedCBTCollector - WARNING - Content from https://www.nhs.uk/mental-health/talking-therapies-medicine-treatments/ failed quality assessment (Score: 20)
2025-07-27 13:09:41,963 - EnhancedCBTCollector - INFO - Starting enhanced collection from nhs_cbt: https://www.nhs.uk/mental-health/talking-therapies-medicine-treatments/talking-therapies-and-counselling/nhs-talking-therapies/
2025-07-27 13:09:41,983 - EnhancedCBTCollector - ERROR - Failed to collect from https://www.nhs.uk/mental-health/talking-therapies-medicine-treatments/talking-therapies-and-counselling/nhs-talking-therapies/: maximum recursion depth exceeded while calling a Python object
2025-07-27 13:09:43,993 - EnhancedCBTCollector - INFO - Starting enhanced collection from nhs_cbt: https://www.nhs.uk/mental-health/talking-therapies-medicine-treatments/talking-therapies-and-counselling/
2025-07-27 13:09:44,014 - EnhancedCBTCollector - ERROR - Failed to collect from https://www.nhs.uk/mental-health/talking-therapies-medicine-treatments/talking-therapies-and-counselling/: maximum recursion depth exceeded while calling a Python object
2025-07-27 13:09:46,018 - EnhancedCBTCollector - INFO - Starting enhanced collection from nhs_cbt: https://www.nhs.uk/mental-health/talking-therapies-medicine-treatments/medicines-and-psychiatry/
2025-07-27 13:09:46,045 - EnhancedCBTCollector - ERROR - Failed to collect from https://www.nhs.uk/mental-health/talking-therapies-medicine-treatments/medicines-and-psychiatry/: maximum recursion depth exceeded while calling a Python object
2025-07-27 13:09:48,047 - EnhancedCBTCollector - INFO - Starting enhanced collection from nhs_cbt: https://www.nhs.uk/mental-health/talking-therapies-medicine-treatments/talking-therapies-and-counselling/benefits-of-talking-therapies/
2025-07-27 13:09:48,104 - EnhancedCBTCollector - WARNING - Content from https://www.nhs.uk/mental-health/talking-therapies-medicine-treatments/talking-therapies-and-counselling/benefits-of-talking-therapies/ failed quality assessment (Score: 45)
2025-07-27 13:09:50,116 - EnhancedCBTCollector - INFO - Starting enhanced collection from nhs_cbt: https://www.nhs.uk/mental-health/talking-therapies-medicine-treatments/
2025-07-27 13:09:50,163 - EnhancedCBTCollector - ERROR - Failed to collect from https://www.nhs.uk/mental-health/talking-therapies-medicine-treatments/: maximum recursion depth exceeded while calling a Python object
2025-07-27 13:09:52,171 - EnhancedCBTCollector - INFO - Starting enhanced collection from nhs_cbt: https://www.nhs.uk/mental-health/talking-therapies-medicine-treatments/talking-therapies-and-counselling/
2025-07-27 13:09:52,197 - EnhancedCBTCollector - ERROR - Failed to collect from https://www.nhs.uk/mental-health/talking-therapies-medicine-treatments/talking-therapies-and-counselling/: maximum recursion depth exceeded while calling a Python object
2025-07-27 13:09:54,201 - EnhancedCBTCollector - INFO - Starting enhanced collection from nhs_cbt: https://www.nhs.uk/mental-health/talking-therapies-medicine-treatments/medicines-and-psychiatry/
2025-07-27 13:09:54,254 - EnhancedCBTCollector - WARNING - Content from https://www.nhs.uk/mental-health/talking-therapies-medicine-treatments/medicines-and-psychiatry/ failed quality assessment (Score: 20)
2025-07-27 13:09:56,261 - EnhancedCBTCollector - INFO - Starting enhanced collection from nhs_cbt: https://www.nhs.uk/mental-health/talking-therapies-medicine-treatments/
2025-07-27 13:09:56,295 - EnhancedCBTCollector - WARNING - Content from https://www.nhs.uk/mental-health/talking-therapies-medicine-treatments/ failed quality assessment (Score: 20)
2025-07-27 13:09:58,304 - EnhancedCBTCollector - INFO - Starting enhanced collection from nhs_cbt: https://www.nhs.uk/mental-health/talking-therapies-medicine-treatments/talking-therapies-and-counselling/nhs-talking-therapies/
2025-07-27 13:09:58,355 - EnhancedCBTCollector - ERROR - Failed to collect from https://www.nhs.uk/mental-health/talking-therapies-medicine-treatments/talking-therapies-and-counselling/nhs-talking-therapies/: maximum recursion depth exceeded while calling a Python object
2025-07-27 13:10:00,359 - EnhancedCBTCollector - INFO - Starting enhanced collection from nhs_cbt: https://www.nhs.uk/mental-health/talking-therapies-medicine-treatments/talking-therapies-and-counselling/
2025-07-27 13:10:00,404 - EnhancedCBTCollector - ERROR - Failed to collect from https://www.nhs.uk/mental-health/talking-therapies-medicine-treatments/talking-therapies-and-counselling/: maximum recursion depth exceeded while calling a Python object
2025-07-27 13:10:02,410 - EnhancedCBTCollector - INFO - Starting enhanced collection from nhs_cbt: https://www.nhs.uk/mental-health/talking-therapies-medicine-treatments/medicines-and-psychiatry/
2025-07-27 13:10:02,435 - EnhancedCBTCollector - ERROR - Failed to collect from https://www.nhs.uk/mental-health/talking-therapies-medicine-treatments/medicines-and-psychiatry/: maximum recursion depth exceeded while calling a Python object
2025-07-27 13:10:04,435 - EnhancedCBTCollector - INFO - Starting enhanced collection from nhs_cbt: https://www.nhs.uk/mental-health/talking-therapies-medicine-treatments/medicines-and-psychiatry/psychiatry/
2025-07-27 13:10:04,466 - EnhancedCBTCollector - INFO - Collected high-quality content from https://www.nhs.uk/mental-health/talking-therapies-medicine-treatments/medicines-and-psychiatry/psychiatry/ (Score: 65)
2025-07-27 13:10:06,479 - EnhancedCBTCollector - INFO - Starting enhanced collection from nhs_cbt: https://www.nhs.uk/mental-health/talking-therapies-medicine-treatments/
2025-07-27 13:10:06,501 - EnhancedCBTCollector - ERROR - Failed to collect from https://www.nhs.uk/mental-health/talking-therapies-medicine-treatments/: maximum recursion depth exceeded while calling a Python object
2025-07-27 13:10:08,503 - EnhancedCBTCollector - INFO - Starting enhanced collection from nhs_cbt: https://www.nhs.uk/mental-health/talking-therapies-medicine-treatments/medicines-and-psychiatry/
2025-07-27 13:10:08,549 - EnhancedCBTCollector - ERROR - Failed to collect from https://www.nhs.uk/mental-health/talking-therapies-medicine-treatments/medicines-and-psychiatry/: maximum recursion depth exceeded while calling a Python object
2025-07-27 13:10:10,559 - EnhancedCBTCollector - INFO - Starting enhanced collection from nhs_cbt: https://www.nhs.uk/mental-health/talking-therapies-medicine-treatments/medicines-and-psychiatry/psychiatry/
2025-07-27 13:10:10,599 - EnhancedCBTCollector - INFO - Collected high-quality content from https://www.nhs.uk/mental-health/talking-therapies-medicine-treatments/medicines-and-psychiatry/psychiatry/ (Score: 65)
2025-07-27 13:10:12,608 - EnhancedCBTCollector - INFO - Starting enhanced collection from nhs_cbt: https://www.nhs.uk/mental-health/talking-therapies-medicine-treatments/
2025-07-27 13:10:12,642 - EnhancedCBTCollector - WARNING - Content from https://www.nhs.uk/mental-health/talking-therapies-medicine-treatments/ failed quality assessment (Score: 20)
2025-07-27 13:10:14,649 - EnhancedCBTCollector - INFO - Starting enhanced collection from nhs_cbt: https://www.nhs.uk/mental-health/talking-therapies-medicine-treatments/talking-therapies-and-counselling/nhs-talking-therapies/
2025-07-27 13:10:14,690 - EnhancedCBTCollector - INFO - Collected high-quality content from https://www.nhs.uk/mental-health/talking-therapies-medicine-treatments/talking-therapies-and-counselling/nhs-talking-therapies/ (Score: 70)
2025-07-27 13:10:16,703 - EnhancedCBTCollector - INFO - Starting enhanced collection from nhs_cbt: https://www.nhs.uk/mental-health/talking-therapies-medicine-treatments/
2025-07-27 13:10:16,723 - EnhancedCBTCollector - ERROR - Failed to collect from https://www.nhs.uk/mental-health/talking-therapies-medicine-treatments/: maximum recursion depth exceeded while calling a Python object
2025-07-27 13:10:18,732 - EnhancedCBTCollector - INFO - Starting enhanced collection from nhs_cbt: https://www.nhs.uk/mental-health/talking-therapies-medicine-treatments/talking-therapies-and-counselling/
2025-07-27 13:10:18,758 - EnhancedCBTCollector - ERROR - Failed to collect from https://www.nhs.uk/mental-health/talking-therapies-medicine-treatments/talking-therapies-and-counselling/: maximum recursion depth exceeded while calling a Python object
2025-07-27 13:10:20,758 - EnhancedCBTCollector - INFO - Starting enhanced collection from nhs_cbt: https://www.nhs.uk/mental-health/talking-therapies-medicine-treatments/talking-therapies-and-counselling/
2025-07-27 13:10:20,786 - EnhancedCBTCollector - WARNING - Content from https://www.nhs.uk/mental-health/talking-therapies-medicine-treatments/talking-therapies-and-counselling/ failed quality assessment (Score: 50)
2025-07-27 13:10:22,799 - EnhancedCBTCollector - INFO - Starting enhanced collection from nhs_cbt: https://www.nhs.uk/mental-health/talking-therapies-medicine-treatments/
2025-07-27 13:10:22,823 - EnhancedCBTCollector - ERROR - Failed to collect from https://www.nhs.uk/mental-health/talking-therapies-medicine-treatments/: maximum recursion depth exceeded while calling a Python object
2025-07-27 13:10:24,837 - EnhancedCBTCollector - INFO - Starting enhanced collection from nhs_cbt: https://www.nhs.uk/mental-health/talking-therapies-medicine-treatments/talking-therapies-and-counselling/benefits-of-talking-therapies/
2025-07-27 13:10:24,907 - EnhancedCBTCollector - ERROR - Failed to collect from https://www.nhs.uk/mental-health/talking-therapies-medicine-treatments/talking-therapies-and-counselling/benefits-of-talking-therapies/: maximum recursion depth exceeded while calling a Python object
2025-07-27 13:10:26,910 - EnhancedCBTCollector - INFO - Starting enhanced collection from nhs_cbt: https://www.nhs.uk/mental-health/talking-therapies-medicine-treatments/medicines-and-psychiatry/
2025-07-27 13:10:26,940 - EnhancedCBTCollector - WARNING - Content from https://www.nhs.uk/mental-health/talking-therapies-medicine-treatments/medicines-and-psychiatry/ failed quality assessment (Score: 20)
2025-07-27 13:10:28,954 - EnhancedCBTCollector - INFO - Starting enhanced collection from nhs_cbt: https://www.nhs.uk/mental-health/talking-therapies-medicine-treatments/
2025-07-27 13:10:28,975 - EnhancedCBTCollector - ERROR - Failed to collect from https://www.nhs.uk/mental-health/talking-therapies-medicine-treatments/: maximum recursion depth exceeded while calling a Python object
2025-07-27 13:10:30,980 - EnhancedCBTCollector - INFO - Starting enhanced collection from nhs_cbt: https://www.nhs.uk/mental-health/talking-therapies-medicine-treatments/medicines-and-psychiatry/psychiatry/
2025-07-27 13:10:31,000 - EnhancedCBTCollector - ERROR - Failed to collect from https://www.nhs.uk/mental-health/talking-therapies-medicine-treatments/medicines-and-psychiatry/psychiatry/: maximum recursion depth exceeded while calling a Python object
2025-07-27 13:10:33,008 - EnhancedCBTCollector - INFO - Starting enhanced collection from nhs_cbt: https://www.nhs.uk/mental-health/talking-therapies-medicine-treatments/medicines-and-psychiatry/
2025-07-27 13:10:33,041 - EnhancedCBTCollector - WARNING - Content from https://www.nhs.uk/mental-health/talking-therapies-medicine-treatments/medicines-and-psychiatry/ failed quality assessment (Score: 20)
2025-07-27 13:10:35,050 - EnhancedCBTCollector - INFO - Starting enhanced collection from nhs_cbt: https://www.nhs.uk/mental-health/talking-therapies-medicine-treatments/
2025-07-27 13:10:35,103 - EnhancedCBTCollector - WARNING - Content from https://www.nhs.uk/mental-health/talking-therapies-medicine-treatments/ failed quality assessment (Score: 20)
2025-07-27 13:10:37,118 - EnhancedCBTCollector - INFO - Starting enhanced collection from nhs_cbt: https://www.nhs.uk/mental-health/talking-therapies-medicine-treatments/talking-therapies-and-counselling/nhs-talking-therapies/
2025-07-27 13:10:37,144 - EnhancedCBTCollector - ERROR - Failed to collect from https://www.nhs.uk/mental-health/talking-therapies-medicine-treatments/talking-therapies-and-counselling/nhs-talking-therapies/: maximum recursion depth exceeded while calling a Python object
2025-07-27 13:10:39,157 - EnhancedCBTCollector - INFO - Starting enhanced collection from nhs_cbt: https://www.nhs.uk/mental-health/talking-therapies-medicine-treatments/talking-therapies-and-counselling/
2025-07-27 13:10:39,180 - EnhancedCBTCollector - ERROR - Failed to collect from https://www.nhs.uk/mental-health/talking-therapies-medicine-treatments/talking-therapies-and-counselling/: maximum recursion depth exceeded while calling a Python object
2025-07-27 13:10:41,190 - EnhancedCBTCollector - INFO - Starting enhanced collection from nhs_cbt: https://www.nhs.uk/mental-health/talking-therapies-medicine-treatments/medicines-and-psychiatry/
2025-07-27 13:10:41,211 - EnhancedCBTCollector - ERROR - Failed to collect from https://www.nhs.uk/mental-health/talking-therapies-medicine-treatments/medicines-and-psychiatry/: maximum recursion depth exceeded while calling a Python object
2025-07-27 13:10:43,216 - EnhancedCBTCollector - INFO - Starting enhanced collection from nhs_cbt: https://www.nhs.uk/mental-health/talking-therapies-medicine-treatments/medicines-and-psychiatry/psychiatry/
2025-07-27 13:10:43,247 - EnhancedCBTCollector - INFO - Collected high-quality content from https://www.nhs.uk/mental-health/talking-therapies-medicine-treatments/medicines-and-psychiatry/psychiatry/ (Score: 65)
2025-07-27 13:10:45,263 - EnhancedCBTCollector - INFO - Starting enhanced collection from nhs_cbt: https://www.nhs.uk/mental-health/talking-therapies-medicine-treatments/
2025-07-27 13:10:45,296 - EnhancedCBTCollector - ERROR - Failed to collect from https://www.nhs.uk/mental-health/talking-therapies-medicine-treatments/: maximum recursion depth exceeded while calling a Python object
2025-07-27 13:10:47,299 - EnhancedCBTCollector - INFO - Starting enhanced collection from nhs_cbt: https://www.nhs.uk/mental-health/talking-therapies-medicine-treatments/medicines-and-psychiatry/
2025-07-27 13:10:47,319 - EnhancedCBTCollector - ERROR - Failed to collect from https://www.nhs.uk/mental-health/talking-therapies-medicine-treatments/medicines-and-psychiatry/: maximum recursion depth exceeded while calling a Python object
2025-07-27 13:10:49,324 - EnhancedCBTCollector - INFO - Starting enhanced collection from nhs_cbt: https://www.nhs.uk/mental-health/talking-therapies-medicine-treatments/medicines-and-psychiatry/psychiatry/
2025-07-27 13:10:49,399 - EnhancedCBTCollector - INFO - Collected high-quality content from https://www.nhs.uk/mental-health/talking-therapies-medicine-treatments/medicines-and-psychiatry/psychiatry/ (Score: 65)
2025-07-27 13:10:51,407 - EnhancedCBTCollector - INFO - Starting enhanced collection from nhs_cbt: https://www.nhs.uk/mental-health/talking-therapies-medicine-treatments/
2025-07-27 13:10:51,451 - EnhancedCBTCollector - WARNING - Content from https://www.nhs.uk/mental-health/talking-therapies-medicine-treatments/ failed quality assessment (Score: 20)
2025-07-27 13:10:53,460 - EnhancedCBTCollector - INFO - Starting enhanced collection from nhs_cbt: https://www.nhs.uk/mental-health/talking-therapies-medicine-treatments/talking-therapies-and-counselling/nhs-talking-therapies/
2025-07-27 13:10:53,493 - EnhancedCBTCollector - INFO - Collected high-quality content from https://www.nhs.uk/mental-health/talking-therapies-medicine-treatments/talking-therapies-and-counselling/nhs-talking-therapies/ (Score: 70)
2025-07-27 13:10:55,500 - EnhancedCBTCollector - INFO - Starting enhanced collection from nhs_cbt: https://www.nhs.uk/mental-health/talking-therapies-medicine-treatments/
2025-07-27 13:10:55,552 - EnhancedCBTCollector - WARNING - Content from https://www.nhs.uk/mental-health/talking-therapies-medicine-treatments/ failed quality assessment (Score: 20)
2025-07-27 13:10:57,554 - EnhancedCBTCollector - INFO - Starting enhanced collection from nhs_cbt: https://www.nhs.uk/mental-health/talking-therapies-medicine-treatments/talking-therapies-and-counselling/nhs-talking-therapies/
2025-07-27 13:10:57,593 - EnhancedCBTCollector - INFO - Collected high-quality content from https://www.nhs.uk/mental-health/talking-therapies-medicine-treatments/talking-therapies-and-counselling/nhs-talking-therapies/ (Score: 70)
2025-07-27 13:10:59,598 - EnhancedCBTCollector - INFO - Starting enhanced collection from nhs_cbt: https://www.nhs.uk/mental-health/talking-therapies-medicine-treatments/
2025-07-27 13:10:59,644 - EnhancedCBTCollector - ERROR - Failed to collect from https://www.nhs.uk/mental-health/talking-therapies-medicine-treatments/: maximum recursion depth exceeded while calling a Python object
2025-07-27 13:11:01,649 - EnhancedCBTCollector - INFO - Starting enhanced collection from nhs_cbt: https://www.nhs.uk/mental-health/talking-therapies-medicine-treatments/talking-therapies-and-counselling/
2025-07-27 13:11:01,678 - EnhancedCBTCollector - ERROR - Failed to collect from https://www.nhs.uk/mental-health/talking-therapies-medicine-treatments/talking-therapies-and-counselling/: maximum recursion depth exceeded while calling a Python object
2025-07-27 13:11:03,682 - EnhancedCBTCollector - INFO - Starting enhanced collection from nhs_cbt: https://www.nhs.uk/mental-health/talking-therapies-medicine-treatments/talking-therapies-and-counselling/
2025-07-27 13:11:03,710 - EnhancedCBTCollector - WARNING - Content from https://www.nhs.uk/mental-health/talking-therapies-medicine-treatments/talking-therapies-and-counselling/ failed quality assessment (Score: 50)
2025-07-27 13:11:05,724 - EnhancedCBTCollector - INFO - Starting enhanced collection from nhs_cbt: https://www.nhs.uk/mental-health/talking-therapies-medicine-treatments/
2025-07-27 13:11:05,745 - EnhancedCBTCollector - ERROR - Failed to collect from https://www.nhs.uk/mental-health/talking-therapies-medicine-treatments/: maximum recursion depth exceeded while calling a Python object
2025-07-27 13:11:07,755 - EnhancedCBTCollector - INFO - Starting enhanced collection from nhs_cbt: https://www.nhs.uk/mental-health/talking-therapies-medicine-treatments/talking-therapies-and-counselling/benefits-of-talking-therapies/
2025-07-27 13:11:07,776 - EnhancedCBTCollector - ERROR - Failed to collect from https://www.nhs.uk/mental-health/talking-therapies-medicine-treatments/talking-therapies-and-counselling/benefits-of-talking-therapies/: maximum recursion depth exceeded while calling a Python object
2025-07-27 13:11:09,787 - EnhancedCBTCollector - INFO - Starting enhanced collection from nhs_cbt: https://www.nhs.uk/mental-health/talking-therapies-medicine-treatments/medicines-and-psychiatry/
2025-07-27 13:11:09,826 - EnhancedCBTCollector - WARNING - Content from https://www.nhs.uk/mental-health/talking-therapies-medicine-treatments/medicines-and-psychiatry/ failed quality assessment (Score: 20)
2025-07-27 13:11:11,840 - EnhancedCBTCollector - INFO - Starting enhanced collection from nhs_cbt: https://www.nhs.uk/mental-health/talking-therapies-medicine-treatments/
2025-07-27 13:11:11,870 - EnhancedCBTCollector - ERROR - Failed to collect from https://www.nhs.uk/mental-health/talking-therapies-medicine-treatments/: maximum recursion depth exceeded while calling a Python object
2025-07-27 13:11:13,880 - EnhancedCBTCollector - INFO - Starting enhanced collection from nhs_cbt: https://www.nhs.uk/mental-health/talking-therapies-medicine-treatments/medicines-and-psychiatry/psychiatry/
2025-07-27 13:11:13,950 - EnhancedCBTCollector - ERROR - Failed to collect from https://www.nhs.uk/mental-health/talking-therapies-medicine-treatments/medicines-and-psychiatry/psychiatry/: maximum recursion depth exceeded while calling a Python object
2025-07-27 13:11:15,958 - EnhancedCBTCollector - INFO - Starting enhanced collection from nhs_cbt: https://www.nhs.uk/mental-health/talking-therapies-medicine-treatments/talking-therapies-and-counselling/
2025-07-27 13:11:16,012 - EnhancedCBTCollector - WARNING - Content from https://www.nhs.uk/mental-health/talking-therapies-medicine-treatments/talking-therapies-and-counselling/ failed quality assessment (Score: 50)
2025-07-27 13:11:18,027 - EnhancedCBTCollector - INFO - Starting enhanced collection from nhs_cbt: https://www.nhs.uk/mental-health/talking-therapies-medicine-treatments/
2025-07-27 13:11:18,062 - EnhancedCBTCollector - WARNING - Content from https://www.nhs.uk/mental-health/talking-therapies-medicine-treatments/ failed quality assessment (Score: 20)
2025-07-27 13:11:20,067 - EnhancedCBTCollector - INFO - Starting enhanced collection from nhs_cbt: https://www.nhs.uk/mental-health/talking-therapies-medicine-treatments/talking-therapies-and-counselling/nhs-talking-therapies/
2025-07-27 13:11:20,097 - EnhancedCBTCollector - ERROR - Failed to collect from https://www.nhs.uk/mental-health/talking-therapies-medicine-treatments/talking-therapies-and-counselling/nhs-talking-therapies/: maximum recursion depth exceeded while calling a Python object
2025-07-27 13:11:22,099 - EnhancedCBTCollector - INFO - Starting enhanced collection from nhs_cbt: https://www.nhs.uk/mental-health/talking-therapies-medicine-treatments/talking-therapies-and-counselling/
2025-07-27 13:11:22,124 - EnhancedCBTCollector - ERROR - Failed to collect from https://www.nhs.uk/mental-health/talking-therapies-medicine-treatments/talking-therapies-and-counselling/: maximum recursion depth exceeded while calling a Python object
2025-07-27 13:11:24,137 - EnhancedCBTCollector - INFO - Starting enhanced collection from nhs_cbt: https://www.nhs.uk/mental-health/talking-therapies-medicine-treatments/medicines-and-psychiatry/
2025-07-27 13:11:24,195 - EnhancedCBTCollector - ERROR - Failed to collect from https://www.nhs.uk/mental-health/talking-therapies-medicine-treatments/medicines-and-psychiatry/: maximum recursion depth exceeded while calling a Python object
2025-07-27 13:11:26,202 - EnhancedCBTCollector - INFO - Starting enhanced collection from nhs_cbt: https://www.nhs.uk/mental-health/talking-therapies-medicine-treatments/talking-therapies-and-counselling/benefits-of-talking-therapies/
2025-07-27 13:11:26,235 - EnhancedCBTCollector - WARNING - Content from https://www.nhs.uk/mental-health/talking-therapies-medicine-treatments/talking-therapies-and-counselling/benefits-of-talking-therapies/ failed quality assessment (Score: 45)
2025-07-27 13:11:28,237 - EnhancedCBTCollector - INFO - Starting enhanced collection from nhs_cbt: https://www.nhs.uk/mental-health/talking-therapies-medicine-treatments/
2025-07-27 13:11:28,259 - EnhancedCBTCollector - ERROR - Failed to collect from https://www.nhs.uk/mental-health/talking-therapies-medicine-treatments/: maximum recursion depth exceeded while calling a Python object
2025-07-27 13:11:30,264 - EnhancedCBTCollector - INFO - Starting enhanced collection from nhs_cbt: https://www.nhs.uk/mental-health/talking-therapies-medicine-treatments/talking-therapies-and-counselling/
2025-07-27 13:11:30,285 - EnhancedCBTCollector - ERROR - Failed to collect from https://www.nhs.uk/mental-health/talking-therapies-medicine-treatments/talking-therapies-and-counselling/: maximum recursion depth exceeded while calling a Python object
2025-07-27 13:11:32,293 - EnhancedCBTCollector - INFO - Starting enhanced collection from nhs_cbt: https://www.nhs.uk/mental-health/talking-therapies-medicine-treatments/talking-therapies-and-counselling/
2025-07-27 13:11:32,323 - EnhancedCBTCollector - WARNING - Content from https://www.nhs.uk/mental-health/talking-therapies-medicine-treatments/talking-therapies-and-counselling/ failed quality assessment (Score: 50)
2025-07-27 13:11:34,337 - EnhancedCBTCollector - INFO - Starting enhanced collection from nhs_cbt: https://www.nhs.uk/mental-health/talking-therapies-medicine-treatments/
2025-07-27 13:11:34,367 - EnhancedCBTCollector - WARNING - Content from https://www.nhs.uk/mental-health/talking-therapies-medicine-treatments/ failed quality assessment (Score: 20)
2025-07-27 13:11:36,382 - EnhancedCBTCollector - INFO - Starting enhanced collection from nhs_cbt: https://www.nhs.uk/mental-health/talking-therapies-medicine-treatments/talking-therapies-and-counselling/nhs-talking-therapies/
2025-07-27 13:11:36,419 - EnhancedCBTCollector - INFO - Collected high-quality content from https://www.nhs.uk/mental-health/talking-therapies-medicine-treatments/talking-therapies-and-counselling/nhs-talking-therapies/ (Score: 70)
2025-07-27 13:11:38,425 - EnhancedCBTCollector - INFO - Starting enhanced collection from nhs_cbt: https://www.nhs.uk/mental-health/talking-therapies-medicine-treatments/
2025-07-27 13:11:38,452 - EnhancedCBTCollector - ERROR - Failed to collect from https://www.nhs.uk/mental-health/talking-therapies-medicine-treatments/: maximum recursion depth exceeded while calling a Python object
2025-07-27 13:11:40,466 - EnhancedCBTCollector - INFO - Starting enhanced collection from nhs_cbt: https://www.nhs.uk/mental-health/talking-therapies-medicine-treatments/talking-therapies-and-counselling/
2025-07-27 13:11:40,512 - EnhancedCBTCollector - ERROR - Failed to collect from https://www.nhs.uk/mental-health/talking-therapies-medicine-treatments/talking-therapies-and-counselling/: maximum recursion depth exceeded while calling a Python object
2025-07-27 13:11:42,520 - EnhancedCBTCollector - INFO - Starting enhanced collection from nhs_cbt: https://www.nhs.uk/mental-health/talking-therapies-medicine-treatments/talking-therapies-and-counselling/
2025-07-27 13:11:42,547 - EnhancedCBTCollector - WARNING - Content from https://www.nhs.uk/mental-health/talking-therapies-medicine-treatments/talking-therapies-and-counselling/ failed quality assessment (Score: 50)
2025-07-27 13:11:44,562 - EnhancedCBTCollector - INFO - Starting enhanced collection from nhs_cbt: https://www.nhs.uk/mental-health/talking-therapies-medicine-treatments/
2025-07-27 13:11:44,582 - EnhancedCBTCollector - ERROR - Failed to collect from https://www.nhs.uk/mental-health/talking-therapies-medicine-treatments/: maximum recursion depth exceeded while calling a Python object
2025-07-27 13:11:46,590 - EnhancedCBTCollector - INFO - Starting enhanced collection from nhs_cbt: https://www.nhs.uk/mental-health/talking-therapies-medicine-treatments/talking-therapies-and-counselling/benefits-of-talking-therapies/
2025-07-27 13:11:46,689 - EnhancedCBTCollector - ERROR - Failed to collect from https://www.nhs.uk/mental-health/talking-therapies-medicine-treatments/talking-therapies-and-counselling/benefits-of-talking-therapies/: maximum recursion depth exceeded while calling a Python object
2025-07-27 13:11:48,690 - EnhancedCBTCollector - INFO - Starting enhanced collection from nhs_cbt: https://www.nhs.uk/mental-health/talking-therapies-medicine-treatments/medicines-and-psychiatry/
2025-07-27 13:11:48,719 - EnhancedCBTCollector - WARNING - Content from https://www.nhs.uk/mental-health/talking-therapies-medicine-treatments/medicines-and-psychiatry/ failed quality assessment (Score: 20)
2025-07-27 13:11:50,721 - EnhancedCBTCollector - INFO - Starting enhanced collection from nhs_cbt: https://www.nhs.uk/mental-health/talking-therapies-medicine-treatments/
2025-07-27 13:11:50,775 - EnhancedCBTCollector - ERROR - Failed to collect from https://www.nhs.uk/mental-health/talking-therapies-medicine-treatments/: maximum recursion depth exceeded while calling a Python object
2025-07-27 13:11:52,777 - EnhancedCBTCollector - INFO - Starting enhanced collection from nhs_cbt: https://www.nhs.uk/mental-health/talking-therapies-medicine-treatments/medicines-and-psychiatry/psychiatry/
2025-07-27 13:11:52,824 - EnhancedCBTCollector - ERROR - Failed to collect from https://www.nhs.uk/mental-health/talking-therapies-medicine-treatments/medicines-and-psychiatry/psychiatry/: maximum recursion depth exceeded while calling a Python object
2025-07-27 13:11:54,833 - EnhancedCBTCollector - INFO - Starting enhanced collection from nhs_cbt: https://www.nhs.uk/mental-health/talking-therapies-medicine-treatments/talking-therapies-and-counselling/benefits-of-talking-therapies/
2025-07-27 13:11:54,864 - EnhancedCBTCollector - WARNING - Content from https://www.nhs.uk/mental-health/talking-therapies-medicine-treatments/talking-therapies-and-counselling/benefits-of-talking-therapies/ failed quality assessment (Score: 45)
2025-07-27 13:11:56,870 - EnhancedCBTCollector - INFO - Starting enhanced collection from nhs_cbt: https://www.nhs.uk/mental-health/talking-therapies-medicine-treatments/
2025-07-27 13:11:56,900 - EnhancedCBTCollector - WARNING - Content from https://www.nhs.uk/mental-health/talking-therapies-medicine-treatments/ failed quality assessment (Score: 20)
2025-07-27 13:11:58,909 - EnhancedCBTCollector - INFO - Starting enhanced collection from nhs_cbt: https://www.nhs.uk/mental-health/talking-therapies-medicine-treatments/talking-therapies-and-counselling/nhs-talking-therapies/
2025-07-27 13:11:58,954 - EnhancedCBTCollector - ERROR - Failed to collect from https://www.nhs.uk/mental-health/talking-therapies-medicine-treatments/talking-therapies-and-counselling/nhs-talking-therapies/: maximum recursion depth exceeded while calling a Python object
2025-07-27 13:12:00,963 - EnhancedCBTCollector - INFO - Starting enhanced collection from nhs_cbt: https://www.nhs.uk/mental-health/talking-therapies-medicine-treatments/talking-therapies-and-counselling/
2025-07-27 13:12:00,990 - EnhancedCBTCollector - ERROR - Failed to collect from https://www.nhs.uk/mental-health/talking-therapies-medicine-treatments/talking-therapies-and-counselling/: maximum recursion depth exceeded while calling a Python object
2025-07-27 13:12:02,995 - EnhancedCBTCollector - INFO - Starting enhanced collection from nhs_cbt: https://www.nhs.uk/mental-health/talking-therapies-medicine-treatments/medicines-and-psychiatry/
2025-07-27 13:12:03,021 - EnhancedCBTCollector - ERROR - Failed to collect from https://www.nhs.uk/mental-health/talking-therapies-medicine-treatments/medicines-and-psychiatry/: maximum recursion depth exceeded while calling a Python object
2025-07-27 13:12:05,022 - EnhancedCBTCollector - INFO - Starting enhanced collection from nhs_cbt: https://www.nhs.uk/mental-health/talking-therapies-medicine-treatments/talking-therapies-and-counselling/
2025-07-27 13:12:05,051 - EnhancedCBTCollector - WARNING - Content from https://www.nhs.uk/mental-health/talking-therapies-medicine-treatments/talking-therapies-and-counselling/ failed quality assessment (Score: 50)
2025-07-27 13:12:07,063 - EnhancedCBTCollector - INFO - Starting enhanced collection from nhs_cbt: https://www.nhs.uk/mental-health/talking-therapies-medicine-treatments/
2025-07-27 13:12:07,086 - EnhancedCBTCollector - ERROR - Failed to collect from https://www.nhs.uk/mental-health/talking-therapies-medicine-treatments/: maximum recursion depth exceeded while calling a Python object
2025-07-27 13:12:09,091 - EnhancedCBTCollector - INFO - Starting enhanced collection from nhs_cbt: https://www.nhs.uk/mental-health/talking-therapies-medicine-treatments/talking-therapies-and-counselling/benefits-of-talking-therapies/
2025-07-27 13:12:09,112 - EnhancedCBTCollector - ERROR - Failed to collect from https://www.nhs.uk/mental-health/talking-therapies-medicine-treatments/talking-therapies-and-counselling/benefits-of-talking-therapies/: maximum recursion depth exceeded while calling a Python object
2025-07-27 13:12:11,121 - EnhancedCBTCollector - INFO - Starting enhanced collection from nhs_cbt: https://www.nhs.uk/mental-health/talking-therapies-medicine-treatments/medicines-and-psychiatry/
2025-07-27 13:12:11,149 - EnhancedCBTCollector - WARNING - Content from https://www.nhs.uk/mental-health/talking-therapies-medicine-treatments/medicines-and-psychiatry/ failed quality assessment (Score: 20)
2025-07-27 13:12:13,159 - EnhancedCBTCollector - INFO - Starting enhanced collection from nhs_cbt: https://www.nhs.uk/mental-health/talking-therapies-medicine-treatments/
2025-07-27 13:12:13,187 - EnhancedCBTCollector - WARNING - Content from https://www.nhs.uk/mental-health/talking-therapies-medicine-treatments/ failed quality assessment (Score: 20)
2025-07-27 13:12:15,198 - EnhancedCBTCollector - INFO - Starting enhanced collection from nhs_cbt: https://www.nhs.uk/mental-health/talking-therapies-medicine-treatments/talking-therapies-and-counselling/nhs-talking-therapies/
2025-07-27 13:12:15,236 - EnhancedCBTCollector - INFO - Collected high-quality content from https://www.nhs.uk/mental-health/talking-therapies-medicine-treatments/talking-therapies-and-counselling/nhs-talking-therapies/ (Score: 70)
2025-07-27 13:12:17,252 - EnhancedCBTCollector - INFO - Starting enhanced collection from nhs_cbt: https://www.nhs.uk/mental-health/talking-therapies-medicine-treatments/
2025-07-27 13:12:17,273 - EnhancedCBTCollector - ERROR - Failed to collect from https://www.nhs.uk/mental-health/talking-therapies-medicine-treatments/: maximum recursion depth exceeded while calling a Python object
2025-07-27 13:12:19,274 - EnhancedCBTCollector - INFO - Starting enhanced collection from nhs_cbt: https://www.nhs.uk/mental-health/talking-therapies-medicine-treatments/talking-therapies-and-counselling/
2025-07-27 13:12:19,298 - EnhancedCBTCollector - ERROR - Failed to collect from https://www.nhs.uk/mental-health/talking-therapies-medicine-treatments/talking-therapies-and-counselling/: maximum recursion depth exceeded while calling a Python object
2025-07-27 13:12:21,312 - EnhancedCBTCollector - INFO - Starting enhanced collection from nhs_cbt: https://www.nhs.uk/mental-health/talking-therapies-medicine-treatments/talking-therapies-and-counselling/
2025-07-27 13:12:21,339 - EnhancedCBTCollector - WARNING - Content from https://www.nhs.uk/mental-health/talking-therapies-medicine-treatments/talking-therapies-and-counselling/ failed quality assessment (Score: 50)
2025-07-27 13:12:23,354 - EnhancedCBTCollector - INFO - Starting enhanced collection from nhs_cbt: https://www.nhs.uk/mental-health/talking-therapies-medicine-treatments/
2025-07-27 13:12:23,401 - EnhancedCBTCollector - ERROR - Failed to collect from https://www.nhs.uk/mental-health/talking-therapies-medicine-treatments/: maximum recursion depth exceeded while calling a Python object
2025-07-27 13:12:25,410 - EnhancedCBTCollector - INFO - Starting enhanced collection from nhs_cbt: https://www.nhs.uk/mental-health/talking-therapies-medicine-treatments/talking-therapies-and-counselling/benefits-of-talking-therapies/
2025-07-27 13:12:25,439 - EnhancedCBTCollector - ERROR - Failed to collect from https://www.nhs.uk/mental-health/talking-therapies-medicine-treatments/talking-therapies-and-counselling/benefits-of-talking-therapies/: maximum recursion depth exceeded while calling a Python object
2025-07-27 13:12:27,443 - EnhancedCBTCollector - INFO - Starting enhanced collection from nhs_cbt: https://www.nhs.uk/mental-health/talking-therapies-medicine-treatments/medicines-and-psychiatry/
2025-07-27 13:12:27,474 - EnhancedCBTCollector - WARNING - Content from https://www.nhs.uk/mental-health/talking-therapies-medicine-treatments/medicines-and-psychiatry/ failed quality assessment (Score: 20)
2025-07-27 13:12:29,485 - EnhancedCBTCollector - INFO - Starting enhanced collection from nhs_cbt: https://www.nhs.uk/mental-health/talking-therapies-medicine-treatments/
2025-07-27 13:12:29,530 - EnhancedCBTCollector - ERROR - Failed to collect from https://www.nhs.uk/mental-health/talking-therapies-medicine-treatments/: maximum recursion depth exceeded while calling a Python object
2025-07-27 13:12:31,543 - EnhancedCBTCollector - INFO - Starting enhanced collection from nhs_cbt: https://www.nhs.uk/mental-health/talking-therapies-medicine-treatments/medicines-and-psychiatry/psychiatry/
2025-07-27 13:12:31,585 - EnhancedCBTCollector - ERROR - Failed to collect from https://www.nhs.uk/mental-health/talking-therapies-medicine-treatments/medicines-and-psychiatry/psychiatry/: maximum recursion depth exceeded while calling a Python object
2025-07-27 13:12:33,586 - EnhancedCBTCollector - INFO - Starting enhanced collection from nhs_cbt: https://www.nhs.uk/mental-health/talking-therapies-medicine-treatments/medicines-and-psychiatry/psychiatry/
2025-07-27 13:12:33,617 - EnhancedCBTCollector - INFO - Collected high-quality content from https://www.nhs.uk/mental-health/talking-therapies-medicine-treatments/medicines-and-psychiatry/psychiatry/ (Score: 65)
2025-07-27 13:12:35,631 - EnhancedCBTCollector - INFO - Starting enhanced collection from nhs_cbt: https://www.nhs.uk/mental-health/talking-therapies-medicine-treatments/
2025-07-27 13:12:35,723 - EnhancedCBTCollector - WARNING - Content from https://www.nhs.uk/mental-health/talking-therapies-medicine-treatments/ failed quality assessment (Score: 20)
2025-07-27 13:12:37,726 - EnhancedCBTCollector - INFO - Starting enhanced collection from nhs_cbt: https://www.nhs.uk/mental-health/talking-therapies-medicine-treatments/talking-therapies-and-counselling/nhs-talking-therapies/
2025-07-27 13:12:37,771 - EnhancedCBTCollector - ERROR - Failed to collect from https://www.nhs.uk/mental-health/talking-therapies-medicine-treatments/talking-therapies-and-counselling/nhs-talking-therapies/: maximum recursion depth exceeded while calling a Python object
2025-07-27 13:12:39,784 - EnhancedCBTCollector - INFO - Starting enhanced collection from nhs_cbt: https://www.nhs.uk/mental-health/talking-therapies-medicine-treatments/talking-therapies-and-counselling/
2025-07-27 13:12:39,807 - EnhancedCBTCollector - ERROR - Failed to collect from https://www.nhs.uk/mental-health/talking-therapies-medicine-treatments/talking-therapies-and-counselling/: maximum recursion depth exceeded while calling a Python object
2025-07-27 13:12:41,823 - EnhancedCBTCollector - INFO - Starting enhanced collection from nhs_cbt: https://www.nhs.uk/mental-health/talking-therapies-medicine-treatments/medicines-and-psychiatry/
2025-07-27 13:12:41,843 - EnhancedCBTCollector - ERROR - Failed to collect from https://www.nhs.uk/mental-health/talking-therapies-medicine-treatments/medicines-and-psychiatry/: maximum recursion depth exceeded while calling a Python object
2025-07-27 13:12:43,848 - EnhancedCBTCollector - INFO - Starting enhanced collection from nhs_cbt: https://www.nhs.uk/mental-health/talking-therapies-medicine-treatments/medicines-and-psychiatry/
2025-07-27 13:12:43,883 - EnhancedCBTCollector - WARNING - Content from https://www.nhs.uk/mental-health/talking-therapies-medicine-treatments/medicines-and-psychiatry/ failed quality assessment (Score: 20)
2025-07-27 13:12:45,889 - EnhancedCBTCollector - INFO - Starting enhanced collection from nhs_cbt: https://www.nhs.uk/mental-health/talking-therapies-medicine-treatments/
2025-07-27 13:12:45,934 - EnhancedCBTCollector - ERROR - Failed to collect from https://www.nhs.uk/mental-health/talking-therapies-medicine-treatments/: maximum recursion depth exceeded while calling a Python object
2025-07-27 13:12:47,949 - EnhancedCBTCollector - INFO - Starting enhanced collection from nhs_cbt: https://www.nhs.uk/mental-health/talking-therapies-medicine-treatments/medicines-and-psychiatry/psychiatry/
2025-07-27 13:12:47,969 - EnhancedCBTCollector - ERROR - Failed to collect from https://www.nhs.uk/mental-health/talking-therapies-medicine-treatments/medicines-and-psychiatry/psychiatry/: maximum recursion depth exceeded while calling a Python object
2025-07-27 13:12:49,975 - EnhancedCBTCollector - INFO - Starting enhanced collection from nhs_cbt: https://www.nhs.uk/mental-health/talking-therapies-medicine-treatments/medicines-and-psychiatry/
2025-07-27 13:12:50,005 - EnhancedCBTCollector - WARNING - Content from https://www.nhs.uk/mental-health/talking-therapies-medicine-treatments/medicines-and-psychiatry/ failed quality assessment (Score: 20)
2025-07-27 13:12:52,013 - EnhancedCBTCollector - INFO - Starting enhanced collection from nhs_cbt: https://www.nhs.uk/mental-health/talking-therapies-medicine-treatments/
2025-07-27 13:12:52,042 - EnhancedCBTCollector - WARNING - Content from https://www.nhs.uk/mental-health/talking-therapies-medicine-treatments/ failed quality assessment (Score: 20)
2025-07-27 13:12:54,053 - EnhancedCBTCollector - INFO - Starting enhanced collection from nhs_cbt: https://www.nhs.uk/mental-health/talking-therapies-medicine-treatments/talking-therapies-and-counselling/nhs-talking-therapies/
2025-07-27 13:12:54,125 - EnhancedCBTCollector - INFO - Collected high-quality content from https://www.nhs.uk/mental-health/talking-therapies-medicine-treatments/talking-therapies-and-counselling/nhs-talking-therapies/ (Score: 70)
2025-07-27 13:12:56,137 - EnhancedCBTCollector - INFO - Starting enhanced collection from nhs_cbt: https://www.nhs.uk/mental-health/talking-therapies-medicine-treatments/
2025-07-27 13:12:56,194 - EnhancedCBTCollector - WARNING - Content from https://www.nhs.uk/mental-health/talking-therapies-medicine-treatments/ failed quality assessment (Score: 20)
2025-07-27 13:12:58,209 - EnhancedCBTCollector - INFO - Starting enhanced collection from nhs_cbt: https://www.nhs.uk/mental-health/talking-therapies-medicine-treatments/talking-therapies-and-counselling/nhs-talking-therapies/
2025-07-27 13:12:58,230 - EnhancedCBTCollector - ERROR - Failed to collect from https://www.nhs.uk/mental-health/talking-therapies-medicine-treatments/talking-therapies-and-counselling/nhs-talking-therapies/: maximum recursion depth exceeded while calling a Python object
2025-07-27 13:13:00,236 - EnhancedCBTCollector - INFO - Starting enhanced collection from nhs_cbt: https://www.nhs.uk/mental-health/talking-therapies-medicine-treatments/talking-therapies-and-counselling/
2025-07-27 13:13:00,282 - EnhancedCBTCollector - ERROR - Failed to collect from https://www.nhs.uk/mental-health/talking-therapies-medicine-treatments/talking-therapies-and-counselling/: maximum recursion depth exceeded while calling a Python object
2025-07-27 13:13:02,294 - EnhancedCBTCollector - INFO - Starting enhanced collection from nhs_cbt: https://www.nhs.uk/mental-health/talking-therapies-medicine-treatments/medicines-and-psychiatry/
2025-07-27 13:13:02,315 - EnhancedCBTCollector - ERROR - Failed to collect from https://www.nhs.uk/mental-health/talking-therapies-medicine-treatments/medicines-and-psychiatry/: maximum recursion depth exceeded while calling a Python object
2025-07-27 13:13:04,318 - EnhancedCBTCollector - INFO - Starting enhanced collection from nhs_cbt: https://www.nhs.uk/mental-health/talking-therapies-medicine-treatments/talking-therapies-and-counselling/
2025-07-27 13:13:04,346 - EnhancedCBTCollector - WARNING - Content from https://www.nhs.uk/mental-health/talking-therapies-medicine-treatments/talking-therapies-and-counselling/ failed quality assessment (Score: 50)
2025-07-27 13:13:06,356 - EnhancedCBTCollector - INFO - Starting enhanced collection from nhs_cbt: https://www.nhs.uk/mental-health/talking-therapies-medicine-treatments/
2025-07-27 13:13:06,384 - EnhancedCBTCollector - ERROR - Failed to collect from https://www.nhs.uk/mental-health/talking-therapies-medicine-treatments/: maximum recursion depth exceeded while calling a Python object
2025-07-27 13:13:08,393 - EnhancedCBTCollector - INFO - Starting enhanced collection from nhs_cbt: https://www.nhs.uk/mental-health/talking-therapies-medicine-treatments/talking-therapies-and-counselling/benefits-of-talking-therapies/
2025-07-27 13:13:08,423 - EnhancedCBTCollector - ERROR - Failed to collect from https://www.nhs.uk/mental-health/talking-therapies-medicine-treatments/talking-therapies-and-counselling/benefits-of-talking-therapies/: maximum recursion depth exceeded while calling a Python object
2025-07-27 13:13:10,436 - EnhancedCBTCollector - INFO - Starting enhanced collection from nhs_cbt: https://www.nhs.uk/mental-health/talking-therapies-medicine-treatments/talking-therapies-and-counselling/
2025-07-27 13:13:10,465 - EnhancedCBTCollector - WARNING - Content from https://www.nhs.uk/mental-health/talking-therapies-medicine-treatments/talking-therapies-and-counselling/ failed quality assessment (Score: 50)
2025-07-27 13:13:12,470 - EnhancedCBTCollector - INFO - Starting enhanced collection from nhs_cbt: https://www.nhs.uk/mental-health/talking-therapies-medicine-treatments/
2025-07-27 13:13:12,501 - EnhancedCBTCollector - WARNING - Content from https://www.nhs.uk/mental-health/talking-therapies-medicine-treatments/ failed quality assessment (Score: 20)
2025-07-27 13:13:14,514 - EnhancedCBTCollector - INFO - Starting enhanced collection from nhs_cbt: https://www.nhs.uk/mental-health/talking-therapies-medicine-treatments/talking-therapies-and-counselling/nhs-talking-therapies/
2025-07-27 13:13:14,545 - EnhancedCBTCollector - ERROR - Failed to collect from https://www.nhs.uk/mental-health/talking-therapies-medicine-treatments/talking-therapies-and-counselling/nhs-talking-therapies/: maximum recursion depth exceeded while calling a Python object
2025-07-27 13:13:16,552 - EnhancedCBTCollector - INFO - Starting enhanced collection from nhs_cbt: https://www.nhs.uk/mental-health/talking-therapies-medicine-treatments/talking-therapies-and-counselling/
2025-07-27 13:13:16,597 - EnhancedCBTCollector - ERROR - Failed to collect from https://www.nhs.uk/mental-health/talking-therapies-medicine-treatments/talking-therapies-and-counselling/: maximum recursion depth exceeded while calling a Python object
2025-07-27 13:13:18,610 - EnhancedCBTCollector - INFO - Starting enhanced collection from nhs_cbt: https://www.nhs.uk/mental-health/talking-therapies-medicine-treatments/medicines-and-psychiatry/
2025-07-27 13:13:18,630 - EnhancedCBTCollector - ERROR - Failed to collect from https://www.nhs.uk/mental-health/talking-therapies-medicine-treatments/medicines-and-psychiatry/: maximum recursion depth exceeded while calling a Python object
2025-07-27 13:13:20,641 - EnhancedCBTCollector - INFO - Starting enhanced collection from nhs_cbt: https://www.nhs.uk/mental-health/talking-therapies-medicine-treatments/talking-therapies-and-counselling/benefits-of-talking-therapies/
2025-07-27 13:13:20,673 - EnhancedCBTCollector - WARNING - Content from https://www.nhs.uk/mental-health/talking-therapies-medicine-treatments/talking-therapies-and-counselling/benefits-of-talking-therapies/ failed quality assessment (Score: 45)
2025-07-27 13:13:22,680 - EnhancedCBTCollector - INFO - Starting enhanced collection from nhs_cbt: https://www.nhs.uk/mental-health/talking-therapies-medicine-treatments/
2025-07-27 13:13:22,701 - EnhancedCBTCollector - ERROR - Failed to collect from https://www.nhs.uk/mental-health/talking-therapies-medicine-treatments/: maximum recursion depth exceeded while calling a Python object
2025-07-27 13:13:24,701 - EnhancedCBTCollector - INFO - Starting enhanced collection from nhs_cbt: https://www.nhs.uk/mental-health/talking-therapies-medicine-treatments/talking-therapies-and-counselling/
2025-07-27 13:13:24,723 - EnhancedCBTCollector - ERROR - Failed to collect from https://www.nhs.uk/mental-health/talking-therapies-medicine-treatments/talking-therapies-and-counselling/: maximum recursion depth exceeded while calling a Python object
2025-07-27 13:13:26,729 - EnhancedCBTCollector - INFO - Starting enhanced collection from nhs_cbt: https://www.nhs.uk/mental-health/talking-therapies-medicine-treatments/medicines-and-psychiatry/
2025-07-27 13:13:26,764 - EnhancedCBTCollector - WARNING - Content from https://www.nhs.uk/mental-health/talking-therapies-medicine-treatments/medicines-and-psychiatry/ failed quality assessment (Score: 20)
2025-07-27 13:13:28,769 - EnhancedCBTCollector - INFO - Starting enhanced collection from nhs_cbt: https://www.nhs.uk/mental-health/talking-therapies-medicine-treatments/
2025-07-27 13:13:28,805 - EnhancedCBTCollector - WARNING - Content from https://www.nhs.uk/mental-health/talking-therapies-medicine-treatments/ failed quality assessment (Score: 20)
2025-07-27 13:13:30,819 - EnhancedCBTCollector - INFO - Starting enhanced collection from nhs_cbt: https://www.nhs.uk/mental-health/talking-therapies-medicine-treatments/talking-therapies-and-counselling/nhs-talking-therapies/
2025-07-27 13:13:30,843 - EnhancedCBTCollector - ERROR - Failed to collect from https://www.nhs.uk/mental-health/talking-therapies-medicine-treatments/talking-therapies-and-counselling/nhs-talking-therapies/: maximum recursion depth exceeded while calling a Python object
2025-07-27 13:13:32,861 - EnhancedCBTCollector - INFO - Starting enhanced collection from nhs_cbt: https://www.nhs.uk/mental-health/talking-therapies-medicine-treatments/talking-therapies-and-counselling/
2025-07-27 13:13:32,907 - EnhancedCBTCollector - ERROR - Failed to collect from https://www.nhs.uk/mental-health/talking-therapies-medicine-treatments/talking-therapies-and-counselling/: maximum recursion depth exceeded while calling a Python object
2025-07-27 13:13:34,916 - EnhancedCBTCollector - INFO - Starting enhanced collection from nhs_cbt: https://www.nhs.uk/mental-health/talking-therapies-medicine-treatments/medicines-and-psychiatry/
2025-07-27 13:13:34,937 - EnhancedCBTCollector - ERROR - Failed to collect from https://www.nhs.uk/mental-health/talking-therapies-medicine-treatments/medicines-and-psychiatry/: maximum recursion depth exceeded while calling a Python object
2025-07-27 13:13:36,940 - EnhancedCBTCollector - INFO - Starting enhanced collection from nhs_cbt: https://www.nhs.uk/mental-health/talking-therapies-medicine-treatments/medicines-and-psychiatry/psychiatry/
2025-07-27 13:13:36,976 - EnhancedCBTCollector - INFO - Collected high-quality content from https://www.nhs.uk/mental-health/talking-therapies-medicine-treatments/medicines-and-psychiatry/psychiatry/ (Score: 65)
2025-07-27 13:13:38,982 - EnhancedCBTCollector - INFO - Starting enhanced collection from nhs_cbt: https://www.nhs.uk/mental-health/talking-therapies-medicine-treatments/
2025-07-27 13:13:39,005 - EnhancedCBTCollector - ERROR - Failed to collect from https://www.nhs.uk/mental-health/talking-therapies-medicine-treatments/: maximum recursion depth exceeded while calling a Python object
2025-07-27 13:13:41,019 - EnhancedCBTCollector - INFO - Starting enhanced collection from nhs_cbt: https://www.nhs.uk/mental-health/talking-therapies-medicine-treatments/medicines-and-psychiatry/
2025-07-27 13:13:41,039 - EnhancedCBTCollector - ERROR - Failed to collect from https://www.nhs.uk/mental-health/talking-therapies-medicine-treatments/medicines-and-psychiatry/: maximum recursion depth exceeded while calling a Python object
2025-07-27 13:13:43,040 - EnhancedCBTCollector - INFO - Starting enhanced collection from nhs_cbt: https://www.nhs.uk/mental-health/talking-therapies-medicine-treatments/medicines-and-psychiatry/psychiatry/
2025-07-27 13:13:43,096 - EnhancedCBTCollector - INFO - Collected high-quality content from https://www.nhs.uk/mental-health/talking-therapies-medicine-treatments/medicines-and-psychiatry/psychiatry/ (Score: 65)
2025-07-27 13:13:45,112 - EnhancedCBTCollector - INFO - Starting enhanced collection from nhs_cbt: https://www.nhs.uk/mental-health/talking-therapies-medicine-treatments/
2025-07-27 13:13:45,142 - EnhancedCBTCollector - WARNING - Content from https://www.nhs.uk/mental-health/talking-therapies-medicine-treatments/ failed quality assessment (Score: 20)
2025-07-27 13:13:47,153 - EnhancedCBTCollector - INFO - Starting enhanced collection from nhs_cbt: https://www.nhs.uk/mental-health/talking-therapies-medicine-treatments/talking-therapies-and-counselling/nhs-talking-therapies/
2025-07-27 13:13:47,192 - EnhancedCBTCollector - INFO - Collected high-quality content from https://www.nhs.uk/mental-health/talking-therapies-medicine-treatments/talking-therapies-and-counselling/nhs-talking-therapies/ (Score: 70)
2025-07-27 13:13:49,206 - EnhancedCBTCollector - INFO - Starting enhanced collection from nhs_cbt: https://www.nhs.uk/mental-health/talking-therapies-medicine-treatments/
2025-07-27 13:13:49,251 - EnhancedCBTCollector - ERROR - Failed to collect from https://www.nhs.uk/mental-health/talking-therapies-medicine-treatments/: maximum recursion depth exceeded while calling a Python object
2025-07-27 13:13:51,262 - EnhancedCBTCollector - INFO - Starting enhanced collection from nhs_cbt: https://www.nhs.uk/mental-health/talking-therapies-medicine-treatments/talking-therapies-and-counselling/
2025-07-27 13:13:51,290 - EnhancedCBTCollector - ERROR - Failed to collect from https://www.nhs.uk/mental-health/talking-therapies-medicine-treatments/talking-therapies-and-counselling/: maximum recursion depth exceeded while calling a Python object
2025-07-27 13:13:53,295 - EnhancedCBTCollector - INFO - Starting enhanced collection from nhs_cbt: https://www.nhs.uk/mental-health/talking-therapies-medicine-treatments/talking-therapies-and-counselling/
2025-07-27 13:13:53,349 - EnhancedCBTCollector - WARNING - Content from https://www.nhs.uk/mental-health/talking-therapies-medicine-treatments/talking-therapies-and-counselling/ failed quality assessment (Score: 50)
2025-07-27 13:13:55,363 - EnhancedCBTCollector - INFO - Starting enhanced collection from nhs_cbt: https://www.nhs.uk/mental-health/talking-therapies-medicine-treatments/
2025-07-27 13:13:55,384 - EnhancedCBTCollector - ERROR - Failed to collect from https://www.nhs.uk/mental-health/talking-therapies-medicine-treatments/: maximum recursion depth exceeded while calling a Python object
2025-07-27 13:13:57,385 - EnhancedCBTCollector - INFO - Starting enhanced collection from nhs_cbt: https://www.nhs.uk/mental-health/talking-therapies-medicine-treatments/talking-therapies-and-counselling/benefits-of-talking-therapies/
2025-07-27 13:13:57,406 - EnhancedCBTCollector - ERROR - Failed to collect from https://www.nhs.uk/mental-health/talking-therapies-medicine-treatments/talking-therapies-and-counselling/benefits-of-talking-therapies/: maximum recursion depth exceeded while calling a Python object
2025-07-27 13:13:59,410 - EnhancedCBTCollector - INFO - Starting enhanced collection from nhs_cbt: https://www.nhs.uk/mental-health/talking-therapies-medicine-treatments/medicines-and-psychiatry/
2025-07-27 13:13:59,480 - EnhancedCBTCollector - WARNING - Content from https://www.nhs.uk/mental-health/talking-therapies-medicine-treatments/medicines-and-psychiatry/ failed quality assessment (Score: 20)
2025-07-27 13:14:01,486 - EnhancedCBTCollector - INFO - Starting enhanced collection from nhs_cbt: https://www.nhs.uk/mental-health/talking-therapies-medicine-treatments/
2025-07-27 13:14:01,507 - EnhancedCBTCollector - ERROR - Failed to collect from https://www.nhs.uk/mental-health/talking-therapies-medicine-treatments/: maximum recursion depth exceeded while calling a Python object
2025-07-27 13:14:03,523 - EnhancedCBTCollector - INFO - Starting enhanced collection from nhs_cbt: https://www.nhs.uk/mental-health/talking-therapies-medicine-treatments/medicines-and-psychiatry/psychiatry/
2025-07-27 13:14:03,545 - EnhancedCBTCollector - ERROR - Failed to collect from https://www.nhs.uk/mental-health/talking-therapies-medicine-treatments/medicines-and-psychiatry/psychiatry/: maximum recursion depth exceeded while calling a Python object
2025-07-27 13:14:05,548 - EnhancedCBTCollector - INFO - Starting enhanced collection from nhs_cbt: https://www.nhs.uk/mental-health/talking-therapies-medicine-treatments/medicines-and-psychiatry/
2025-07-27 13:14:05,592 - EnhancedCBTCollector - WARNING - Content from https://www.nhs.uk/mental-health/talking-therapies-medicine-treatments/medicines-and-psychiatry/ failed quality assessment (Score: 20)
2025-07-27 13:14:07,603 - EnhancedCBTCollector - INFO - Starting enhanced collection from nhs_cbt: https://www.nhs.uk/mental-health/talking-therapies-medicine-treatments/
2025-07-27 13:14:07,634 - EnhancedCBTCollector - WARNING - Content from https://www.nhs.uk/mental-health/talking-therapies-medicine-treatments/ failed quality assessment (Score: 20)
2025-07-27 13:14:09,649 - EnhancedCBTCollector - INFO - Starting enhanced collection from nhs_cbt: https://www.nhs.uk/mental-health/talking-therapies-medicine-treatments/talking-therapies-and-counselling/nhs-talking-therapies/
2025-07-27 13:14:09,676 - EnhancedCBTCollector - ERROR - Failed to collect from https://www.nhs.uk/mental-health/talking-therapies-medicine-treatments/talking-therapies-and-counselling/nhs-talking-therapies/: maximum recursion depth exceeded while calling a Python object
2025-07-27 13:14:11,688 - EnhancedCBTCollector - INFO - Starting enhanced collection from nhs_cbt: https://www.nhs.uk/mental-health/talking-therapies-medicine-treatments/talking-therapies-and-counselling/
2025-07-27 13:14:11,713 - EnhancedCBTCollector - ERROR - Failed to collect from https://www.nhs.uk/mental-health/talking-therapies-medicine-treatments/talking-therapies-and-counselling/: maximum recursion depth exceeded while calling a Python object
2025-07-27 13:14:13,716 - EnhancedCBTCollector - INFO - Starting enhanced collection from nhs_cbt: https://www.nhs.uk/mental-health/talking-therapies-medicine-treatments/medicines-and-psychiatry/
2025-07-27 13:14:13,761 - EnhancedCBTCollector - ERROR - Failed to collect from https://www.nhs.uk/mental-health/talking-therapies-medicine-treatments/medicines-and-psychiatry/: maximum recursion depth exceeded while calling a Python object
2025-07-27 13:14:15,776 - EnhancedCBTCollector - INFO - Starting enhanced collection from nhs_cbt: https://www.nhs.uk/mental-health/talking-therapies-medicine-treatments/medicines-and-psychiatry/psychiatry/
2025-07-27 13:14:15,832 - EnhancedCBTCollector - INFO - Collected high-quality content from https://www.nhs.uk/mental-health/talking-therapies-medicine-treatments/medicines-and-psychiatry/psychiatry/ (Score: 65)
2025-07-27 13:14:17,843 - EnhancedCBTCollector - INFO - Starting enhanced collection from nhs_cbt: https://www.nhs.uk/mental-health/talking-therapies-medicine-treatments/
2025-07-27 13:14:17,864 - EnhancedCBTCollector - ERROR - Failed to collect from https://www.nhs.uk/mental-health/talking-therapies-medicine-treatments/: maximum recursion depth exceeded while calling a Python object
2025-07-27 13:14:19,873 - EnhancedCBTCollector - INFO - Starting enhanced collection from nhs_cbt: https://www.nhs.uk/mental-health/talking-therapies-medicine-treatments/medicines-and-psychiatry/
2025-07-27 13:14:19,919 - EnhancedCBTCollector - ERROR - Failed to collect from https://www.nhs.uk/mental-health/talking-therapies-medicine-treatments/medicines-and-psychiatry/: maximum recursion depth exceeded while calling a Python object
2025-07-27 13:14:21,923 - EnhancedCBTCollector - INFO - Starting enhanced collection from nhs_cbt: https://www.nhs.uk/mental-health/talking-therapies-medicine-treatments/talking-therapies-and-counselling/
2025-07-27 13:14:21,951 - EnhancedCBTCollector - WARNING - Content from https://www.nhs.uk/mental-health/talking-therapies-medicine-treatments/talking-therapies-and-counselling/ failed quality assessment (Score: 50)
2025-07-27 13:14:23,953 - EnhancedCBTCollector - INFO - Starting enhanced collection from nhs_cbt: https://www.nhs.uk/mental-health/talking-therapies-medicine-treatments/
2025-07-27 13:14:24,008 - EnhancedCBTCollector - WARNING - Content from https://www.nhs.uk/mental-health/talking-therapies-medicine-treatments/ failed quality assessment (Score: 20)
2025-07-27 13:14:26,014 - EnhancedCBTCollector - INFO - Starting enhanced collection from nhs_cbt: https://www.nhs.uk/mental-health/talking-therapies-medicine-treatments/talking-therapies-and-counselling/nhs-talking-therapies/
2025-07-27 13:14:26,046 - EnhancedCBTCollector - INFO - Collected high-quality content from https://www.nhs.uk/mental-health/talking-therapies-medicine-treatments/talking-therapies-and-counselling/nhs-talking-therapies/ (Score: 70)
2025-07-27 13:14:28,061 - EnhancedCBTCollector - INFO - Starting enhanced collection from nhs_cbt: https://www.nhs.uk/mental-health/talking-therapies-medicine-treatments/
2025-07-27 13:14:28,099 - EnhancedCBTCollector - WARNING - Content from https://www.nhs.uk/mental-health/talking-therapies-medicine-treatments/ failed quality assessment (Score: 20)
2025-07-27 13:14:30,103 - EnhancedCBTCollector - INFO - Starting enhanced collection from nhs_cbt: https://www.nhs.uk/mental-health/talking-therapies-medicine-treatments/talking-therapies-and-counselling/nhs-talking-therapies/
2025-07-27 13:14:30,140 - EnhancedCBTCollector - INFO - Collected high-quality content from https://www.nhs.uk/mental-health/talking-therapies-medicine-treatments/talking-therapies-and-counselling/nhs-talking-therapies/ (Score: 70)
2025-07-27 13:14:32,146 - EnhancedCBTCollector - INFO - Starting enhanced collection from nhs_cbt: https://www.nhs.uk/mental-health/talking-therapies-medicine-treatments/
2025-07-27 13:14:32,187 - EnhancedCBTCollector - WARNING - Content from https://www.nhs.uk/mental-health/talking-therapies-medicine-treatments/ failed quality assessment (Score: 20)
2025-07-27 13:14:34,199 - EnhancedCBTCollector - INFO - Starting enhanced collection from nhs_cbt: https://www.nhs.uk/mental-health/talking-therapies-medicine-treatments/talking-therapies-and-counselling/nhs-talking-therapies/
2025-07-27 13:14:34,236 - EnhancedCBTCollector - INFO - Collected high-quality content from https://www.nhs.uk/mental-health/talking-therapies-medicine-treatments/talking-therapies-and-counselling/nhs-talking-therapies/ (Score: 70)
2025-07-27 13:14:36,240 - EnhancedCBTCollector - INFO - Starting enhanced collection from nhs_cbt: https://www.nhs.uk/mental-health/talking-therapies-medicine-treatments/
2025-07-27 13:14:36,274 - EnhancedCBTCollector - ERROR - Failed to collect from https://www.nhs.uk/mental-health/talking-therapies-medicine-treatments/: maximum recursion depth exceeded while calling a Python object
2025-07-27 13:14:38,274 - EnhancedCBTCollector - INFO - Starting enhanced collection from nhs_cbt: https://www.nhs.uk/mental-health/talking-therapies-medicine-treatments/talking-therapies-and-counselling/
2025-07-27 13:14:38,297 - EnhancedCBTCollector - ERROR - Failed to collect from https://www.nhs.uk/mental-health/talking-therapies-medicine-treatments/talking-therapies-and-counselling/: maximum recursion depth exceeded while calling a Python object
2025-07-27 13:14:40,303 - EnhancedCBTCollector - INFO - Starting enhanced collection from nhs_cbt: https://www.nhs.uk/mental-health/talking-therapies-medicine-treatments/talking-therapies-and-counselling/
2025-07-27 13:14:40,350 - EnhancedCBTCollector - WARNING - Content from https://www.nhs.uk/mental-health/talking-therapies-medicine-treatments/talking-therapies-and-counselling/ failed quality assessment (Score: 50)
2025-07-27 13:14:42,360 - EnhancedCBTCollector - INFO - Starting enhanced collection from nhs_cbt: https://www.nhs.uk/mental-health/talking-therapies-medicine-treatments/
2025-07-27 13:14:42,380 - EnhancedCBTCollector - ERROR - Failed to collect from https://www.nhs.uk/mental-health/talking-therapies-medicine-treatments/: maximum recursion depth exceeded while calling a Python object
2025-07-27 13:14:44,392 - EnhancedCBTCollector - INFO - Starting enhanced collection from nhs_cbt: https://www.nhs.uk/mental-health/talking-therapies-medicine-treatments/talking-therapies-and-counselling/benefits-of-talking-therapies/
2025-07-27 13:14:44,414 - EnhancedCBTCollector - ERROR - Failed to collect from https://www.nhs.uk/mental-health/talking-therapies-medicine-treatments/talking-therapies-and-counselling/benefits-of-talking-therapies/: maximum recursion depth exceeded while calling a Python object
2025-07-27 13:14:46,419 - EnhancedCBTCollector - INFO - Starting enhanced collection from nhs_cbt: https://www.nhs.uk/mental-health/talking-therapies-medicine-treatments/medicines-and-psychiatry/
2025-07-27 13:14:46,450 - EnhancedCBTCollector - WARNING - Content from https://www.nhs.uk/mental-health/talking-therapies-medicine-treatments/medicines-and-psychiatry/ failed quality assessment (Score: 20)
2025-07-27 13:14:48,457 - EnhancedCBTCollector - INFO - Starting enhanced collection from nhs_cbt: https://www.nhs.uk/mental-health/talking-therapies-medicine-treatments/
2025-07-27 13:14:48,503 - EnhancedCBTCollector - ERROR - Failed to collect from https://www.nhs.uk/mental-health/talking-therapies-medicine-treatments/: maximum recursion depth exceeded while calling a Python object
2025-07-27 13:14:50,508 - EnhancedCBTCollector - INFO - Starting enhanced collection from nhs_cbt: https://www.nhs.uk/mental-health/talking-therapies-medicine-treatments/medicines-and-psychiatry/psychiatry/
2025-07-27 13:14:50,529 - EnhancedCBTCollector - ERROR - Failed to collect from https://www.nhs.uk/mental-health/talking-therapies-medicine-treatments/medicines-and-psychiatry/psychiatry/: maximum recursion depth exceeded while calling a Python object
2025-07-27 13:14:52,530 - EnhancedCBTCollector - INFO - Starting enhanced collection from nhs_cbt: https://www.nhs.uk/mental-health/talking-therapies-medicine-treatments/talking-therapies-and-counselling/
2025-07-27 13:14:52,559 - EnhancedCBTCollector - WARNING - Content from https://www.nhs.uk/mental-health/talking-therapies-medicine-treatments/talking-therapies-and-counselling/ failed quality assessment (Score: 50)
2025-07-27 13:14:54,571 - EnhancedCBTCollector - INFO - Starting enhanced collection from nhs_cbt: https://www.nhs.uk/mental-health/talking-therapies-medicine-treatments/
2025-07-27 13:14:54,637 - EnhancedCBTCollector - WARNING - Content from https://www.nhs.uk/mental-health/talking-therapies-medicine-treatments/ failed quality assessment (Score: 20)
2025-07-27 13:14:56,650 - EnhancedCBTCollector - INFO - Starting enhanced collection from nhs_cbt: https://www.nhs.uk/mental-health/talking-therapies-medicine-treatments/talking-therapies-and-counselling/nhs-talking-therapies/
2025-07-27 13:14:56,678 - EnhancedCBTCollector - ERROR - Failed to collect from https://www.nhs.uk/mental-health/talking-therapies-medicine-treatments/talking-therapies-and-counselling/nhs-talking-therapies/: maximum recursion depth exceeded while calling a Python object
2025-07-27 13:14:58,693 - EnhancedCBTCollector - INFO - Starting enhanced collection from nhs_cbt: https://www.nhs.uk/mental-health/talking-therapies-medicine-treatments/talking-therapies-and-counselling/
2025-07-27 13:14:58,714 - EnhancedCBTCollector - ERROR - Failed to collect from https://www.nhs.uk/mental-health/talking-therapies-medicine-treatments/talking-therapies-and-counselling/: maximum recursion depth exceeded while calling a Python object
2025-07-27 13:15:00,717 - EnhancedCBTCollector - INFO - Starting enhanced collection from nhs_cbt: https://www.nhs.uk/mental-health/talking-therapies-medicine-treatments/medicines-and-psychiatry/
2025-07-27 13:15:00,738 - EnhancedCBTCollector - ERROR - Failed to collect from https://www.nhs.uk/mental-health/talking-therapies-medicine-treatments/medicines-and-psychiatry/: maximum recursion depth exceeded while calling a Python object
2025-07-27 13:15:02,740 - EnhancedCBTCollector - INFO - Starting enhanced collection from nhs_cbt: https://www.nhs.uk/mental-health/talking-therapies-medicine-treatments/talking-therapies-and-counselling/benefits-of-talking-therapies/
2025-07-27 13:15:02,776 - EnhancedCBTCollector - WARNING - Content from https://www.nhs.uk/mental-health/talking-therapies-medicine-treatments/talking-therapies-and-counselling/benefits-of-talking-therapies/ failed quality assessment (Score: 45)
2025-07-27 13:15:04,783 - EnhancedCBTCollector - INFO - Starting enhanced collection from nhs_cbt: https://www.nhs.uk/mental-health/talking-therapies-medicine-treatments/
2025-07-27 13:15:04,828 - EnhancedCBTCollector - ERROR - Failed to collect from https://www.nhs.uk/mental-health/talking-therapies-medicine-treatments/: maximum recursion depth exceeded while calling a Python object
2025-07-27 13:15:06,836 - EnhancedCBTCollector - INFO - Starting enhanced collection from nhs_cbt: https://www.nhs.uk/mental-health/talking-therapies-medicine-treatments/talking-therapies-and-counselling/
2025-07-27 13:15:06,857 - EnhancedCBTCollector - ERROR - Failed to collect from https://www.nhs.uk/mental-health/talking-therapies-medicine-treatments/talking-therapies-and-counselling/: maximum recursion depth exceeded while calling a Python object
2025-07-27 13:15:08,861 - EnhancedCBTCollector - INFO - Starting enhanced collection from nhs_cbt: https://www.nhs.uk/mental-health/talking-therapies-medicine-treatments/talking-therapies-and-counselling/
2025-07-27 13:15:08,903 - EnhancedCBTCollector - WARNING - Content from https://www.nhs.uk/mental-health/talking-therapies-medicine-treatments/talking-therapies-and-counselling/ failed quality assessment (Score: 50)
2025-07-27 13:15:10,912 - EnhancedCBTCollector - INFO - Starting enhanced collection from nhs_cbt: https://www.nhs.uk/mental-health/talking-therapies-medicine-treatments/
2025-07-27 13:15:10,939 - EnhancedCBTCollector - WARNING - Content from https://www.nhs.uk/mental-health/talking-therapies-medicine-treatments/ failed quality assessment (Score: 20)
2025-07-27 13:15:12,944 - EnhancedCBTCollector - INFO - Starting enhanced collection from nhs_cbt: https://www.nhs.uk/mental-health/talking-therapies-medicine-treatments/talking-therapies-and-counselling/nhs-talking-therapies/
2025-07-27 13:15:12,978 - EnhancedCBTCollector - INFO - Collected high-quality content from https://www.nhs.uk/mental-health/talking-therapies-medicine-treatments/talking-therapies-and-counselling/nhs-talking-therapies/ (Score: 70)
2025-07-27 13:15:14,981 - EnhancedCBTCollector - INFO - Starting enhanced collection from nhs_cbt: https://www.nhs.uk/mental-health/talking-therapies-medicine-treatments/
2025-07-27 13:15:15,037 - EnhancedCBTCollector - ERROR - Failed to collect from https://www.nhs.uk/mental-health/talking-therapies-medicine-treatments/: maximum recursion depth exceeded while calling a Python object
2025-07-27 13:15:17,052 - EnhancedCBTCollector - INFO - Starting enhanced collection from nhs_cbt: https://www.nhs.uk/mental-health/talking-therapies-medicine-treatments/talking-therapies-and-counselling/
2025-07-27 13:15:17,091 - EnhancedCBTCollector - ERROR - Failed to collect from https://www.nhs.uk/mental-health/talking-therapies-medicine-treatments/talking-therapies-and-counselling/: maximum recursion depth exceeded while calling a Python object
2025-07-27 13:15:19,106 - EnhancedCBTCollector - INFO - Starting enhanced collection from nhs_cbt: https://www.nhs.uk/mental-health/talking-therapies-medicine-treatments/talking-therapies-and-counselling/
2025-07-27 13:15:19,143 - EnhancedCBTCollector - WARNING - Content from https://www.nhs.uk/mental-health/talking-therapies-medicine-treatments/talking-therapies-and-counselling/ failed quality assessment (Score: 50)
2025-07-27 13:15:21,160 - EnhancedCBTCollector - INFO - Starting enhanced collection from nhs_cbt: https://www.nhs.uk/mental-health/talking-therapies-medicine-treatments/
2025-07-27 13:15:21,184 - EnhancedCBTCollector - ERROR - Failed to collect from https://www.nhs.uk/mental-health/talking-therapies-medicine-treatments/: maximum recursion depth exceeded while calling a Python object
2025-07-27 13:15:23,197 - EnhancedCBTCollector - INFO - Starting enhanced collection from nhs_cbt: https://www.nhs.uk/mental-health/talking-therapies-medicine-treatments/talking-therapies-and-counselling/benefits-of-talking-therapies/
2025-07-27 13:15:23,217 - EnhancedCBTCollector - ERROR - Failed to collect from https://www.nhs.uk/mental-health/talking-therapies-medicine-treatments/talking-therapies-and-counselling/benefits-of-talking-therapies/: maximum recursion depth exceeded while calling a Python object
2025-07-27 13:15:25,222 - EnhancedCBTCollector - INFO - Starting enhanced collection from nhs_cbt: https://www.nhs.uk/mental-health/talking-therapies-medicine-treatments/medicines-and-psychiatry/
2025-07-27 13:15:25,251 - EnhancedCBTCollector - WARNING - Content from https://www.nhs.uk/mental-health/talking-therapies-medicine-treatments/medicines-and-psychiatry/ failed quality assessment (Score: 20)
2025-07-27 13:15:27,257 - EnhancedCBTCollector - INFO - Starting enhanced collection from nhs_cbt: https://www.nhs.uk/mental-health/talking-therapies-medicine-treatments/
2025-07-27 13:15:27,277 - EnhancedCBTCollector - ERROR - Failed to collect from https://www.nhs.uk/mental-health/talking-therapies-medicine-treatments/: maximum recursion depth exceeded while calling a Python object
2025-07-27 13:15:29,282 - EnhancedCBTCollector - INFO - Starting enhanced collection from nhs_cbt: https://www.nhs.uk/mental-health/talking-therapies-medicine-treatments/medicines-and-psychiatry/psychiatry/
2025-07-27 13:15:29,302 - EnhancedCBTCollector - ERROR - Failed to collect from https://www.nhs.uk/mental-health/talking-therapies-medicine-treatments/medicines-and-psychiatry/psychiatry/: maximum recursion depth exceeded while calling a Python object
2025-07-27 13:15:31,318 - EnhancedCBTCollector - INFO - Starting enhanced collection from nhs_cbt: https://www.nhs.uk/mental-health/talking-therapies-medicine-treatments/talking-therapies-and-counselling/benefits-of-talking-therapies/
2025-07-27 13:15:31,349 - EnhancedCBTCollector - WARNING - Content from https://www.nhs.uk/mental-health/talking-therapies-medicine-treatments/talking-therapies-and-counselling/benefits-of-talking-therapies/ failed quality assessment (Score: 45)
2025-07-27 13:15:33,351 - EnhancedCBTCollector - INFO - Starting enhanced collection from nhs_cbt: https://www.nhs.uk/mental-health/talking-therapies-medicine-treatments/
2025-07-27 13:15:33,384 - EnhancedCBTCollector - WARNING - Content from https://www.nhs.uk/mental-health/talking-therapies-medicine-treatments/ failed quality assessment (Score: 20)
2025-07-27 13:15:35,393 - EnhancedCBTCollector - INFO - Starting enhanced collection from nhs_cbt: https://www.nhs.uk/mental-health/talking-therapies-medicine-treatments/talking-therapies-and-counselling/nhs-talking-therapies/
2025-07-27 13:15:35,413 - EnhancedCBTCollector - ERROR - Failed to collect from https://www.nhs.uk/mental-health/talking-therapies-medicine-treatments/talking-therapies-and-counselling/nhs-talking-therapies/: maximum recursion depth exceeded while calling a Python object
2025-07-27 13:15:37,416 - EnhancedCBTCollector - INFO - Starting enhanced collection from nhs_cbt: https://www.nhs.uk/mental-health/talking-therapies-medicine-treatments/talking-therapies-and-counselling/
2025-07-27 13:15:37,460 - EnhancedCBTCollector - ERROR - Failed to collect from https://www.nhs.uk/mental-health/talking-therapies-medicine-treatments/talking-therapies-and-counselling/: maximum recursion depth exceeded while calling a Python object
2025-07-27 13:15:39,471 - EnhancedCBTCollector - INFO - Starting enhanced collection from nhs_cbt: https://www.nhs.uk/mental-health/talking-therapies-medicine-treatments/medicines-and-psychiatry/
2025-07-27 13:15:39,517 - EnhancedCBTCollector - ERROR - Failed to collect from https://www.nhs.uk/mental-health/talking-therapies-medicine-treatments/medicines-and-psychiatry/: maximum recursion depth exceeded while calling a Python object
2025-07-27 13:15:41,530 - EnhancedCBTCollector - INFO - Starting enhanced collection from nhs_cbt: https://www.nhs.uk/mental-health/talking-therapies-medicine-treatments/talking-therapies-and-counselling/
2025-07-27 13:15:41,558 - EnhancedCBTCollector - WARNING - Content from https://www.nhs.uk/mental-health/talking-therapies-medicine-treatments/talking-therapies-and-counselling/ failed quality assessment (Score: 50)
2025-07-27 13:15:43,568 - EnhancedCBTCollector - INFO - Starting enhanced collection from nhs_cbt: https://www.nhs.uk/mental-health/talking-therapies-medicine-treatments/
2025-07-27 13:15:43,619 - EnhancedCBTCollector - ERROR - Failed to collect from https://www.nhs.uk/mental-health/talking-therapies-medicine-treatments/: maximum recursion depth exceeded while calling a Python object
2025-07-27 13:15:45,633 - EnhancedCBTCollector - INFO - Starting enhanced collection from nhs_cbt: https://www.nhs.uk/mental-health/talking-therapies-medicine-treatments/talking-therapies-and-counselling/benefits-of-talking-therapies/
2025-07-27 13:15:45,652 - EnhancedCBTCollector - ERROR - Failed to collect from https://www.nhs.uk/mental-health/talking-therapies-medicine-treatments/talking-therapies-and-counselling/benefits-of-talking-therapies/: maximum recursion depth exceeded while calling a Python object
2025-07-27 13:15:47,657 - EnhancedCBTCollector - INFO - Starting enhanced collection from nhs_cbt: https://www.nhs.uk/mental-health/talking-therapies-medicine-treatments/medicines-and-psychiatry/
2025-07-27 13:15:47,686 - EnhancedCBTCollector - WARNING - Content from https://www.nhs.uk/mental-health/talking-therapies-medicine-treatments/medicines-and-psychiatry/ failed quality assessment (Score: 20)
2025-07-27 13:15:49,693 - EnhancedCBTCollector - INFO - Starting enhanced collection from nhs_cbt: https://www.nhs.uk/mental-health/talking-therapies-medicine-treatments/
2025-07-27 13:15:49,726 - EnhancedCBTCollector - WARNING - Content from https://www.nhs.uk/mental-health/talking-therapies-medicine-treatments/ failed quality assessment (Score: 20)
2025-07-27 13:15:51,732 - EnhancedCBTCollector - INFO - Starting enhanced collection from nhs_cbt: https://www.nhs.uk/mental-health/talking-therapies-medicine-treatments/talking-therapies-and-counselling/nhs-talking-therapies/
2025-07-27 13:15:51,788 - EnhancedCBTCollector - INFO - Collected high-quality content from https://www.nhs.uk/mental-health/talking-therapies-medicine-treatments/talking-therapies-and-counselling/nhs-talking-therapies/ (Score: 70)
2025-07-27 13:15:53,796 - EnhancedCBTCollector - INFO - Starting enhanced collection from nhs_cbt: https://www.nhs.uk/mental-health/talking-therapies-medicine-treatments/
2025-07-27 13:15:53,826 - EnhancedCBTCollector - ERROR - Failed to collect from https://www.nhs.uk/mental-health/talking-therapies-medicine-treatments/: maximum recursion depth exceeded while calling a Python object
2025-07-27 13:15:55,839 - EnhancedCBTCollector - INFO - Starting enhanced collection from nhs_cbt: https://www.nhs.uk/mental-health/talking-therapies-medicine-treatments/talking-therapies-and-counselling/
2025-07-27 13:15:55,860 - EnhancedCBTCollector - ERROR - Failed to collect from https://www.nhs.uk/mental-health/talking-therapies-medicine-treatments/talking-therapies-and-counselling/: maximum recursion depth exceeded while calling a Python object
2025-07-27 13:15:57,864 - EnhancedCBTCollector - INFO - Starting enhanced collection from nhs_cbt: https://www.nhs.uk/mental-health/talking-therapies-medicine-treatments/talking-therapies-and-counselling/
2025-07-27 13:15:57,893 - EnhancedCBTCollector - WARNING - Content from https://www.nhs.uk/mental-health/talking-therapies-medicine-treatments/talking-therapies-and-counselling/ failed quality assessment (Score: 50)
2025-07-27 13:15:59,899 - EnhancedCBTCollector - INFO - Starting enhanced collection from nhs_cbt: https://www.nhs.uk/mental-health/talking-therapies-medicine-treatments/
2025-07-27 13:15:59,925 - EnhancedCBTCollector - ERROR - Failed to collect from https://www.nhs.uk/mental-health/talking-therapies-medicine-treatments/: maximum recursion depth exceeded while calling a Python object
2025-07-27 13:16:01,940 - EnhancedCBTCollector - INFO - Starting enhanced collection from nhs_cbt: https://www.nhs.uk/mental-health/talking-therapies-medicine-treatments/talking-therapies-and-counselling/benefits-of-talking-therapies/
2025-07-27 13:16:01,987 - EnhancedCBTCollector - ERROR - Failed to collect from https://www.nhs.uk/mental-health/talking-therapies-medicine-treatments/talking-therapies-and-counselling/benefits-of-talking-therapies/: maximum recursion depth exceeded while calling a Python object
2025-07-27 13:16:03,994 - EnhancedCBTCollector - INFO - Starting enhanced collection from nhs_cbt: https://www.nhs.uk/mental-health/talking-therapies-medicine-treatments/medicines-and-psychiatry/
2025-07-27 13:16:04,028 - EnhancedCBTCollector - WARNING - Content from https://www.nhs.uk/mental-health/talking-therapies-medicine-treatments/medicines-and-psychiatry/ failed quality assessment (Score: 20)
2025-07-27 13:16:06,032 - EnhancedCBTCollector - INFO - Starting enhanced collection from nhs_cbt: https://www.nhs.uk/mental-health/talking-therapies-medicine-treatments/
2025-07-27 13:16:06,054 - EnhancedCBTCollector - ERROR - Failed to collect from https://www.nhs.uk/mental-health/talking-therapies-medicine-treatments/: maximum recursion depth exceeded while calling a Python object
2025-07-27 13:16:08,056 - EnhancedCBTCollector - INFO - Starting enhanced collection from nhs_cbt: https://www.nhs.uk/mental-health/talking-therapies-medicine-treatments/medicines-and-psychiatry/psychiatry/
2025-07-27 13:16:08,077 - EnhancedCBTCollector - ERROR - Failed to collect from https://www.nhs.uk/mental-health/talking-therapies-medicine-treatments/medicines-and-psychiatry/psychiatry/: maximum recursion depth exceeded while calling a Python object
2025-07-27 13:16:10,088 - EnhancedCBTCollector - INFO - Starting enhanced collection from nhs_cbt: https://www.nhs.uk/mental-health/talking-therapies-medicine-treatments/medicines-and-psychiatry/psychiatry/
2025-07-27 13:16:10,159 - EnhancedCBTCollector - INFO - Collected high-quality content from https://www.nhs.uk/mental-health/talking-therapies-medicine-treatments/medicines-and-psychiatry/psychiatry/ (Score: 65)
2025-07-27 13:16:12,175 - EnhancedCBTCollector - INFO - Starting enhanced collection from nhs_cbt: https://www.nhs.uk/mental-health/talking-therapies-medicine-treatments/
2025-07-27 13:16:12,211 - EnhancedCBTCollector - WARNING - Content from https://www.nhs.uk/mental-health/talking-therapies-medicine-treatments/ failed quality assessment (Score: 20)
2025-07-27 13:16:14,212 - EnhancedCBTCollector - INFO - Starting enhanced collection from nhs_cbt: https://www.nhs.uk/mental-health/talking-therapies-medicine-treatments/talking-therapies-and-counselling/nhs-talking-therapies/
2025-07-27 13:16:14,233 - EnhancedCBTCollector - ERROR - Failed to collect from https://www.nhs.uk/mental-health/talking-therapies-medicine-treatments/talking-therapies-and-counselling/nhs-talking-therapies/: maximum recursion depth exceeded while calling a Python object
2025-07-27 13:16:16,246 - EnhancedCBTCollector - INFO - Starting enhanced collection from nhs_cbt: https://www.nhs.uk/mental-health/talking-therapies-medicine-treatments/talking-therapies-and-counselling/
2025-07-27 13:16:16,269 - EnhancedCBTCollector - ERROR - Failed to collect from https://www.nhs.uk/mental-health/talking-therapies-medicine-treatments/talking-therapies-and-counselling/: maximum recursion depth exceeded while calling a Python object
2025-07-27 13:16:18,275 - EnhancedCBTCollector - INFO - Starting enhanced collection from nhs_cbt: https://www.nhs.uk/mental-health/talking-therapies-medicine-treatments/medicines-and-psychiatry/
2025-07-27 13:16:18,297 - EnhancedCBTCollector - ERROR - Failed to collect from https://www.nhs.uk/mental-health/talking-therapies-medicine-treatments/medicines-and-psychiatry/: maximum recursion depth exceeded while calling a Python object
2025-07-27 13:16:20,301 - EnhancedCBTCollector - INFO - Starting enhanced collection from nhs_cbt: https://www.nhs.uk/mental-health/talking-therapies-medicine-treatments/medicines-and-psychiatry/
2025-07-27 13:16:20,328 - EnhancedCBTCollector - WARNING - Content from https://www.nhs.uk/mental-health/talking-therapies-medicine-treatments/medicines-and-psychiatry/ failed quality assessment (Score: 20)
2025-07-27 13:16:22,342 - EnhancedCBTCollector - INFO - Starting enhanced collection from nhs_cbt: https://www.nhs.uk/mental-health/talking-therapies-medicine-treatments/
2025-07-27 13:16:22,373 - EnhancedCBTCollector - ERROR - Failed to collect from https://www.nhs.uk/mental-health/talking-therapies-medicine-treatments/: maximum recursion depth exceeded while calling a Python object
2025-07-27 13:16:24,387 - EnhancedCBTCollector - INFO - Starting enhanced collection from nhs_cbt: https://www.nhs.uk/mental-health/talking-therapies-medicine-treatments/medicines-and-psychiatry/psychiatry/
2025-07-27 13:16:24,409 - EnhancedCBTCollector - ERROR - Failed to collect from https://www.nhs.uk/mental-health/talking-therapies-medicine-treatments/medicines-and-psychiatry/psychiatry/: maximum recursion depth exceeded while calling a Python object
2025-07-27 13:16:26,415 - EnhancedCBTCollector - INFO - Starting enhanced collection from nhs_cbt: https://www.nhs.uk/mental-health/talking-therapies-medicine-treatments/talking-therapies-and-counselling/
2025-07-27 13:16:26,447 - EnhancedCBTCollector - WARNING - Content from https://www.nhs.uk/mental-health/talking-therapies-medicine-treatments/talking-therapies-and-counselling/ failed quality assessment (Score: 50)
2025-07-27 13:16:28,452 - EnhancedCBTCollector - INFO - Starting enhanced collection from nhs_cbt: https://www.nhs.uk/mental-health/talking-therapies-medicine-treatments/
2025-07-27 13:16:28,519 - EnhancedCBTCollector - WARNING - Content from https://www.nhs.uk/mental-health/talking-therapies-medicine-treatments/ failed quality assessment (Score: 20)
2025-07-27 13:16:30,522 - EnhancedCBTCollector - INFO - Starting enhanced collection from nhs_cbt: https://www.nhs.uk/mental-health/talking-therapies-medicine-treatments/talking-therapies-and-counselling/nhs-talking-therapies/
2025-07-27 13:16:30,581 - EnhancedCBTCollector - INFO - Collected high-quality content from https://www.nhs.uk/mental-health/talking-therapies-medicine-treatments/talking-therapies-and-counselling/nhs-talking-therapies/ (Score: 70)
2025-07-27 13:16:32,591 - EnhancedCBTCollector - INFO - Starting enhanced collection from nhs_cbt: https://www.nhs.uk/mental-health/talking-therapies-medicine-treatments/
2025-07-27 13:16:32,666 - EnhancedCBTCollector - WARNING - Content from https://www.nhs.uk/mental-health/talking-therapies-medicine-treatments/ failed quality assessment (Score: 20)
2025-07-27 13:16:34,678 - EnhancedCBTCollector - INFO - Starting enhanced collection from nhs_cbt: https://www.nhs.uk/mental-health/talking-therapies-medicine-treatments/talking-therapies-and-counselling/nhs-talking-therapies/
2025-07-27 13:16:34,766 - EnhancedCBTCollector - ERROR - Failed to collect from https://www.nhs.uk/mental-health/talking-therapies-medicine-treatments/talking-therapies-and-counselling/nhs-talking-therapies/: maximum recursion depth exceeded while calling a Python object
2025-07-27 13:16:36,776 - EnhancedCBTCollector - INFO - Starting enhanced collection from nhs_cbt: https://www.nhs.uk/mental-health/talking-therapies-medicine-treatments/talking-therapies-and-counselling/
2025-07-27 13:16:36,798 - EnhancedCBTCollector - ERROR - Failed to collect from https://www.nhs.uk/mental-health/talking-therapies-medicine-treatments/talking-therapies-and-counselling/: maximum recursion depth exceeded while calling a Python object
2025-07-27 13:16:38,808 - EnhancedCBTCollector - INFO - Starting enhanced collection from nhs_cbt: https://www.nhs.uk/mental-health/talking-therapies-medicine-treatments/medicines-and-psychiatry/
2025-07-27 13:16:38,828 - EnhancedCBTCollector - ERROR - Failed to collect from https://www.nhs.uk/mental-health/talking-therapies-medicine-treatments/medicines-and-psychiatry/: maximum recursion depth exceeded while calling a Python object
2025-07-27 13:16:40,835 - EnhancedCBTCollector - INFO - Starting enhanced collection from nhs_cbt: https://www.nhs.uk/mental-health/talking-therapies-medicine-treatments/talking-therapies-and-counselling/
2025-07-27 13:16:40,872 - EnhancedCBTCollector - WARNING - Content from https://www.nhs.uk/mental-health/talking-therapies-medicine-treatments/talking-therapies-and-counselling/ failed quality assessment (Score: 50)
2025-07-27 13:16:42,883 - EnhancedCBTCollector - INFO - Starting enhanced collection from nhs_cbt: https://www.nhs.uk/mental-health/talking-therapies-medicine-treatments/
2025-07-27 13:16:42,909 - EnhancedCBTCollector - ERROR - Failed to collect from https://www.nhs.uk/mental-health/talking-therapies-medicine-treatments/: maximum recursion depth exceeded while calling a Python object
2025-07-27 13:16:44,916 - EnhancedCBTCollector - INFO - Starting enhanced collection from nhs_cbt: https://www.nhs.uk/mental-health/talking-therapies-medicine-treatments/talking-therapies-and-counselling/benefits-of-talking-therapies/
2025-07-27 13:16:44,966 - EnhancedCBTCollector - ERROR - Failed to collect from https://www.nhs.uk/mental-health/talking-therapies-medicine-treatments/talking-therapies-and-counselling/benefits-of-talking-therapies/: maximum recursion depth exceeded while calling a Python object
2025-07-27 13:16:46,971 - EnhancedCBTCollector - INFO - Starting enhanced collection from nhs_cbt: https://www.nhs.uk/mental-health/talking-therapies-medicine-treatments/talking-therapies-and-counselling/
2025-07-27 13:16:46,998 - EnhancedCBTCollector - WARNING - Content from https://www.nhs.uk/mental-health/talking-therapies-medicine-treatments/talking-therapies-and-counselling/ failed quality assessment (Score: 50)
2025-07-27 13:16:49,008 - EnhancedCBTCollector - INFO - Starting enhanced collection from nhs_cbt: https://www.nhs.uk/mental-health/talking-therapies-medicine-treatments/
2025-07-27 13:16:49,061 - EnhancedCBTCollector - WARNING - Content from https://www.nhs.uk/mental-health/talking-therapies-medicine-treatments/ failed quality assessment (Score: 20)
2025-07-27 13:16:51,074 - EnhancedCBTCollector - INFO - Starting enhanced collection from nhs_cbt: https://www.nhs.uk/mental-health/talking-therapies-medicine-treatments/talking-therapies-and-counselling/nhs-talking-therapies/
2025-07-27 13:16:51,100 - EnhancedCBTCollector - ERROR - Failed to collect from https://www.nhs.uk/mental-health/talking-therapies-medicine-treatments/talking-therapies-and-counselling/nhs-talking-therapies/: maximum recursion depth exceeded while calling a Python object
2025-07-27 13:16:53,107 - EnhancedCBTCollector - INFO - Starting enhanced collection from nhs_cbt: https://www.nhs.uk/mental-health/talking-therapies-medicine-treatments/talking-therapies-and-counselling/
2025-07-27 13:16:53,154 - EnhancedCBTCollector - ERROR - Failed to collect from https://www.nhs.uk/mental-health/talking-therapies-medicine-treatments/talking-therapies-and-counselling/: maximum recursion depth exceeded while calling a Python object
2025-07-27 13:16:55,164 - EnhancedCBTCollector - INFO - Starting enhanced collection from nhs_cbt: https://www.nhs.uk/mental-health/talking-therapies-medicine-treatments/medicines-and-psychiatry/
2025-07-27 13:16:55,218 - EnhancedCBTCollector - ERROR - Failed to collect from https://www.nhs.uk/mental-health/talking-therapies-medicine-treatments/medicines-and-psychiatry/: maximum recursion depth exceeded while calling a Python object
2025-07-27 13:16:57,234 - EnhancedCBTCollector - INFO - Starting enhanced collection from nhs_cbt: https://www.nhs.uk/mental-health/talking-therapies-medicine-treatments/talking-therapies-and-counselling/benefits-of-talking-therapies/
2025-07-27 13:16:57,264 - EnhancedCBTCollector - WARNING - Content from https://www.nhs.uk/mental-health/talking-therapies-medicine-treatments/talking-therapies-and-counselling/benefits-of-talking-therapies/ failed quality assessment (Score: 45)
2025-07-27 13:16:59,279 - EnhancedCBTCollector - INFO - Starting enhanced collection from nhs_cbt: https://www.nhs.uk/mental-health/talking-therapies-medicine-treatments/
2025-07-27 13:16:59,315 - EnhancedCBTCollector - ERROR - Failed to collect from https://www.nhs.uk/mental-health/talking-therapies-medicine-treatments/: maximum recursion depth exceeded while calling a Python object
2025-07-27 13:17:01,326 - EnhancedCBTCollector - INFO - Starting enhanced collection from nhs_cbt: https://www.nhs.uk/mental-health/talking-therapies-medicine-treatments/talking-therapies-and-counselling/
2025-07-27 13:17:01,361 - EnhancedCBTCollector - ERROR - Failed to collect from https://www.nhs.uk/mental-health/talking-therapies-medicine-treatments/talking-therapies-and-counselling/: maximum recursion depth exceeded while calling a Python object
2025-07-27 13:17:03,365 - EnhancedCBTCollector - INFO - Starting enhanced collection from nhs_cbt: https://www.nhs.uk/mental-health/talking-therapies-medicine-treatments/medicines-and-psychiatry/
2025-07-27 13:17:03,419 - EnhancedCBTCollector - WARNING - Content from https://www.nhs.uk/mental-health/talking-therapies-medicine-treatments/medicines-and-psychiatry/ failed quality assessment (Score: 20)
2025-07-27 13:17:05,421 - EnhancedCBTCollector - INFO - Starting enhanced collection from nhs_cbt: https://www.nhs.uk/mental-health/talking-therapies-medicine-treatments/
2025-07-27 13:17:05,456 - EnhancedCBTCollector - WARNING - Content from https://www.nhs.uk/mental-health/talking-therapies-medicine-treatments/ failed quality assessment (Score: 20)
2025-07-27 13:17:07,459 - EnhancedCBTCollector - INFO - Starting enhanced collection from nhs_cbt: https://www.nhs.uk/mental-health/talking-therapies-medicine-treatments/talking-therapies-and-counselling/nhs-talking-therapies/
2025-07-27 13:17:07,487 - EnhancedCBTCollector - ERROR - Failed to collect from https://www.nhs.uk/mental-health/talking-therapies-medicine-treatments/talking-therapies-and-counselling/nhs-talking-therapies/: maximum recursion depth exceeded while calling a Python object
2025-07-27 13:17:09,490 - EnhancedCBTCollector - INFO - Starting enhanced collection from nhs_cbt: https://www.nhs.uk/mental-health/talking-therapies-medicine-treatments/talking-therapies-and-counselling/
2025-07-27 13:17:09,514 - EnhancedCBTCollector - ERROR - Failed to collect from https://www.nhs.uk/mental-health/talking-therapies-medicine-treatments/talking-therapies-and-counselling/: maximum recursion depth exceeded while calling a Python object
2025-07-27 13:17:11,527 - EnhancedCBTCollector - INFO - Starting enhanced collection from nhs_cbt: https://www.nhs.uk/mental-health/talking-therapies-medicine-treatments/medicines-and-psychiatry/
2025-07-27 13:17:11,557 - EnhancedCBTCollector - ERROR - Failed to collect from https://www.nhs.uk/mental-health/talking-therapies-medicine-treatments/medicines-and-psychiatry/: maximum recursion depth exceeded while calling a Python object
2025-07-27 13:17:13,569 - EnhancedCBTCollector - INFO - Starting enhanced collection from nhs_cbt: https://www.nhs.uk/mental-health/talking-therapies-medicine-treatments/medicines-and-psychiatry/psychiatry/
2025-07-27 13:17:13,599 - EnhancedCBTCollector - INFO - Collected high-quality content from https://www.nhs.uk/mental-health/talking-therapies-medicine-treatments/medicines-and-psychiatry/psychiatry/ (Score: 65)
2025-07-27 13:17:15,603 - EnhancedCBTCollector - INFO - Starting enhanced collection from nhs_cbt: https://www.nhs.uk/mental-health/talking-therapies-medicine-treatments/
2025-07-27 13:17:15,624 - EnhancedCBTCollector - ERROR - Failed to collect from https://www.nhs.uk/mental-health/talking-therapies-medicine-treatments/: maximum recursion depth exceeded while calling a Python object
2025-07-27 13:17:17,625 - EnhancedCBTCollector - INFO - Starting enhanced collection from nhs_cbt: https://www.nhs.uk/mental-health/talking-therapies-medicine-treatments/medicines-and-psychiatry/
2025-07-27 13:17:17,651 - EnhancedCBTCollector - ERROR - Failed to collect from https://www.nhs.uk/mental-health/talking-therapies-medicine-treatments/medicines-and-psychiatry/: maximum recursion depth exceeded while calling a Python object
2025-07-27 13:17:19,662 - EnhancedCBTCollector - INFO - Starting enhanced collection from nhs_cbt: https://www.nhs.uk/mental-health/talking-therapies-medicine-treatments/talking-therapies-and-counselling/benefits-of-talking-therapies/
2025-07-27 13:17:19,694 - EnhancedCBTCollector - WARNING - Content from https://www.nhs.uk/mental-health/talking-therapies-medicine-treatments/talking-therapies-and-counselling/benefits-of-talking-therapies/ failed quality assessment (Score: 45)
2025-07-27 13:17:21,698 - EnhancedCBTCollector - INFO - Starting enhanced collection from nhs_cbt: https://www.nhs.uk/mental-health/talking-therapies-medicine-treatments/
2025-07-27 13:17:21,771 - EnhancedCBTCollector - WARNING - Content from https://www.nhs.uk/mental-health/talking-therapies-medicine-treatments/ failed quality assessment (Score: 20)
2025-07-27 13:17:23,783 - EnhancedCBTCollector - INFO - Starting enhanced collection from nhs_cbt: https://www.nhs.uk/mental-health/talking-therapies-medicine-treatments/talking-therapies-and-counselling/nhs-talking-therapies/
2025-07-27 13:17:23,816 - EnhancedCBTCollector - INFO - Collected high-quality content from https://www.nhs.uk/mental-health/talking-therapies-medicine-treatments/talking-therapies-and-counselling/nhs-talking-therapies/ (Score: 70)
2025-07-27 13:17:25,825 - EnhancedCBTCollector - INFO - Starting enhanced collection from nhs_cbt: https://www.nhs.uk/mental-health/talking-therapies-medicine-treatments/
2025-07-27 13:17:25,871 - EnhancedCBTCollector - ERROR - Failed to collect from https://www.nhs.uk/mental-health/talking-therapies-medicine-treatments/: maximum recursion depth exceeded while calling a Python object
2025-07-27 13:17:27,885 - EnhancedCBTCollector - INFO - Starting enhanced collection from nhs_cbt: https://www.nhs.uk/mental-health/talking-therapies-medicine-treatments/talking-therapies-and-counselling/
2025-07-27 13:17:27,923 - EnhancedCBTCollector - ERROR - Failed to collect from https://www.nhs.uk/mental-health/talking-therapies-medicine-treatments/talking-therapies-and-counselling/: maximum recursion depth exceeded while calling a Python object
2025-07-27 13:17:29,937 - EnhancedCBTCollector - INFO - Starting enhanced collection from nhs_cbt: https://www.nhs.uk/mental-health/talking-therapies-medicine-treatments/talking-therapies-and-counselling/
2025-07-27 13:17:29,988 - EnhancedCBTCollector - WARNING - Content from https://www.nhs.uk/mental-health/talking-therapies-medicine-treatments/talking-therapies-and-counselling/ failed quality assessment (Score: 50)
2025-07-27 13:17:32,003 - EnhancedCBTCollector - INFO - Starting enhanced collection from nhs_cbt: https://www.nhs.uk/mental-health/talking-therapies-medicine-treatments/
2025-07-27 13:17:32,022 - EnhancedCBTCollector - ERROR - Failed to collect from https://www.nhs.uk/mental-health/talking-therapies-medicine-treatments/: maximum recursion depth exceeded while calling a Python object
2025-07-27 13:17:34,028 - EnhancedCBTCollector - INFO - Starting enhanced collection from nhs_cbt: https://www.nhs.uk/mental-health/talking-therapies-medicine-treatments/talking-therapies-and-counselling/benefits-of-talking-therapies/
2025-07-27 13:17:34,076 - EnhancedCBTCollector - ERROR - Failed to collect from https://www.nhs.uk/mental-health/talking-therapies-medicine-treatments/talking-therapies-and-counselling/benefits-of-talking-therapies/: maximum recursion depth exceeded while calling a Python object
2025-07-27 13:17:36,080 - EnhancedCBTCollector - INFO - Starting enhanced collection from nhs_cbt: https://www.nhs.uk/mental-health/talking-therapies-medicine-treatments/medicines-and-psychiatry/
2025-07-27 13:17:36,118 - EnhancedCBTCollector - WARNING - Content from https://www.nhs.uk/mental-health/talking-therapies-medicine-treatments/medicines-and-psychiatry/ failed quality assessment (Score: 20)
2025-07-27 13:17:38,122 - EnhancedCBTCollector - INFO - Starting enhanced collection from nhs_cbt: https://www.nhs.uk/mental-health/talking-therapies-medicine-treatments/
2025-07-27 13:17:38,167 - EnhancedCBTCollector - ERROR - Failed to collect from https://www.nhs.uk/mental-health/talking-therapies-medicine-treatments/: maximum recursion depth exceeded while calling a Python object
2025-07-27 13:17:40,181 - EnhancedCBTCollector - INFO - Starting enhanced collection from nhs_cbt: https://www.nhs.uk/mental-health/talking-therapies-medicine-treatments/medicines-and-psychiatry/psychiatry/
2025-07-27 13:17:40,202 - EnhancedCBTCollector - ERROR - Failed to collect from https://www.nhs.uk/mental-health/talking-therapies-medicine-treatments/medicines-and-psychiatry/psychiatry/: maximum recursion depth exceeded while calling a Python object
2025-07-27 13:17:42,217 - EnhancedCBTCollector - INFO - Starting enhanced collection from nhs_cbt: https://www.nhs.uk/mental-health/talking-therapies-medicine-treatments/talking-therapies-and-counselling/
2025-07-27 13:17:42,245 - EnhancedCBTCollector - WARNING - Content from https://www.nhs.uk/mental-health/talking-therapies-medicine-treatments/talking-therapies-and-counselling/ failed quality assessment (Score: 50)
2025-07-27 13:17:44,258 - EnhancedCBTCollector - INFO - Starting enhanced collection from nhs_cbt: https://www.nhs.uk/mental-health/talking-therapies-medicine-treatments/
2025-07-27 13:17:44,287 - EnhancedCBTCollector - WARNING - Content from https://www.nhs.uk/mental-health/talking-therapies-medicine-treatments/ failed quality assessment (Score: 20)
2025-07-27 13:17:46,297 - EnhancedCBTCollector - INFO - Starting enhanced collection from nhs_cbt: https://www.nhs.uk/mental-health/talking-therapies-medicine-treatments/talking-therapies-and-counselling/nhs-talking-therapies/
2025-07-27 13:17:46,317 - EnhancedCBTCollector - ERROR - Failed to collect from https://www.nhs.uk/mental-health/talking-therapies-medicine-treatments/talking-therapies-and-counselling/nhs-talking-therapies/: maximum recursion depth exceeded while calling a Python object
2025-07-27 13:17:48,320 - EnhancedCBTCollector - INFO - Starting enhanced collection from nhs_cbt: https://www.nhs.uk/mental-health/talking-therapies-medicine-treatments/talking-therapies-and-counselling/
2025-07-27 13:17:48,354 - EnhancedCBTCollector - ERROR - Failed to collect from https://www.nhs.uk/mental-health/talking-therapies-medicine-treatments/talking-therapies-and-counselling/: maximum recursion depth exceeded while calling a Python object
2025-07-27 13:17:50,360 - EnhancedCBTCollector - INFO - Starting enhanced collection from nhs_cbt: https://www.nhs.uk/mental-health/talking-therapies-medicine-treatments/medicines-and-psychiatry/
2025-07-27 13:17:50,381 - EnhancedCBTCollector - ERROR - Failed to collect from https://www.nhs.uk/mental-health/talking-therapies-medicine-treatments/medicines-and-psychiatry/: maximum recursion depth exceeded while calling a Python object
2025-07-27 13:17:52,383 - EnhancedCBTCollector - INFO - Starting enhanced collection from nhs_cbt: https://www.nhs.uk/mental-health/talking-therapies-medicine-treatments/talking-therapies-and-counselling/benefits-of-talking-therapies/
2025-07-27 13:17:52,415 - EnhancedCBTCollector - WARNING - Content from https://www.nhs.uk/mental-health/talking-therapies-medicine-treatments/talking-therapies-and-counselling/benefits-of-talking-therapies/ failed quality assessment (Score: 45)
2025-07-27 13:17:54,418 - EnhancedCBTCollector - INFO - Starting enhanced collection from nhs_cbt: https://www.nhs.uk/mental-health/talking-therapies-medicine-treatments/
2025-07-27 13:17:54,439 - EnhancedCBTCollector - ERROR - Failed to collect from https://www.nhs.uk/mental-health/talking-therapies-medicine-treatments/: maximum recursion depth exceeded while calling a Python object
2025-07-27 13:17:56,447 - EnhancedCBTCollector - INFO - Starting enhanced collection from nhs_cbt: https://www.nhs.uk/mental-health/talking-therapies-medicine-treatments/talking-therapies-and-counselling/
2025-07-27 13:17:56,468 - EnhancedCBTCollector - ERROR - Failed to collect from https://www.nhs.uk/mental-health/talking-therapies-medicine-treatments/talking-therapies-and-counselling/: maximum recursion depth exceeded while calling a Python object
2025-07-27 13:17:58,468 - EnhancedCBTCollector - INFO - Starting enhanced collection from nhs_cbt: https://www.nhs.uk/mental-health/talking-therapies-medicine-treatments/talking-therapies-and-counselling/
2025-07-27 13:17:58,498 - EnhancedCBTCollector - WARNING - Content from https://www.nhs.uk/mental-health/talking-therapies-medicine-treatments/talking-therapies-and-counselling/ failed quality assessment (Score: 50)
2025-07-27 13:18:00,506 - EnhancedCBTCollector - INFO - Starting enhanced collection from nhs_cbt: https://www.nhs.uk/mental-health/talking-therapies-medicine-treatments/
2025-07-27 13:18:00,543 - EnhancedCBTCollector - WARNING - Content from https://www.nhs.uk/mental-health/talking-therapies-medicine-treatments/ failed quality assessment (Score: 20)
2025-07-27 13:18:02,545 - EnhancedCBTCollector - INFO - Starting enhanced collection from nhs_cbt: https://www.nhs.uk/mental-health/talking-therapies-medicine-treatments/talking-therapies-and-counselling/nhs-talking-therapies/
2025-07-27 13:18:02,578 - EnhancedCBTCollector - INFO - Collected high-quality content from https://www.nhs.uk/mental-health/talking-therapies-medicine-treatments/talking-therapies-and-counselling/nhs-talking-therapies/ (Score: 70)
2025-07-27 13:18:04,583 - EnhancedCBTCollector - INFO - Starting enhanced collection from nhs_cbt: https://www.nhs.uk/mental-health/talking-therapies-medicine-treatments/
2025-07-27 13:18:04,636 - EnhancedCBTCollector - WARNING - Content from https://www.nhs.uk/mental-health/talking-therapies-medicine-treatments/ failed quality assessment (Score: 20)
2025-07-27 13:18:06,649 - EnhancedCBTCollector - INFO - Starting enhanced collection from nhs_cbt: https://www.nhs.uk/mental-health/talking-therapies-medicine-treatments/talking-therapies-and-counselling/nhs-talking-therapies/
2025-07-27 13:18:06,681 - EnhancedCBTCollector - INFO - Collected high-quality content from https://www.nhs.uk/mental-health/talking-therapies-medicine-treatments/talking-therapies-and-counselling/nhs-talking-therapies/ (Score: 70)
2025-07-27 13:18:08,685 - EnhancedCBTCollector - INFO - Starting enhanced collection from nhs_cbt: https://www.nhs.uk/mental-health/talking-therapies-medicine-treatments/
2025-07-27 13:18:08,715 - EnhancedCBTCollector - ERROR - Failed to collect from https://www.nhs.uk/mental-health/talking-therapies-medicine-treatments/: maximum recursion depth exceeded while calling a Python object
2025-07-27 13:18:10,716 - EnhancedCBTCollector - INFO - Starting enhanced collection from nhs_cbt: https://www.nhs.uk/mental-health/talking-therapies-medicine-treatments/talking-therapies-and-counselling/
2025-07-27 13:18:10,768 - EnhancedCBTCollector - ERROR - Failed to collect from https://www.nhs.uk/mental-health/talking-therapies-medicine-treatments/talking-therapies-and-counselling/: maximum recursion depth exceeded while calling a Python object
2025-07-27 13:18:12,775 - EnhancedCBTCollector - INFO - Starting enhanced collection from nhs_cbt: https://www.nhs.uk/mental-health/talking-therapies-medicine-treatments/talking-therapies-and-counselling/
2025-07-27 13:18:12,829 - EnhancedCBTCollector - WARNING - Content from https://www.nhs.uk/mental-health/talking-therapies-medicine-treatments/talking-therapies-and-counselling/ failed quality assessment (Score: 50)
2025-07-27 13:18:14,843 - EnhancedCBTCollector - INFO - Starting enhanced collection from nhs_cbt: https://www.nhs.uk/mental-health/talking-therapies-medicine-treatments/
2025-07-27 13:18:14,865 - EnhancedCBTCollector - ERROR - Failed to collect from https://www.nhs.uk/mental-health/talking-therapies-medicine-treatments/: maximum recursion depth exceeded while calling a Python object
2025-07-27 13:18:16,873 - EnhancedCBTCollector - INFO - Starting enhanced collection from nhs_cbt: https://www.nhs.uk/mental-health/talking-therapies-medicine-treatments/talking-therapies-and-counselling/benefits-of-talking-therapies/
2025-07-27 13:18:16,902 - EnhancedCBTCollector - ERROR - Failed to collect from https://www.nhs.uk/mental-health/talking-therapies-medicine-treatments/talking-therapies-and-counselling/benefits-of-talking-therapies/: maximum recursion depth exceeded while calling a Python object
2025-07-27 13:18:18,909 - EnhancedCBTCollector - INFO - Starting enhanced collection from nhs_cbt: https://www.nhs.uk/mental-health/talking-therapies-medicine-treatments/medicines-and-psychiatry/
2025-07-27 13:18:18,939 - EnhancedCBTCollector - WARNING - Content from https://www.nhs.uk/mental-health/talking-therapies-medicine-treatments/medicines-and-psychiatry/ failed quality assessment (Score: 20)
2025-07-27 13:18:20,943 - EnhancedCBTCollector - INFO - Starting enhanced collection from nhs_cbt: https://www.nhs.uk/mental-health/talking-therapies-medicine-treatments/
2025-07-27 13:18:20,968 - EnhancedCBTCollector - ERROR - Failed to collect from https://www.nhs.uk/mental-health/talking-therapies-medicine-treatments/: maximum recursion depth exceeded while calling a Python object
2025-07-27 13:18:22,980 - EnhancedCBTCollector - INFO - Starting enhanced collection from nhs_cbt: https://www.nhs.uk/mental-health/talking-therapies-medicine-treatments/medicines-and-psychiatry/psychiatry/
2025-07-27 13:18:23,030 - EnhancedCBTCollector - ERROR - Failed to collect from https://www.nhs.uk/mental-health/talking-therapies-medicine-treatments/medicines-and-psychiatry/psychiatry/: maximum recursion depth exceeded while calling a Python object
2025-07-27 13:18:25,046 - EnhancedCBTCollector - INFO - Starting enhanced collection from nhs_cbt: https://www.nhs.uk/mental-health/talking-therapies-medicine-treatments/talking-therapies-and-counselling/
2025-07-27 13:18:25,101 - EnhancedCBTCollector - WARNING - Content from https://www.nhs.uk/mental-health/talking-therapies-medicine-treatments/talking-therapies-and-counselling/ failed quality assessment (Score: 50)
2025-07-27 13:18:27,115 - EnhancedCBTCollector - INFO - Starting enhanced collection from nhs_cbt: https://www.nhs.uk/mental-health/talking-therapies-medicine-treatments/
2025-07-27 13:18:27,144 - EnhancedCBTCollector - WARNING - Content from https://www.nhs.uk/mental-health/talking-therapies-medicine-treatments/ failed quality assessment (Score: 20)
2025-07-27 13:18:29,150 - EnhancedCBTCollector - INFO - Starting enhanced collection from nhs_cbt: https://www.nhs.uk/mental-health/talking-therapies-medicine-treatments/talking-therapies-and-counselling/nhs-talking-therapies/
2025-07-27 13:18:29,172 - EnhancedCBTCollector - ERROR - Failed to collect from https://www.nhs.uk/mental-health/talking-therapies-medicine-treatments/talking-therapies-and-counselling/nhs-talking-therapies/: maximum recursion depth exceeded while calling a Python object
2025-07-27 13:18:31,185 - EnhancedCBTCollector - INFO - Starting enhanced collection from nhs_cbt: https://www.nhs.uk/mental-health/talking-therapies-medicine-treatments/talking-therapies-and-counselling/
2025-07-27 13:18:31,218 - EnhancedCBTCollector - ERROR - Failed to collect from https://www.nhs.uk/mental-health/talking-therapies-medicine-treatments/talking-therapies-and-counselling/: maximum recursion depth exceeded while calling a Python object
2025-07-27 13:18:33,231 - EnhancedCBTCollector - INFO - Starting enhanced collection from nhs_cbt: https://www.nhs.uk/mental-health/talking-therapies-medicine-treatments/medicines-and-psychiatry/
2025-07-27 13:18:33,278 - EnhancedCBTCollector - ERROR - Failed to collect from https://www.nhs.uk/mental-health/talking-therapies-medicine-treatments/medicines-and-psychiatry/: maximum recursion depth exceeded while calling a Python object
2025-07-27 13:18:35,285 - EnhancedCBTCollector - INFO - Starting enhanced collection from nhs_cbt: https://www.nhs.uk/mental-health/talking-therapies-medicine-treatments/talking-therapies-and-counselling/benefits-of-talking-therapies/
2025-07-27 13:18:35,343 - EnhancedCBTCollector - WARNING - Content from https://www.nhs.uk/mental-health/talking-therapies-medicine-treatments/talking-therapies-and-counselling/benefits-of-talking-therapies/ failed quality assessment (Score: 45)
2025-07-27 13:18:37,357 - EnhancedCBTCollector - INFO - Starting enhanced collection from nhs_cbt: https://www.nhs.uk/mental-health/talking-therapies-medicine-treatments/
2025-07-27 13:18:37,403 - EnhancedCBTCollector - ERROR - Failed to collect from https://www.nhs.uk/mental-health/talking-therapies-medicine-treatments/: maximum recursion depth exceeded while calling a Python object
2025-07-27 13:18:39,413 - EnhancedCBTCollector - INFO - Starting enhanced collection from nhs_cbt: https://www.nhs.uk/mental-health/talking-therapies-medicine-treatments/talking-therapies-and-counselling/
2025-07-27 13:18:39,438 - EnhancedCBTCollector - ERROR - Failed to collect from https://www.nhs.uk/mental-health/talking-therapies-medicine-treatments/talking-therapies-and-counselling/: maximum recursion depth exceeded while calling a Python object
2025-07-27 13:18:41,439 - EnhancedCBTCollector - INFO - Starting enhanced collection from nhs_cbt: https://www.nhs.uk/mental-health/talking-therapies-medicine-treatments/talking-therapies-and-counselling/
2025-07-27 13:18:41,467 - EnhancedCBTCollector - WARNING - Content from https://www.nhs.uk/mental-health/talking-therapies-medicine-treatments/talking-therapies-and-counselling/ failed quality assessment (Score: 50)
2025-07-27 13:18:43,481 - EnhancedCBTCollector - INFO - Starting enhanced collection from nhs_cbt: https://www.nhs.uk/mental-health/talking-therapies-medicine-treatments/
2025-07-27 13:18:43,510 - EnhancedCBTCollector - WARNING - Content from https://www.nhs.uk/mental-health/talking-therapies-medicine-treatments/ failed quality assessment (Score: 20)
2025-07-27 13:18:45,518 - EnhancedCBTCollector - INFO - Starting enhanced collection from nhs_cbt: https://www.nhs.uk/mental-health/talking-therapies-medicine-treatments/talking-therapies-and-counselling/nhs-talking-therapies/
2025-07-27 13:18:45,550 - EnhancedCBTCollector - INFO - Collected high-quality content from https://www.nhs.uk/mental-health/talking-therapies-medicine-treatments/talking-therapies-and-counselling/nhs-talking-therapies/ (Score: 70)
2025-07-27 13:18:47,554 - EnhancedCBTCollector - INFO - Starting enhanced collection from nhs_cbt: https://www.nhs.uk/mental-health/talking-therapies-medicine-treatments/
2025-07-27 13:18:47,580 - EnhancedCBTCollector - ERROR - Failed to collect from https://www.nhs.uk/mental-health/talking-therapies-medicine-treatments/: maximum recursion depth exceeded while calling a Python object
2025-07-27 13:18:49,587 - EnhancedCBTCollector - INFO - Starting enhanced collection from nhs_cbt: https://www.nhs.uk/mental-health/talking-therapies-medicine-treatments/talking-therapies-and-counselling/
2025-07-27 13:18:49,620 - EnhancedCBTCollector - ERROR - Failed to collect from https://www.nhs.uk/mental-health/talking-therapies-medicine-treatments/talking-therapies-and-counselling/: maximum recursion depth exceeded while calling a Python object
2025-07-27 13:18:51,630 - EnhancedCBTCollector - INFO - Starting enhanced collection from nhs_cbt: https://www.nhs.uk/mental-health/talking-therapies-medicine-treatments/talking-therapies-and-counselling/
2025-07-27 13:18:51,663 - EnhancedCBTCollector - WARNING - Content from https://www.nhs.uk/mental-health/talking-therapies-medicine-treatments/talking-therapies-and-counselling/ failed quality assessment (Score: 50)
2025-07-27 13:18:53,678 - EnhancedCBTCollector - INFO - Starting enhanced collection from nhs_cbt: https://www.nhs.uk/mental-health/talking-therapies-medicine-treatments/
2025-07-27 13:18:53,705 - EnhancedCBTCollector - ERROR - Failed to collect from https://www.nhs.uk/mental-health/talking-therapies-medicine-treatments/: maximum recursion depth exceeded while calling a Python object
2025-07-27 13:18:55,708 - EnhancedCBTCollector - INFO - Starting enhanced collection from nhs_cbt: https://www.nhs.uk/mental-health/talking-therapies-medicine-treatments/talking-therapies-and-counselling/benefits-of-talking-therapies/
2025-07-27 13:18:55,732 - EnhancedCBTCollector - ERROR - Failed to collect from https://www.nhs.uk/mental-health/talking-therapies-medicine-treatments/talking-therapies-and-counselling/benefits-of-talking-therapies/: maximum recursion depth exceeded while calling a Python object
2025-07-27 13:18:57,742 - EnhancedCBTCollector - INFO - Starting enhanced collection from nhs_cbt: https://www.nhs.uk/mental-health/talking-therapies-medicine-treatments/medicines-and-psychiatry/
2025-07-27 13:18:57,771 - EnhancedCBTCollector - WARNING - Content from https://www.nhs.uk/mental-health/talking-therapies-medicine-treatments/medicines-and-psychiatry/ failed quality assessment (Score: 20)
2025-07-27 13:18:59,782 - EnhancedCBTCollector - INFO - Starting enhanced collection from nhs_cbt: https://www.nhs.uk/mental-health/talking-therapies-medicine-treatments/
2025-07-27 13:18:59,813 - EnhancedCBTCollector - ERROR - Failed to collect from https://www.nhs.uk/mental-health/talking-therapies-medicine-treatments/: maximum recursion depth exceeded while calling a Python object
2025-07-27 13:19:01,814 - EnhancedCBTCollector - INFO - Starting enhanced collection from nhs_cbt: https://www.nhs.uk/mental-health/talking-therapies-medicine-treatments/medicines-and-psychiatry/psychiatry/
2025-07-27 13:19:01,835 - EnhancedCBTCollector - ERROR - Failed to collect from https://www.nhs.uk/mental-health/talking-therapies-medicine-treatments/medicines-and-psychiatry/psychiatry/: maximum recursion depth exceeded while calling a Python object
2025-07-27 13:19:03,850 - EnhancedCBTCollector - INFO - Starting enhanced collection from nhs_cbt: https://www.nhs.uk/mental-health/talking-therapies-medicine-treatments/talking-therapies-and-counselling/benefits-of-talking-therapies/
2025-07-27 13:19:03,887 - EnhancedCBTCollector - WARNING - Content from https://www.nhs.uk/mental-health/talking-therapies-medicine-treatments/talking-therapies-and-counselling/benefits-of-talking-therapies/ failed quality assessment (Score: 45)
2025-07-27 13:19:05,892 - EnhancedCBTCollector - INFO - Starting enhanced collection from nhs_cbt: https://www.nhs.uk/mental-health/talking-therapies-medicine-treatments/
2025-07-27 13:19:05,923 - EnhancedCBTCollector - WARNING - Content from https://www.nhs.uk/mental-health/talking-therapies-medicine-treatments/ failed quality assessment (Score: 20)
2025-07-27 13:19:07,938 - EnhancedCBTCollector - INFO - Starting enhanced collection from nhs_cbt: https://www.nhs.uk/mental-health/talking-therapies-medicine-treatments/talking-therapies-and-counselling/nhs-talking-therapies/
2025-07-27 13:19:07,985 - EnhancedCBTCollector - ERROR - Failed to collect from https://www.nhs.uk/mental-health/talking-therapies-medicine-treatments/talking-therapies-and-counselling/nhs-talking-therapies/: maximum recursion depth exceeded while calling a Python object
2025-07-27 13:19:09,993 - EnhancedCBTCollector - INFO - Starting enhanced collection from nhs_cbt: https://www.nhs.uk/mental-health/talking-therapies-medicine-treatments/talking-therapies-and-counselling/
2025-07-27 13:19:10,018 - EnhancedCBTCollector - ERROR - Failed to collect from https://www.nhs.uk/mental-health/talking-therapies-medicine-treatments/talking-therapies-and-counselling/: maximum recursion depth exceeded while calling a Python object
2025-07-27 13:19:12,034 - EnhancedCBTCollector - INFO - Starting enhanced collection from nhs_cbt: https://www.nhs.uk/mental-health/talking-therapies-medicine-treatments/medicines-and-psychiatry/
2025-07-27 13:19:12,079 - EnhancedCBTCollector - ERROR - Failed to collect from https://www.nhs.uk/mental-health/talking-therapies-medicine-treatments/medicines-and-psychiatry/: maximum recursion depth exceeded while calling a Python object
2025-07-27 13:19:14,086 - EnhancedCBTCollector - INFO - Starting enhanced collection from nhs_cbt: https://www.nhs.uk/mental-health/talking-therapies-medicine-treatments/talking-therapies-and-counselling/
2025-07-27 13:19:14,122 - EnhancedCBTCollector - WARNING - Content from https://www.nhs.uk/mental-health/talking-therapies-medicine-treatments/talking-therapies-and-counselling/ failed quality assessment (Score: 50)
2025-07-27 13:19:16,126 - EnhancedCBTCollector - INFO - Starting enhanced collection from nhs_cbt: https://www.nhs.uk/mental-health/talking-therapies-medicine-treatments/
2025-07-27 13:19:16,171 - EnhancedCBTCollector - ERROR - Failed to collect from https://www.nhs.uk/mental-health/talking-therapies-medicine-treatments/: maximum recursion depth exceeded while calling a Python object
2025-07-27 13:19:18,183 - EnhancedCBTCollector - INFO - Starting enhanced collection from nhs_cbt: https://www.nhs.uk/mental-health/talking-therapies-medicine-treatments/talking-therapies-and-counselling/benefits-of-talking-therapies/
2025-07-27 13:19:18,209 - EnhancedCBTCollector - ERROR - Failed to collect from https://www.nhs.uk/mental-health/talking-therapies-medicine-treatments/talking-therapies-and-counselling/benefits-of-talking-therapies/: maximum recursion depth exceeded while calling a Python object
2025-07-27 13:19:20,218 - EnhancedCBTCollector - INFO - Starting enhanced collection from nhs_cbt: https://www.nhs.uk/mental-health/talking-therapies-medicine-treatments/medicines-and-psychiatry/
2025-07-27 13:19:20,261 - EnhancedCBTCollector - WARNING - Content from https://www.nhs.uk/mental-health/talking-therapies-medicine-treatments/medicines-and-psychiatry/ failed quality assessment (Score: 20)
2025-07-27 13:19:22,276 - EnhancedCBTCollector - INFO - Starting enhanced collection from nhs_cbt: https://www.nhs.uk/mental-health/talking-therapies-medicine-treatments/
2025-07-27 13:19:22,305 - EnhancedCBTCollector - WARNING - Content from https://www.nhs.uk/mental-health/talking-therapies-medicine-treatments/ failed quality assessment (Score: 20)
2025-07-27 13:19:24,312 - EnhancedCBTCollector - INFO - Starting enhanced collection from nhs_cbt: https://www.nhs.uk/mental-health/talking-therapies-medicine-treatments/talking-therapies-and-counselling/nhs-talking-therapies/
2025-07-27 13:19:24,345 - EnhancedCBTCollector - INFO - Collected high-quality content from https://www.nhs.uk/mental-health/talking-therapies-medicine-treatments/talking-therapies-and-counselling/nhs-talking-therapies/ (Score: 70)
2025-07-27 13:19:26,352 - EnhancedCBTCollector - INFO - Starting enhanced collection from nhs_cbt: https://www.nhs.uk/mental-health/talking-therapies-medicine-treatments/
2025-07-27 13:19:26,398 - EnhancedCBTCollector - ERROR - Failed to collect from https://www.nhs.uk/mental-health/talking-therapies-medicine-treatments/: maximum recursion depth exceeded while calling a Python object
2025-07-27 13:19:28,401 - EnhancedCBTCollector - INFO - Starting enhanced collection from nhs_cbt: https://www.nhs.uk/mental-health/talking-therapies-medicine-treatments/talking-therapies-and-counselling/
2025-07-27 13:19:28,432 - EnhancedCBTCollector - ERROR - Failed to collect from https://www.nhs.uk/mental-health/talking-therapies-medicine-treatments/talking-therapies-and-counselling/: maximum recursion depth exceeded while calling a Python object
2025-07-27 13:19:30,435 - EnhancedCBTCollector - INFO - Starting enhanced collection from nhs_cbt: https://www.nhs.uk/mental-health/talking-therapies-medicine-treatments/talking-therapies-and-counselling/
2025-07-27 13:19:30,465 - EnhancedCBTCollector - WARNING - Content from https://www.nhs.uk/mental-health/talking-therapies-medicine-treatments/talking-therapies-and-counselling/ failed quality assessment (Score: 50)
2025-07-27 13:19:32,476 - EnhancedCBTCollector - INFO - Starting enhanced collection from nhs_cbt: https://www.nhs.uk/mental-health/talking-therapies-medicine-treatments/
2025-07-27 13:19:32,522 - EnhancedCBTCollector - ERROR - Failed to collect from https://www.nhs.uk/mental-health/talking-therapies-medicine-treatments/: maximum recursion depth exceeded while calling a Python object
2025-07-27 13:19:34,534 - EnhancedCBTCollector - INFO - Starting enhanced collection from nhs_cbt: https://www.nhs.uk/mental-health/talking-therapies-medicine-treatments/talking-therapies-and-counselling/benefits-of-talking-therapies/
2025-07-27 13:19:34,558 - EnhancedCBTCollector - ERROR - Failed to collect from https://www.nhs.uk/mental-health/talking-therapies-medicine-treatments/talking-therapies-and-counselling/benefits-of-talking-therapies/: maximum recursion depth exceeded while calling a Python object
2025-07-27 13:19:36,560 - EnhancedCBTCollector - INFO - Starting enhanced collection from nhs_cbt: https://www.nhs.uk/mental-health/talking-therapies-medicine-treatments/medicines-and-psychiatry/
2025-07-27 13:19:36,617 - EnhancedCBTCollector - WARNING - Content from https://www.nhs.uk/mental-health/talking-therapies-medicine-treatments/medicines-and-psychiatry/ failed quality assessment (Score: 20)
2025-07-27 13:19:38,630 - EnhancedCBTCollector - INFO - Starting enhanced collection from nhs_cbt: https://www.nhs.uk/mental-health/talking-therapies-medicine-treatments/
2025-07-27 13:19:38,653 - EnhancedCBTCollector - ERROR - Failed to collect from https://www.nhs.uk/mental-health/talking-therapies-medicine-treatments/: maximum recursion depth exceeded while calling a Python object
2025-07-27 13:19:40,661 - EnhancedCBTCollector - INFO - Starting enhanced collection from nhs_cbt: https://www.nhs.uk/mental-health/talking-therapies-medicine-treatments/medicines-and-psychiatry/psychiatry/
2025-07-27 13:19:40,683 - EnhancedCBTCollector - ERROR - Failed to collect from https://www.nhs.uk/mental-health/talking-therapies-medicine-treatments/medicines-and-psychiatry/psychiatry/: maximum recursion depth exceeded while calling a Python object
2025-07-27 13:19:42,689 - EnhancedCBTCollector - INFO - Starting enhanced collection from nhs_cbt: https://www.nhs.uk/mental-health/talking-therapies-medicine-treatments/medicines-and-psychiatry/psychiatry/
2025-07-27 13:19:42,725 - EnhancedCBTCollector - INFO - Collected high-quality content from https://www.nhs.uk/mental-health/talking-therapies-medicine-treatments/medicines-and-psychiatry/psychiatry/ (Score: 65)
2025-07-27 13:19:44,731 - EnhancedCBTCollector - INFO - Starting enhanced collection from nhs_cbt: https://www.nhs.uk/mental-health/talking-therapies-medicine-treatments/
2025-07-27 13:19:44,762 - EnhancedCBTCollector - WARNING - Content from https://www.nhs.uk/mental-health/talking-therapies-medicine-treatments/ failed quality assessment (Score: 20)
2025-07-27 13:19:46,774 - EnhancedCBTCollector - INFO - Starting enhanced collection from nhs_cbt: https://www.nhs.uk/mental-health/talking-therapies-medicine-treatments/talking-therapies-and-counselling/nhs-talking-therapies/
2025-07-27 13:19:46,804 - EnhancedCBTCollector - ERROR - Failed to collect from https://www.nhs.uk/mental-health/talking-therapies-medicine-treatments/talking-therapies-and-counselling/nhs-talking-therapies/: maximum recursion depth exceeded while calling a Python object
2025-07-27 13:19:48,818 - EnhancedCBTCollector - INFO - Starting enhanced collection from nhs_cbt: https://www.nhs.uk/mental-health/talking-therapies-medicine-treatments/talking-therapies-and-counselling/
2025-07-27 13:19:48,838 - EnhancedCBTCollector - ERROR - Failed to collect from https://www.nhs.uk/mental-health/talking-therapies-medicine-treatments/talking-therapies-and-counselling/: maximum recursion depth exceeded while calling a Python object
2025-07-27 13:19:50,840 - EnhancedCBTCollector - INFO - Starting enhanced collection from nhs_cbt: https://www.nhs.uk/mental-health/talking-therapies-medicine-treatments/medicines-and-psychiatry/
2025-07-27 13:19:50,861 - EnhancedCBTCollector - ERROR - Failed to collect from https://www.nhs.uk/mental-health/talking-therapies-medicine-treatments/medicines-and-psychiatry/: maximum recursion depth exceeded while calling a Python object
2025-07-27 13:19:52,875 - EnhancedCBTCollector - INFO - Starting enhanced collection from nhs_cbt: https://www.nhs.uk/mental-health/talking-therapies-medicine-treatments/medicines-and-psychiatry/
2025-07-27 13:19:52,907 - EnhancedCBTCollector - WARNING - Content from https://www.nhs.uk/mental-health/talking-therapies-medicine-treatments/medicines-and-psychiatry/ failed quality assessment (Score: 20)
2025-07-27 13:19:54,912 - EnhancedCBTCollector - INFO - Starting enhanced collection from nhs_cbt: https://www.nhs.uk/mental-health/talking-therapies-medicine-treatments/
2025-07-27 13:19:54,932 - EnhancedCBTCollector - ERROR - Failed to collect from https://www.nhs.uk/mental-health/talking-therapies-medicine-treatments/: maximum recursion depth exceeded while calling a Python object
2025-07-27 13:19:56,945 - EnhancedCBTCollector - INFO - Starting enhanced collection from nhs_cbt: https://www.nhs.uk/mental-health/talking-therapies-medicine-treatments/medicines-and-psychiatry/psychiatry/
2025-07-27 13:19:56,973 - EnhancedCBTCollector - ERROR - Failed to collect from https://www.nhs.uk/mental-health/talking-therapies-medicine-treatments/medicines-and-psychiatry/psychiatry/: maximum recursion depth exceeded while calling a Python object
2025-07-27 13:19:58,984 - EnhancedCBTCollector - INFO - Starting enhanced collection from nhs_cbt: https://www.nhs.uk/mental-health/talking-therapies-medicine-treatments/talking-therapies-and-counselling/benefits-of-talking-therapies/
2025-07-27 13:19:59,023 - EnhancedCBTCollector - WARNING - Content from https://www.nhs.uk/mental-health/talking-therapies-medicine-treatments/talking-therapies-and-counselling/benefits-of-talking-therapies/ failed quality assessment (Score: 45)
2025-07-27 13:20:01,027 - EnhancedCBTCollector - INFO - Starting enhanced collection from nhs_cbt: https://www.nhs.uk/mental-health/talking-therapies-medicine-treatments/
2025-07-27 13:20:01,058 - EnhancedCBTCollector - WARNING - Content from https://www.nhs.uk/mental-health/talking-therapies-medicine-treatments/ failed quality assessment (Score: 20)
2025-07-27 13:20:03,068 - EnhancedCBTCollector - INFO - Starting enhanced collection from nhs_cbt: https://www.nhs.uk/mental-health/talking-therapies-medicine-treatments/talking-therapies-and-counselling/nhs-talking-therapies/
2025-07-27 13:20:03,109 - EnhancedCBTCollector - INFO - Collected high-quality content from https://www.nhs.uk/mental-health/talking-therapies-medicine-treatments/talking-therapies-and-counselling/nhs-talking-therapies/ (Score: 70)
2025-07-27 13:20:05,124 - EnhancedCBTCollector - INFO - Starting enhanced collection from nhs_cbt: https://www.nhs.uk/mental-health/talking-therapies-medicine-treatments/
2025-07-27 13:20:05,153 - EnhancedCBTCollector - WARNING - Content from https://www.nhs.uk/mental-health/talking-therapies-medicine-treatments/ failed quality assessment (Score: 20)
2025-07-27 13:20:07,161 - EnhancedCBTCollector - INFO - Starting enhanced collection from nhs_cbt: https://www.nhs.uk/mental-health/talking-therapies-medicine-treatments/talking-therapies-and-counselling/nhs-talking-therapies/
2025-07-27 13:20:07,191 - EnhancedCBTCollector - ERROR - Failed to collect from https://www.nhs.uk/mental-health/talking-therapies-medicine-treatments/talking-therapies-and-counselling/nhs-talking-therapies/: maximum recursion depth exceeded while calling a Python object
2025-07-27 13:20:09,194 - EnhancedCBTCollector - INFO - Starting enhanced collection from nhs_cbt: https://www.nhs.uk/mental-health/talking-therapies-medicine-treatments/talking-therapies-and-counselling/
2025-07-27 13:20:09,216 - EnhancedCBTCollector - ERROR - Failed to collect from https://www.nhs.uk/mental-health/talking-therapies-medicine-treatments/talking-therapies-and-counselling/: maximum recursion depth exceeded while calling a Python object
2025-07-27 13:20:11,217 - EnhancedCBTCollector - INFO - Starting enhanced collection from nhs_cbt: https://www.nhs.uk/mental-health/talking-therapies-medicine-treatments/medicines-and-psychiatry/
2025-07-27 13:20:11,266 - EnhancedCBTCollector - ERROR - Failed to collect from https://www.nhs.uk/mental-health/talking-therapies-medicine-treatments/medicines-and-psychiatry/: maximum recursion depth exceeded while calling a Python object
2025-07-27 13:20:13,270 - EnhancedCBTCollector - INFO - Starting enhanced collection from nhs_cbt: https://www.nhs.uk/mental-health/talking-therapies-medicine-treatments/talking-therapies-and-counselling/
2025-07-27 13:20:13,301 - EnhancedCBTCollector - WARNING - Content from https://www.nhs.uk/mental-health/talking-therapies-medicine-treatments/talking-therapies-and-counselling/ failed quality assessment (Score: 50)
2025-07-27 13:20:15,304 - EnhancedCBTCollector - INFO - Starting enhanced collection from nhs_cbt: https://www.nhs.uk/mental-health/talking-therapies-medicine-treatments/
2025-07-27 13:20:15,350 - EnhancedCBTCollector - ERROR - Failed to collect from https://www.nhs.uk/mental-health/talking-therapies-medicine-treatments/: maximum recursion depth exceeded while calling a Python object
2025-07-27 13:20:17,364 - EnhancedCBTCollector - INFO - Starting enhanced collection from nhs_cbt: https://www.nhs.uk/mental-health/talking-therapies-medicine-treatments/talking-therapies-and-counselling/benefits-of-talking-therapies/
2025-07-27 13:20:17,383 - EnhancedCBTCollector - ERROR - Failed to collect from https://www.nhs.uk/mental-health/talking-therapies-medicine-treatments/talking-therapies-and-counselling/benefits-of-talking-therapies/: maximum recursion depth exceeded while calling a Python object
2025-07-27 13:20:19,399 - EnhancedCBTCollector - INFO - Starting enhanced collection from nhs_cbt: https://www.nhs.uk/mental-health/talking-therapies-medicine-treatments/talking-therapies-and-counselling/
2025-07-27 13:20:19,454 - EnhancedCBTCollector - WARNING - Content from https://www.nhs.uk/mental-health/talking-therapies-medicine-treatments/talking-therapies-and-counselling/ failed quality assessment (Score: 50)
2025-07-27 13:20:21,466 - EnhancedCBTCollector - INFO - Starting enhanced collection from nhs_cbt: https://www.nhs.uk/mental-health/talking-therapies-medicine-treatments/
2025-07-27 13:20:21,501 - EnhancedCBTCollector - WARNING - Content from https://www.nhs.uk/mental-health/talking-therapies-medicine-treatments/ failed quality assessment (Score: 20)
2025-07-27 13:20:23,505 - EnhancedCBTCollector - INFO - Starting enhanced collection from nhs_cbt: https://www.nhs.uk/mental-health/talking-therapies-medicine-treatments/talking-therapies-and-counselling/nhs-talking-therapies/
2025-07-27 13:20:23,535 - EnhancedCBTCollector - ERROR - Failed to collect from https://www.nhs.uk/mental-health/talking-therapies-medicine-treatments/talking-therapies-and-counselling/nhs-talking-therapies/: maximum recursion depth exceeded while calling a Python object
2025-07-27 13:20:25,539 - EnhancedCBTCollector - INFO - Starting enhanced collection from nhs_cbt: https://www.nhs.uk/mental-health/talking-therapies-medicine-treatments/talking-therapies-and-counselling/
2025-07-27 13:20:25,585 - EnhancedCBTCollector - ERROR - Failed to collect from https://www.nhs.uk/mental-health/talking-therapies-medicine-treatments/talking-therapies-and-counselling/: maximum recursion depth exceeded while calling a Python object
2025-07-27 13:20:27,588 - EnhancedCBTCollector - INFO - Starting enhanced collection from nhs_cbt: https://www.nhs.uk/mental-health/talking-therapies-medicine-treatments/medicines-and-psychiatry/
2025-07-27 13:20:27,619 - EnhancedCBTCollector - ERROR - Failed to collect from https://www.nhs.uk/mental-health/talking-therapies-medicine-treatments/medicines-and-psychiatry/: maximum recursion depth exceeded while calling a Python object
2025-07-27 13:20:29,626 - EnhancedCBTCollector - INFO - Starting enhanced collection from nhs_cbt: https://www.nhs.uk/mental-health/talking-therapies-medicine-treatments/talking-therapies-and-counselling/benefits-of-talking-therapies/
2025-07-27 13:20:29,661 - EnhancedCBTCollector - WARNING - Content from https://www.nhs.uk/mental-health/talking-therapies-medicine-treatments/talking-therapies-and-counselling/benefits-of-talking-therapies/ failed quality assessment (Score: 45)
2025-07-27 13:20:31,668 - EnhancedCBTCollector - INFO - Starting enhanced collection from nhs_cbt: https://www.nhs.uk/mental-health/talking-therapies-medicine-treatments/
2025-07-27 13:20:31,689 - EnhancedCBTCollector - ERROR - Failed to collect from https://www.nhs.uk/mental-health/talking-therapies-medicine-treatments/: maximum recursion depth exceeded while calling a Python object
2025-07-27 13:20:33,694 - EnhancedCBTCollector - INFO - Starting enhanced collection from nhs_cbt: https://www.nhs.uk/mental-health/talking-therapies-medicine-treatments/talking-therapies-and-counselling/
2025-07-27 13:20:33,744 - EnhancedCBTCollector - ERROR - Failed to collect from https://www.nhs.uk/mental-health/talking-therapies-medicine-treatments/talking-therapies-and-counselling/: maximum recursion depth exceeded while calling a Python object
2025-07-27 13:20:35,759 - EnhancedCBTCollector - INFO - Starting enhanced collection from nhs_cbt: https://www.nhs.uk/mental-health/talking-therapies-medicine-treatments/medicines-and-psychiatry/
2025-07-27 13:20:35,790 - EnhancedCBTCollector - WARNING - Content from https://www.nhs.uk/mental-health/talking-therapies-medicine-treatments/medicines-and-psychiatry/ failed quality assessment (Score: 20)
2025-07-27 13:20:37,802 - EnhancedCBTCollector - INFO - Starting enhanced collection from nhs_cbt: https://www.nhs.uk/mental-health/talking-therapies-medicine-treatments/
2025-07-27 13:20:37,830 - EnhancedCBTCollector - WARNING - Content from https://www.nhs.uk/mental-health/talking-therapies-medicine-treatments/ failed quality assessment (Score: 20)
2025-07-27 13:20:39,839 - EnhancedCBTCollector - INFO - Starting enhanced collection from nhs_cbt: https://www.nhs.uk/mental-health/talking-therapies-medicine-treatments/talking-therapies-and-counselling/nhs-talking-therapies/
2025-07-27 13:20:39,868 - EnhancedCBTCollector - ERROR - Failed to collect from https://www.nhs.uk/mental-health/talking-therapies-medicine-treatments/talking-therapies-and-counselling/nhs-talking-therapies/: maximum recursion depth exceeded while calling a Python object
2025-07-27 13:20:41,874 - EnhancedCBTCollector - INFO - Starting enhanced collection from nhs_cbt: https://www.nhs.uk/mental-health/talking-therapies-medicine-treatments/talking-therapies-and-counselling/
2025-07-27 13:20:41,901 - EnhancedCBTCollector - ERROR - Failed to collect from https://www.nhs.uk/mental-health/talking-therapies-medicine-treatments/talking-therapies-and-counselling/: maximum recursion depth exceeded while calling a Python object
2025-07-27 13:20:43,914 - EnhancedCBTCollector - INFO - Starting enhanced collection from nhs_cbt: https://www.nhs.uk/mental-health/talking-therapies-medicine-treatments/medicines-and-psychiatry/
2025-07-27 13:20:43,937 - EnhancedCBTCollector - ERROR - Failed to collect from https://www.nhs.uk/mental-health/talking-therapies-medicine-treatments/medicines-and-psychiatry/: maximum recursion depth exceeded while calling a Python object
2025-07-27 13:20:45,939 - EnhancedCBTCollector - INFO - Starting enhanced collection from nhs_cbt: https://www.nhs.uk/mental-health/talking-therapies-medicine-treatments/medicines-and-psychiatry/psychiatry/
2025-07-27 13:20:45,995 - EnhancedCBTCollector - INFO - Collected high-quality content from https://www.nhs.uk/mental-health/talking-therapies-medicine-treatments/medicines-and-psychiatry/psychiatry/ (Score: 65)
2025-07-27 13:20:48,007 - EnhancedCBTCollector - INFO - Starting enhanced collection from nhs_cbt: https://www.nhs.uk/mental-health/talking-therapies-medicine-treatments/
2025-07-27 13:20:48,027 - EnhancedCBTCollector - ERROR - Failed to collect from https://www.nhs.uk/mental-health/talking-therapies-medicine-treatments/: maximum recursion depth exceeded while calling a Python object
2025-07-27 13:20:50,033 - EnhancedCBTCollector - INFO - Starting enhanced collection from nhs_cbt: https://www.nhs.uk/mental-health/talking-therapies-medicine-treatments/medicines-and-psychiatry/
2025-07-27 13:20:50,058 - EnhancedCBTCollector - ERROR - Failed to collect from https://www.nhs.uk/mental-health/talking-therapies-medicine-treatments/medicines-and-psychiatry/: maximum recursion depth exceeded while calling a Python object
2025-07-27 13:20:52,074 - EnhancedCBTCollector - INFO - Starting enhanced collection from nhs_cbt: https://www.nhs.uk/mental-health/talking-therapies-medicine-treatments/talking-therapies-and-counselling/
2025-07-27 13:20:52,106 - EnhancedCBTCollector - WARNING - Content from https://www.nhs.uk/mental-health/talking-therapies-medicine-treatments/talking-therapies-and-counselling/ failed quality assessment (Score: 50)
2025-07-27 13:20:54,122 - EnhancedCBTCollector - INFO - Starting enhanced collection from nhs_cbt: https://www.nhs.uk/mental-health/talking-therapies-medicine-treatments/
2025-07-27 13:20:54,172 - EnhancedCBTCollector - WARNING - Content from https://www.nhs.uk/mental-health/talking-therapies-medicine-treatments/ failed quality assessment (Score: 20)
2025-07-27 13:20:56,182 - EnhancedCBTCollector - INFO - Starting enhanced collection from nhs_cbt: https://www.nhs.uk/mental-health/talking-therapies-medicine-treatments/talking-therapies-and-counselling/nhs-talking-therapies/
2025-07-27 13:20:56,216 - EnhancedCBTCollector - INFO - Collected high-quality content from https://www.nhs.uk/mental-health/talking-therapies-medicine-treatments/talking-therapies-and-counselling/nhs-talking-therapies/ (Score: 70)
2025-07-27 13:20:58,225 - EnhancedCBTCollector - INFO - Starting enhanced collection from nhs_cbt: https://www.nhs.uk/mental-health/talking-therapies-medicine-treatments/
2025-07-27 13:20:58,247 - EnhancedCBTCollector - ERROR - Failed to collect from https://www.nhs.uk/mental-health/talking-therapies-medicine-treatments/: maximum recursion depth exceeded while calling a Python object
2025-07-27 13:21:00,257 - EnhancedCBTCollector - INFO - Starting enhanced collection from nhs_cbt: https://www.nhs.uk/mental-health/talking-therapies-medicine-treatments/talking-therapies-and-counselling/
2025-07-27 13:21:00,304 - EnhancedCBTCollector - ERROR - Failed to collect from https://www.nhs.uk/mental-health/talking-therapies-medicine-treatments/talking-therapies-and-counselling/: maximum recursion depth exceeded while calling a Python object
2025-07-27 13:21:02,310 - EnhancedCBTCollector - INFO - Starting enhanced collection from nhs_cbt: https://www.nhs.uk/mental-health/talking-therapies-medicine-treatments/talking-therapies-and-counselling/
2025-07-27 13:21:02,344 - EnhancedCBTCollector - WARNING - Content from https://www.nhs.uk/mental-health/talking-therapies-medicine-treatments/talking-therapies-and-counselling/ failed quality assessment (Score: 50)
2025-07-27 13:21:04,358 - EnhancedCBTCollector - INFO - Starting enhanced collection from nhs_cbt: https://www.nhs.uk/mental-health/talking-therapies-medicine-treatments/
2025-07-27 13:21:04,404 - EnhancedCBTCollector - ERROR - Failed to collect from https://www.nhs.uk/mental-health/talking-therapies-medicine-treatments/: maximum recursion depth exceeded while calling a Python object
2025-07-27 13:21:06,408 - EnhancedCBTCollector - INFO - Starting enhanced collection from nhs_cbt: https://www.nhs.uk/mental-health/talking-therapies-medicine-treatments/talking-therapies-and-counselling/benefits-of-talking-therapies/
2025-07-27 13:21:06,439 - EnhancedCBTCollector - ERROR - Failed to collect from https://www.nhs.uk/mental-health/talking-therapies-medicine-treatments/talking-therapies-and-counselling/benefits-of-talking-therapies/: maximum recursion depth exceeded while calling a Python object
2025-07-27 13:21:08,446 - EnhancedCBTCollector - INFO - Starting enhanced collection from nhs_cbt: https://www.nhs.uk/mental-health/talking-therapies-medicine-treatments/medicines-and-psychiatry/
2025-07-27 13:21:08,475 - EnhancedCBTCollector - WARNING - Content from https://www.nhs.uk/mental-health/talking-therapies-medicine-treatments/medicines-and-psychiatry/ failed quality assessment (Score: 20)
2025-07-27 13:21:10,478 - EnhancedCBTCollector - INFO - Starting enhanced collection from nhs_cbt: https://www.nhs.uk/mental-health/talking-therapies-medicine-treatments/
2025-07-27 13:21:10,502 - EnhancedCBTCollector - ERROR - Failed to collect from https://www.nhs.uk/mental-health/talking-therapies-medicine-treatments/: maximum recursion depth exceeded while calling a Python object
2025-07-27 13:21:12,516 - EnhancedCBTCollector - INFO - Starting enhanced collection from nhs_cbt: https://www.nhs.uk/mental-health/talking-therapies-medicine-treatments/medicines-and-psychiatry/psychiatry/
2025-07-27 13:21:12,537 - EnhancedCBTCollector - ERROR - Failed to collect from https://www.nhs.uk/mental-health/talking-therapies-medicine-treatments/medicines-and-psychiatry/psychiatry/: maximum recursion depth exceeded while calling a Python object
2025-07-27 13:21:14,552 - EnhancedCBTCollector - INFO - Starting enhanced collection from nhs_cbt: https://www.nhs.uk/mental-health/talking-therapies-medicine-treatments/talking-therapies-and-counselling/benefits-of-talking-therapies/
2025-07-27 13:21:14,584 - EnhancedCBTCollector - WARNING - Content from https://www.nhs.uk/mental-health/talking-therapies-medicine-treatments/talking-therapies-and-counselling/benefits-of-talking-therapies/ failed quality assessment (Score: 45)
2025-07-27 13:21:16,590 - EnhancedCBTCollector - INFO - Starting enhanced collection from nhs_cbt: https://www.nhs.uk/mental-health/talking-therapies-medicine-treatments/
2025-07-27 13:21:16,625 - EnhancedCBTCollector - WARNING - Content from https://www.nhs.uk/mental-health/talking-therapies-medicine-treatments/ failed quality assessment (Score: 20)
2025-07-27 13:21:18,629 - EnhancedCBTCollector - INFO - Starting enhanced collection from nhs_cbt: https://www.nhs.uk/mental-health/talking-therapies-medicine-treatments/talking-therapies-and-counselling/nhs-talking-therapies/
2025-07-27 13:21:18,650 - EnhancedCBTCollector - ERROR - Failed to collect from https://www.nhs.uk/mental-health/talking-therapies-medicine-treatments/talking-therapies-and-counselling/nhs-talking-therapies/: maximum recursion depth exceeded while calling a Python object
2025-07-27 13:21:20,653 - EnhancedCBTCollector - INFO - Starting enhanced collection from nhs_cbt: https://www.nhs.uk/mental-health/talking-therapies-medicine-treatments/talking-therapies-and-counselling/
2025-07-27 13:21:20,673 - EnhancedCBTCollector - ERROR - Failed to collect from https://www.nhs.uk/mental-health/talking-therapies-medicine-treatments/talking-therapies-and-counselling/: maximum recursion depth exceeded while calling a Python object
2025-07-27 13:21:22,675 - EnhancedCBTCollector - INFO - Starting enhanced collection from nhs_cbt: https://www.nhs.uk/mental-health/talking-therapies-medicine-treatments/medicines-and-psychiatry/
2025-07-27 13:21:22,713 - EnhancedCBTCollector - ERROR - Failed to collect from https://www.nhs.uk/mental-health/talking-therapies-medicine-treatments/medicines-and-psychiatry/: maximum recursion depth exceeded while calling a Python object
2025-07-27 13:21:24,726 - EnhancedCBTCollector - INFO - Starting enhanced collection from nhs_cbt: https://www.nhs.uk/mental-health/talking-therapies-medicine-treatments/talking-therapies-and-counselling/
2025-07-27 13:21:24,760 - EnhancedCBTCollector - WARNING - Content from https://www.nhs.uk/mental-health/talking-therapies-medicine-treatments/talking-therapies-and-counselling/ failed quality assessment (Score: 50)
2025-07-27 13:21:26,774 - EnhancedCBTCollector - INFO - Starting enhanced collection from nhs_cbt: https://www.nhs.uk/mental-health/talking-therapies-medicine-treatments/
2025-07-27 13:21:26,794 - EnhancedCBTCollector - ERROR - Failed to collect from https://www.nhs.uk/mental-health/talking-therapies-medicine-treatments/: maximum recursion depth exceeded while calling a Python object
2025-07-27 13:21:28,796 - EnhancedCBTCollector - INFO - Starting enhanced collection from nhs_cbt: https://www.nhs.uk/mental-health/talking-therapies-medicine-treatments/talking-therapies-and-counselling/benefits-of-talking-therapies/
2025-07-27 13:21:28,827 - EnhancedCBTCollector - ERROR - Failed to collect from https://www.nhs.uk/mental-health/talking-therapies-medicine-treatments/talking-therapies-and-counselling/benefits-of-talking-therapies/: maximum recursion depth exceeded while calling a Python object
2025-07-27 13:21:30,827 - EnhancedCBTCollector - INFO - Starting enhanced collection from nhs_cbt: https://www.nhs.uk/mental-health/talking-therapies-medicine-treatments/medicines-and-psychiatry/
2025-07-27 13:21:30,860 - EnhancedCBTCollector - WARNING - Content from https://www.nhs.uk/mental-health/talking-therapies-medicine-treatments/medicines-and-psychiatry/ failed quality assessment (Score: 20)
2025-07-27 13:21:32,869 - EnhancedCBTCollector - INFO - Starting enhanced collection from nhs_cbt: https://www.nhs.uk/mental-health/talking-therapies-medicine-treatments/
2025-07-27 13:21:32,904 - EnhancedCBTCollector - WARNING - Content from https://www.nhs.uk/mental-health/talking-therapies-medicine-treatments/ failed quality assessment (Score: 20)
2025-07-27 13:21:34,906 - EnhancedCBTCollector - INFO - Starting enhanced collection from nhs_cbt: https://www.nhs.uk/mental-health/talking-therapies-medicine-treatments/talking-therapies-and-counselling/nhs-talking-therapies/
2025-07-27 13:21:34,948 - EnhancedCBTCollector - INFO - Collected high-quality content from https://www.nhs.uk/mental-health/talking-therapies-medicine-treatments/talking-therapies-and-counselling/nhs-talking-therapies/ (Score: 70)
2025-07-27 13:21:36,961 - EnhancedCBTCollector - INFO - Starting enhanced collection from nhs_cbt: https://www.nhs.uk/mental-health/talking-therapies-medicine-treatments/
2025-07-27 13:21:36,990 - EnhancedCBTCollector - WARNING - Content from https://www.nhs.uk/mental-health/talking-therapies-medicine-treatments/ failed quality assessment (Score: 20)
2025-07-27 13:21:38,996 - EnhancedCBTCollector - INFO - Starting enhanced collection from nhs_cbt: https://www.nhs.uk/mental-health/talking-therapies-medicine-treatments/talking-therapies-and-counselling/nhs-talking-therapies/
2025-07-27 13:21:39,029 - EnhancedCBTCollector - INFO - Collected high-quality content from https://www.nhs.uk/mental-health/talking-therapies-medicine-treatments/talking-therapies-and-counselling/nhs-talking-therapies/ (Score: 70)
2025-07-27 13:21:41,033 - EnhancedCBTCollector - INFO - Starting enhanced collection from nhs_cbt: https://www.nhs.uk/mental-health/talking-therapies-medicine-treatments/
2025-07-27 13:21:41,055 - EnhancedCBTCollector - ERROR - Failed to collect from https://www.nhs.uk/mental-health/talking-therapies-medicine-treatments/: maximum recursion depth exceeded while calling a Python object
2025-07-27 13:21:43,057 - EnhancedCBTCollector - INFO - Starting enhanced collection from nhs_cbt: https://www.nhs.uk/mental-health/talking-therapies-medicine-treatments/talking-therapies-and-counselling/
2025-07-27 13:21:43,093 - EnhancedCBTCollector - ERROR - Failed to collect from https://www.nhs.uk/mental-health/talking-therapies-medicine-treatments/talking-therapies-and-counselling/: maximum recursion depth exceeded while calling a Python object
2025-07-27 13:21:45,096 - EnhancedCBTCollector - INFO - Starting enhanced collection from nhs_cbt: https://www.nhs.uk/mental-health/talking-therapies-medicine-treatments/talking-therapies-and-counselling/
2025-07-27 13:21:45,140 - EnhancedCBTCollector - WARNING - Content from https://www.nhs.uk/mental-health/talking-therapies-medicine-treatments/talking-therapies-and-counselling/ failed quality assessment (Score: 50)
2025-07-27 13:21:47,150 - EnhancedCBTCollector - INFO - Starting enhanced collection from nhs_cbt: https://www.nhs.uk/mental-health/talking-therapies-medicine-treatments/
2025-07-27 13:21:47,180 - EnhancedCBTCollector - ERROR - Failed to collect from https://www.nhs.uk/mental-health/talking-therapies-medicine-treatments/: maximum recursion depth exceeded while calling a Python object
2025-07-27 13:21:49,186 - EnhancedCBTCollector - INFO - Starting enhanced collection from nhs_cbt: https://www.nhs.uk/mental-health/talking-therapies-medicine-treatments/talking-therapies-and-counselling/benefits-of-talking-therapies/
2025-07-27 13:21:49,207 - EnhancedCBTCollector - ERROR - Failed to collect from https://www.nhs.uk/mental-health/talking-therapies-medicine-treatments/talking-therapies-and-counselling/benefits-of-talking-therapies/: maximum recursion depth exceeded while calling a Python object
2025-07-27 13:21:51,210 - EnhancedCBTCollector - INFO - Starting enhanced collection from nhs_cbt: https://www.nhs.uk/mental-health/talking-therapies-medicine-treatments/medicines-and-psychiatry/
2025-07-27 13:21:51,264 - EnhancedCBTCollector - WARNING - Content from https://www.nhs.uk/mental-health/talking-therapies-medicine-treatments/medicines-and-psychiatry/ failed quality assessment (Score: 20)
2025-07-27 13:21:53,274 - EnhancedCBTCollector - INFO - Starting enhanced collection from nhs_cbt: https://www.nhs.uk/mental-health/talking-therapies-medicine-treatments/
2025-07-27 13:21:53,323 - EnhancedCBTCollector - ERROR - Failed to collect from https://www.nhs.uk/mental-health/talking-therapies-medicine-treatments/: maximum recursion depth exceeded while calling a Python object
2025-07-27 13:21:55,338 - EnhancedCBTCollector - INFO - Starting enhanced collection from nhs_cbt: https://www.nhs.uk/mental-health/talking-therapies-medicine-treatments/medicines-and-psychiatry/psychiatry/
2025-07-27 13:21:55,359 - EnhancedCBTCollector - ERROR - Failed to collect from https://www.nhs.uk/mental-health/talking-therapies-medicine-treatments/medicines-and-psychiatry/psychiatry/: maximum recursion depth exceeded while calling a Python object
2025-07-27 13:21:57,372 - EnhancedCBTCollector - INFO - Starting enhanced collection from nhs_cbt: https://www.nhs.uk/mental-health/talking-therapies-medicine-treatments/talking-therapies-and-counselling/
2025-07-27 13:21:57,417 - EnhancedCBTCollector - WARNING - Content from https://www.nhs.uk/mental-health/talking-therapies-medicine-treatments/talking-therapies-and-counselling/ failed quality assessment (Score: 50)
2025-07-27 13:21:59,422 - EnhancedCBTCollector - INFO - Starting enhanced collection from nhs_cbt: https://www.nhs.uk/mental-health/talking-therapies-medicine-treatments/
2025-07-27 13:21:59,451 - EnhancedCBTCollector - WARNING - Content from https://www.nhs.uk/mental-health/talking-therapies-medicine-treatments/ failed quality assessment (Score: 20)
2025-07-27 13:22:01,462 - EnhancedCBTCollector - INFO - Starting enhanced collection from nhs_cbt: https://www.nhs.uk/mental-health/talking-therapies-medicine-treatments/talking-therapies-and-counselling/nhs-talking-therapies/
2025-07-27 13:22:01,497 - EnhancedCBTCollector - ERROR - Failed to collect from https://www.nhs.uk/mental-health/talking-therapies-medicine-treatments/talking-therapies-and-counselling/nhs-talking-therapies/: maximum recursion depth exceeded while calling a Python object
2025-07-27 13:22:03,500 - EnhancedCBTCollector - INFO - Starting enhanced collection from nhs_cbt: https://www.nhs.uk/mental-health/talking-therapies-medicine-treatments/talking-therapies-and-counselling/
2025-07-27 13:22:03,546 - EnhancedCBTCollector - ERROR - Failed to collect from https://www.nhs.uk/mental-health/talking-therapies-medicine-treatments/talking-therapies-and-counselling/: maximum recursion depth exceeded while calling a Python object
2025-07-27 13:22:05,555 - EnhancedCBTCollector - INFO - Starting enhanced collection from nhs_cbt: https://www.nhs.uk/mental-health/talking-therapies-medicine-treatments/medicines-and-psychiatry/
2025-07-27 13:22:05,578 - EnhancedCBTCollector - ERROR - Failed to collect from https://www.nhs.uk/mental-health/talking-therapies-medicine-treatments/medicines-and-psychiatry/: maximum recursion depth exceeded while calling a Python object
2025-07-27 13:22:07,591 - EnhancedCBTCollector - INFO - Starting enhanced collection from nhs_cbt: https://www.nhs.uk/mental-health/talking-therapies-medicine-treatments/talking-therapies-and-counselling/benefits-of-talking-therapies/
2025-07-27 13:22:07,632 - EnhancedCBTCollector - WARNING - Content from https://www.nhs.uk/mental-health/talking-therapies-medicine-treatments/talking-therapies-and-counselling/benefits-of-talking-therapies/ failed quality assessment (Score: 45)
2025-07-27 13:22:09,646 - EnhancedCBTCollector - INFO - Starting enhanced collection from nhs_cbt: https://www.nhs.uk/mental-health/talking-therapies-medicine-treatments/
2025-07-27 13:22:09,668 - EnhancedCBTCollector - ERROR - Failed to collect from https://www.nhs.uk/mental-health/talking-therapies-medicine-treatments/: maximum recursion depth exceeded while calling a Python object
2025-07-27 13:22:11,668 - EnhancedCBTCollector - INFO - Starting enhanced collection from nhs_cbt: https://www.nhs.uk/mental-health/talking-therapies-medicine-treatments/talking-therapies-and-counselling/
2025-07-27 13:22:11,689 - EnhancedCBTCollector - ERROR - Failed to collect from https://www.nhs.uk/mental-health/talking-therapies-medicine-treatments/talking-therapies-and-counselling/: maximum recursion depth exceeded while calling a Python object
2025-07-27 13:22:13,701 - EnhancedCBTCollector - INFO - Starting enhanced collection from nhs_cbt: https://www.nhs.uk/mental-health/talking-therapies-medicine-treatments/talking-therapies-and-counselling/
2025-07-27 13:22:13,731 - EnhancedCBTCollector - WARNING - Content from https://www.nhs.uk/mental-health/talking-therapies-medicine-treatments/talking-therapies-and-counselling/ failed quality assessment (Score: 50)
2025-07-27 13:22:15,742 - EnhancedCBTCollector - INFO - Starting enhanced collection from nhs_cbt: https://www.nhs.uk/mental-health/talking-therapies-medicine-treatments/
2025-07-27 13:22:15,794 - EnhancedCBTCollector - WARNING - Content from https://www.nhs.uk/mental-health/talking-therapies-medicine-treatments/ failed quality assessment (Score: 20)
2025-07-27 13:22:17,796 - EnhancedCBTCollector - INFO - Starting enhanced collection from nhs_cbt: https://www.nhs.uk/mental-health/talking-therapies-medicine-treatments/talking-therapies-and-counselling/nhs-talking-therapies/
2025-07-27 13:22:17,834 - EnhancedCBTCollector - INFO - Collected high-quality content from https://www.nhs.uk/mental-health/talking-therapies-medicine-treatments/talking-therapies-and-counselling/nhs-talking-therapies/ (Score: 70)
2025-07-27 13:22:19,849 - EnhancedCBTCollector - INFO - Starting enhanced collection from nhs_cbt: https://www.nhs.uk/mental-health/talking-therapies-medicine-treatments/
2025-07-27 13:22:19,881 - EnhancedCBTCollector - ERROR - Failed to collect from https://www.nhs.uk/mental-health/talking-therapies-medicine-treatments/: maximum recursion depth exceeded while calling a Python object
2025-07-27 13:22:21,882 - EnhancedCBTCollector - INFO - Starting enhanced collection from nhs_cbt: https://www.nhs.uk/mental-health/talking-therapies-medicine-treatments/talking-therapies-and-counselling/
2025-07-27 13:22:21,907 - EnhancedCBTCollector - ERROR - Failed to collect from https://www.nhs.uk/mental-health/talking-therapies-medicine-treatments/talking-therapies-and-counselling/: maximum recursion depth exceeded while calling a Python object
2025-07-27 13:22:23,917 - EnhancedCBTCollector - INFO - Starting enhanced collection from nhs_cbt: https://www.nhs.uk/mental-health/talking-therapies-medicine-treatments/talking-therapies-and-counselling/
2025-07-27 13:22:23,974 - EnhancedCBTCollector - WARNING - Content from https://www.nhs.uk/mental-health/talking-therapies-medicine-treatments/talking-therapies-and-counselling/ failed quality assessment (Score: 50)
2025-07-27 13:22:25,988 - EnhancedCBTCollector - INFO - Starting enhanced collection from nhs_cbt: https://www.nhs.uk/mental-health/talking-therapies-medicine-treatments/
2025-07-27 13:22:26,009 - EnhancedCBTCollector - ERROR - Failed to collect from https://www.nhs.uk/mental-health/talking-therapies-medicine-treatments/: maximum recursion depth exceeded while calling a Python object
2025-07-27 13:22:28,010 - EnhancedCBTCollector - INFO - Starting enhanced collection from nhs_cbt: https://www.nhs.uk/mental-health/talking-therapies-medicine-treatments/talking-therapies-and-counselling/benefits-of-talking-therapies/
2025-07-27 13:22:28,037 - EnhancedCBTCollector - ERROR - Failed to collect from https://www.nhs.uk/mental-health/talking-therapies-medicine-treatments/talking-therapies-and-counselling/benefits-of-talking-therapies/: maximum recursion depth exceeded while calling a Python object
2025-07-27 13:22:30,046 - EnhancedCBTCollector - INFO - Starting enhanced collection from nhs_cbt: https://www.nhs.uk/mental-health/talking-therapies-medicine-treatments/medicines-and-psychiatry/
2025-07-27 13:22:30,089 - EnhancedCBTCollector - WARNING - Content from https://www.nhs.uk/mental-health/talking-therapies-medicine-treatments/medicines-and-psychiatry/ failed quality assessment (Score: 20)
2025-07-27 13:22:32,100 - EnhancedCBTCollector - INFO - Starting enhanced collection from nhs_cbt: https://www.nhs.uk/mental-health/talking-therapies-medicine-treatments/
2025-07-27 13:22:32,121 - EnhancedCBTCollector - ERROR - Failed to collect from https://www.nhs.uk/mental-health/talking-therapies-medicine-treatments/: maximum recursion depth exceeded while calling a Python object
2025-07-27 13:22:34,135 - EnhancedCBTCollector - INFO - Starting enhanced collection from nhs_cbt: https://www.nhs.uk/mental-health/talking-therapies-medicine-treatments/medicines-and-psychiatry/psychiatry/
2025-07-27 13:22:34,159 - EnhancedCBTCollector - ERROR - Failed to collect from https://www.nhs.uk/mental-health/talking-therapies-medicine-treatments/medicines-and-psychiatry/psychiatry/: maximum recursion depth exceeded while calling a Python object
2025-07-27 13:22:36,162 - EnhancedCBTCollector - INFO - Starting enhanced collection from nhs_cbt: https://www.nhs.uk/mental-health/talking-therapies-medicine-treatments/talking-therapies-and-counselling/benefits-of-talking-therapies/
2025-07-27 13:22:36,195 - EnhancedCBTCollector - WARNING - Content from https://www.nhs.uk/mental-health/talking-therapies-medicine-treatments/talking-therapies-and-counselling/benefits-of-talking-therapies/ failed quality assessment (Score: 45)
2025-07-27 13:22:38,197 - EnhancedCBTCollector - INFO - Starting enhanced collection from nhs_cbt: https://www.nhs.uk/mental-health/talking-therapies-medicine-treatments/
2025-07-27 13:22:38,231 - EnhancedCBTCollector - WARNING - Content from https://www.nhs.uk/mental-health/talking-therapies-medicine-treatments/ failed quality assessment (Score: 20)
2025-07-27 13:22:40,237 - EnhancedCBTCollector - INFO - Starting enhanced collection from nhs_cbt: https://www.nhs.uk/mental-health/talking-therapies-medicine-treatments/talking-therapies-and-counselling/nhs-talking-therapies/
2025-07-27 13:22:40,258 - EnhancedCBTCollector - ERROR - Failed to collect from https://www.nhs.uk/mental-health/talking-therapies-medicine-treatments/talking-therapies-and-counselling/nhs-talking-therapies/: maximum recursion depth exceeded while calling a Python object
2025-07-27 13:22:42,275 - EnhancedCBTCollector - INFO - Starting enhanced collection from nhs_cbt: https://www.nhs.uk/mental-health/talking-therapies-medicine-treatments/talking-therapies-and-counselling/
2025-07-27 13:22:42,303 - EnhancedCBTCollector - ERROR - Failed to collect from https://www.nhs.uk/mental-health/talking-therapies-medicine-treatments/talking-therapies-and-counselling/: maximum recursion depth exceeded while calling a Python object
2025-07-27 13:22:44,313 - EnhancedCBTCollector - INFO - Starting enhanced collection from nhs_cbt: https://www.nhs.uk/mental-health/talking-therapies-medicine-treatments/medicines-and-psychiatry/
2025-07-27 13:22:44,333 - EnhancedCBTCollector - ERROR - Failed to collect from https://www.nhs.uk/mental-health/talking-therapies-medicine-treatments/medicines-and-psychiatry/: maximum recursion depth exceeded while calling a Python object
2025-07-27 13:22:46,336 - EnhancedCBTCollector - INFO - Starting enhanced collection from nhs_cbt: https://www.nhs.uk/mental-health/talking-therapies-medicine-treatments/talking-therapies-and-counselling/
2025-07-27 13:22:46,365 - EnhancedCBTCollector - WARNING - Content from https://www.nhs.uk/mental-health/talking-therapies-medicine-treatments/talking-therapies-and-counselling/ failed quality assessment (Score: 50)
2025-07-27 13:22:48,371 - EnhancedCBTCollector - INFO - Starting enhanced collection from nhs_cbt: https://www.nhs.uk/mental-health/talking-therapies-medicine-treatments/
2025-07-27 13:22:48,417 - EnhancedCBTCollector - ERROR - Failed to collect from https://www.nhs.uk/mental-health/talking-therapies-medicine-treatments/: maximum recursion depth exceeded while calling a Python object
2025-07-27 13:22:50,423 - EnhancedCBTCollector - INFO - Starting enhanced collection from nhs_cbt: https://www.nhs.uk/mental-health/talking-therapies-medicine-treatments/talking-therapies-and-counselling/benefits-of-talking-therapies/
2025-07-27 13:22:50,455 - EnhancedCBTCollector - ERROR - Failed to collect from https://www.nhs.uk/mental-health/talking-therapies-medicine-treatments/talking-therapies-and-counselling/benefits-of-talking-therapies/: maximum recursion depth exceeded while calling a Python object
2025-07-27 13:22:52,463 - EnhancedCBTCollector - INFO - Starting enhanced collection from nhs_cbt: https://www.nhs.uk/mental-health/talking-therapies-medicine-treatments/medicines-and-psychiatry/
2025-07-27 13:22:52,491 - EnhancedCBTCollector - WARNING - Content from https://www.nhs.uk/mental-health/talking-therapies-medicine-treatments/medicines-and-psychiatry/ failed quality assessment (Score: 20)
2025-07-27 13:22:54,495 - EnhancedCBTCollector - INFO - Starting enhanced collection from nhs_cbt: https://www.nhs.uk/mental-health/talking-therapies-medicine-treatments/
2025-07-27 13:22:54,569 - EnhancedCBTCollector - WARNING - Content from https://www.nhs.uk/mental-health/talking-therapies-medicine-treatments/ failed quality assessment (Score: 20)
2025-07-27 13:22:56,583 - EnhancedCBTCollector - INFO - Starting enhanced collection from nhs_cbt: https://www.nhs.uk/mental-health/talking-therapies-medicine-treatments/talking-therapies-and-counselling/nhs-talking-therapies/
2025-07-27 13:22:56,625 - EnhancedCBTCollector - INFO - Collected high-quality content from https://www.nhs.uk/mental-health/talking-therapies-medicine-treatments/talking-therapies-and-counselling/nhs-talking-therapies/ (Score: 70)
2025-07-27 13:22:58,639 - EnhancedCBTCollector - INFO - Starting enhanced collection from nhs_cbt: https://www.nhs.uk/mental-health/talking-therapies-medicine-treatments/
2025-07-27 13:22:58,685 - EnhancedCBTCollector - ERROR - Failed to collect from https://www.nhs.uk/mental-health/talking-therapies-medicine-treatments/: maximum recursion depth exceeded while calling a Python object
2025-07-27 13:23:00,692 - EnhancedCBTCollector - INFO - Starting enhanced collection from nhs_cbt: https://www.nhs.uk/mental-health/talking-therapies-medicine-treatments/talking-therapies-and-counselling/
2025-07-27 13:23:00,722 - EnhancedCBTCollector - ERROR - Failed to collect from https://www.nhs.uk/mental-health/talking-therapies-medicine-treatments/talking-therapies-and-counselling/: maximum recursion depth exceeded while calling a Python object
2025-07-27 13:23:02,734 - EnhancedCBTCollector - INFO - Starting enhanced collection from nhs_cbt: https://www.nhs.uk/mental-health/talking-therapies-medicine-treatments/talking-therapies-and-counselling/
2025-07-27 13:23:02,774 - EnhancedCBTCollector - WARNING - Content from https://www.nhs.uk/mental-health/talking-therapies-medicine-treatments/talking-therapies-and-counselling/ failed quality assessment (Score: 50)
2025-07-27 13:23:04,788 - EnhancedCBTCollector - INFO - Starting enhanced collection from nhs_cbt: https://www.nhs.uk/mental-health/talking-therapies-medicine-treatments/
2025-07-27 13:23:04,833 - EnhancedCBTCollector - ERROR - Failed to collect from https://www.nhs.uk/mental-health/talking-therapies-medicine-treatments/: maximum recursion depth exceeded while calling a Python object
2025-07-27 13:23:06,838 - EnhancedCBTCollector - INFO - Starting enhanced collection from nhs_cbt: https://www.nhs.uk/mental-health/talking-therapies-medicine-treatments/talking-therapies-and-counselling/benefits-of-talking-therapies/
2025-07-27 13:23:06,899 - EnhancedCBTCollector - ERROR - Failed to collect from https://www.nhs.uk/mental-health/talking-therapies-medicine-treatments/talking-therapies-and-counselling/benefits-of-talking-therapies/: maximum recursion depth exceeded while calling a Python object
2025-07-27 13:23:08,910 - EnhancedCBTCollector - INFO - Starting enhanced collection from nhs_cbt: https://www.nhs.uk/mental-health/talking-therapies-medicine-treatments/medicines-and-psychiatry/
2025-07-27 13:23:08,954 - EnhancedCBTCollector - WARNING - Content from https://www.nhs.uk/mental-health/talking-therapies-medicine-treatments/medicines-and-psychiatry/ failed quality assessment (Score: 20)
2025-07-27 13:23:10,968 - EnhancedCBTCollector - INFO - Starting enhanced collection from nhs_cbt: https://www.nhs.uk/mental-health/talking-therapies-medicine-treatments/
2025-07-27 13:23:10,995 - EnhancedCBTCollector - ERROR - Failed to collect from https://www.nhs.uk/mental-health/talking-therapies-medicine-treatments/: maximum recursion depth exceeded while calling a Python object
2025-07-27 13:23:13,007 - EnhancedCBTCollector - INFO - Starting enhanced collection from nhs_cbt: https://www.nhs.uk/mental-health/talking-therapies-medicine-treatments/medicines-and-psychiatry/psychiatry/
2025-07-27 13:23:13,085 - EnhancedCBTCollector - ERROR - Failed to collect from https://www.nhs.uk/mental-health/talking-therapies-medicine-treatments/medicines-and-psychiatry/psychiatry/: maximum recursion depth exceeded while calling a Python object
2025-07-27 13:23:15,086 - EnhancedCBTCollector - INFO - Starting enhanced collection from nhs_cbt: https://www.nhs.uk/mental-health/talking-therapies-medicine-treatments/medicines-and-psychiatry/psychiatry/
2025-07-27 13:23:15,122 - EnhancedCBTCollector - INFO - Collected high-quality content from https://www.nhs.uk/mental-health/talking-therapies-medicine-treatments/medicines-and-psychiatry/psychiatry/ (Score: 65)
2025-07-27 13:23:17,139 - EnhancedCBTCollector - INFO - Starting enhanced collection from nhs_cbt: https://www.nhs.uk/mental-health/talking-therapies-medicine-treatments/
2025-07-27 13:23:17,167 - EnhancedCBTCollector - WARNING - Content from https://www.nhs.uk/mental-health/talking-therapies-medicine-treatments/ failed quality assessment (Score: 20)
2025-07-27 13:23:19,175 - EnhancedCBTCollector - INFO - Starting enhanced collection from nhs_cbt: https://www.nhs.uk/mental-health/talking-therapies-medicine-treatments/talking-therapies-and-counselling/nhs-talking-therapies/
2025-07-27 13:23:19,202 - EnhancedCBTCollector - ERROR - Failed to collect from https://www.nhs.uk/mental-health/talking-therapies-medicine-treatments/talking-therapies-and-counselling/nhs-talking-therapies/: maximum recursion depth exceeded while calling a Python object
2025-07-27 13:23:21,215 - EnhancedCBTCollector - INFO - Starting enhanced collection from nhs_cbt: https://www.nhs.uk/mental-health/talking-therapies-medicine-treatments/talking-therapies-and-counselling/
2025-07-27 13:23:21,261 - EnhancedCBTCollector - ERROR - Failed to collect from https://www.nhs.uk/mental-health/talking-therapies-medicine-treatments/talking-therapies-and-counselling/: maximum recursion depth exceeded while calling a Python object
2025-07-27 13:23:23,264 - EnhancedCBTCollector - INFO - Starting enhanced collection from nhs_cbt: https://www.nhs.uk/mental-health/talking-therapies-medicine-treatments/medicines-and-psychiatry/
2025-07-27 13:23:23,300 - EnhancedCBTCollector - ERROR - Failed to collect from https://www.nhs.uk/mental-health/talking-therapies-medicine-treatments/medicines-and-psychiatry/: maximum recursion depth exceeded while calling a Python object
2025-07-27 13:23:25,304 - EnhancedCBTCollector - INFO - Starting enhanced collection from nhs_cbt: https://www.nhs.uk/mental-health/talking-therapies-medicine-treatments/medicines-and-psychiatry/
2025-07-27 13:23:25,337 - EnhancedCBTCollector - WARNING - Content from https://www.nhs.uk/mental-health/talking-therapies-medicine-treatments/medicines-and-psychiatry/ failed quality assessment (Score: 20)
2025-07-27 13:23:27,339 - EnhancedCBTCollector - INFO - Starting enhanced collection from nhs_cbt: https://www.nhs.uk/mental-health/talking-therapies-medicine-treatments/
2025-07-27 13:23:27,361 - EnhancedCBTCollector - ERROR - Failed to collect from https://www.nhs.uk/mental-health/talking-therapies-medicine-treatments/: maximum recursion depth exceeded while calling a Python object
2025-07-27 13:23:29,368 - EnhancedCBTCollector - INFO - Starting enhanced collection from nhs_cbt: https://www.nhs.uk/mental-health/talking-therapies-medicine-treatments/medicines-and-psychiatry/psychiatry/
2025-07-27 13:23:29,413 - EnhancedCBTCollector - ERROR - Failed to collect from https://www.nhs.uk/mental-health/talking-therapies-medicine-treatments/medicines-and-psychiatry/psychiatry/: maximum recursion depth exceeded while calling a Python object
2025-07-27 13:23:31,423 - EnhancedCBTCollector - INFO - Starting enhanced collection from nhs_cbt: https://www.nhs.uk/mental-health/talking-therapies-medicine-treatments/medicines-and-psychiatry/psychiatry/
2025-07-27 13:23:31,454 - EnhancedCBTCollector - INFO - Collected high-quality content from https://www.nhs.uk/mental-health/talking-therapies-medicine-treatments/medicines-and-psychiatry/psychiatry/ (Score: 65)
2025-07-27 13:23:33,461 - EnhancedCBTCollector - INFO - Starting enhanced collection from nhs_cbt: https://www.nhs.uk/mental-health/talking-therapies-medicine-treatments/
2025-07-27 13:23:33,496 - EnhancedCBTCollector - WARNING - Content from https://www.nhs.uk/mental-health/talking-therapies-medicine-treatments/ failed quality assessment (Score: 20)
2025-07-27 13:23:35,501 - EnhancedCBTCollector - INFO - Starting enhanced collection from nhs_cbt: https://www.nhs.uk/mental-health/talking-therapies-medicine-treatments/talking-therapies-and-counselling/nhs-talking-therapies/
2025-07-27 13:23:35,564 - EnhancedCBTCollector - INFO - Collected high-quality content from https://www.nhs.uk/mental-health/talking-therapies-medicine-treatments/talking-therapies-and-counselling/nhs-talking-therapies/ (Score: 70)
2025-07-27 13:23:37,569 - EnhancedCBTCollector - INFO - Starting enhanced collection from nhs_cbt: https://www.nhs.uk/mental-health/talking-therapies-medicine-treatments/
2025-07-27 13:23:37,607 - EnhancedCBTCollector - WARNING - Content from https://www.nhs.uk/mental-health/talking-therapies-medicine-treatments/ failed quality assessment (Score: 20)
2025-07-27 13:23:39,623 - EnhancedCBTCollector - INFO - Starting enhanced collection from nhs_cbt: https://www.nhs.uk/mental-health/talking-therapies-medicine-treatments/talking-therapies-and-counselling/nhs-talking-therapies/
2025-07-27 13:23:39,644 - EnhancedCBTCollector - ERROR - Failed to collect from https://www.nhs.uk/mental-health/talking-therapies-medicine-treatments/talking-therapies-and-counselling/nhs-talking-therapies/: maximum recursion depth exceeded while calling a Python object
2025-07-27 13:23:41,645 - EnhancedCBTCollector - INFO - Starting enhanced collection from nhs_cbt: https://www.nhs.uk/mental-health/talking-therapies-medicine-treatments/talking-therapies-and-counselling/
2025-07-27 13:23:41,687 - EnhancedCBTCollector - ERROR - Failed to collect from https://www.nhs.uk/mental-health/talking-therapies-medicine-treatments/talking-therapies-and-counselling/: maximum recursion depth exceeded while calling a Python object
2025-07-27 13:23:43,700 - EnhancedCBTCollector - INFO - Starting enhanced collection from nhs_cbt: https://www.nhs.uk/mental-health/talking-therapies-medicine-treatments/medicines-and-psychiatry/
2025-07-27 13:23:43,721 - EnhancedCBTCollector - ERROR - Failed to collect from https://www.nhs.uk/mental-health/talking-therapies-medicine-treatments/medicines-and-psychiatry/: maximum recursion depth exceeded while calling a Python object
2025-07-27 13:23:45,724 - EnhancedCBTCollector - INFO - Starting enhanced collection from nhs_cbt: https://www.nhs.uk/mental-health/talking-therapies-medicine-treatments/talking-therapies-and-counselling/
2025-07-27 13:23:45,767 - EnhancedCBTCollector - WARNING - Content from https://www.nhs.uk/mental-health/talking-therapies-medicine-treatments/talking-therapies-and-counselling/ failed quality assessment (Score: 50)
2025-07-27 13:23:47,780 - EnhancedCBTCollector - INFO - Starting enhanced collection from nhs_cbt: https://www.nhs.uk/mental-health/talking-therapies-medicine-treatments/
2025-07-27 13:23:47,804 - EnhancedCBTCollector - ERROR - Failed to collect from https://www.nhs.uk/mental-health/talking-therapies-medicine-treatments/: maximum recursion depth exceeded while calling a Python object
2025-07-27 13:23:49,817 - EnhancedCBTCollector - INFO - Starting enhanced collection from nhs_cbt: https://www.nhs.uk/mental-health/talking-therapies-medicine-treatments/talking-therapies-and-counselling/benefits-of-talking-therapies/
2025-07-27 13:23:49,878 - EnhancedCBTCollector - ERROR - Failed to collect from https://www.nhs.uk/mental-health/talking-therapies-medicine-treatments/talking-therapies-and-counselling/benefits-of-talking-therapies/: maximum recursion depth exceeded while calling a Python object
2025-07-27 13:23:51,889 - EnhancedCBTCollector - INFO - Starting enhanced collection from nhs_cbt: https://www.nhs.uk/mental-health/talking-therapies-medicine-treatments/talking-therapies-and-counselling/
2025-07-27 13:23:51,955 - EnhancedCBTCollector - WARNING - Content from https://www.nhs.uk/mental-health/talking-therapies-medicine-treatments/talking-therapies-and-counselling/ failed quality assessment (Score: 50)
2025-07-27 13:23:53,962 - EnhancedCBTCollector - INFO - Starting enhanced collection from nhs_cbt: https://www.nhs.uk/mental-health/talking-therapies-medicine-treatments/
2025-07-27 13:23:53,996 - EnhancedCBTCollector - WARNING - Content from https://www.nhs.uk/mental-health/talking-therapies-medicine-treatments/ failed quality assessment (Score: 20)
2025-07-27 13:23:55,999 - EnhancedCBTCollector - INFO - Starting enhanced collection from nhs_cbt: https://www.nhs.uk/mental-health/talking-therapies-medicine-treatments/talking-therapies-and-counselling/nhs-talking-therapies/
2025-07-27 13:23:56,045 - EnhancedCBTCollector - ERROR - Failed to collect from https://www.nhs.uk/mental-health/talking-therapies-medicine-treatments/talking-therapies-and-counselling/nhs-talking-therapies/: maximum recursion depth exceeded while calling a Python object
2025-07-27 13:23:58,058 - EnhancedCBTCollector - INFO - Starting enhanced collection from nhs_cbt: https://www.nhs.uk/mental-health/talking-therapies-medicine-treatments/talking-therapies-and-counselling/
2025-07-27 13:23:58,079 - EnhancedCBTCollector - ERROR - Failed to collect from https://www.nhs.uk/mental-health/talking-therapies-medicine-treatments/talking-therapies-and-counselling/: maximum recursion depth exceeded while calling a Python object
2025-07-27 13:24:00,080 - EnhancedCBTCollector - INFO - Starting enhanced collection from nhs_cbt: https://www.nhs.uk/mental-health/talking-therapies-medicine-treatments/medicines-and-psychiatry/
2025-07-27 13:24:00,101 - EnhancedCBTCollector - ERROR - Failed to collect from https://www.nhs.uk/mental-health/talking-therapies-medicine-treatments/medicines-and-psychiatry/: maximum recursion depth exceeded while calling a Python object
2025-07-27 13:24:02,116 - EnhancedCBTCollector - INFO - Starting enhanced collection from nhs_cbt: https://www.nhs.uk/mental-health/talking-therapies-medicine-treatments/talking-therapies-and-counselling/benefits-of-talking-therapies/
2025-07-27 13:24:02,153 - EnhancedCBTCollector - WARNING - Content from https://www.nhs.uk/mental-health/talking-therapies-medicine-treatments/talking-therapies-and-counselling/benefits-of-talking-therapies/ failed quality assessment (Score: 45)
2025-07-27 13:24:04,168 - EnhancedCBTCollector - INFO - Starting enhanced collection from nhs_cbt: https://www.nhs.uk/mental-health/talking-therapies-medicine-treatments/
2025-07-27 13:24:04,189 - EnhancedCBTCollector - ERROR - Failed to collect from https://www.nhs.uk/mental-health/talking-therapies-medicine-treatments/: maximum recursion depth exceeded while calling a Python object
2025-07-27 13:24:06,190 - EnhancedCBTCollector - INFO - Starting enhanced collection from nhs_cbt: https://www.nhs.uk/mental-health/talking-therapies-medicine-treatments/talking-therapies-and-counselling/
2025-07-27 13:24:06,210 - EnhancedCBTCollector - ERROR - Failed to collect from https://www.nhs.uk/mental-health/talking-therapies-medicine-treatments/talking-therapies-and-counselling/: maximum recursion depth exceeded while calling a Python object
2025-07-27 13:24:08,215 - EnhancedCBTCollector - INFO - Starting enhanced collection from nhs_cbt: https://www.nhs.uk/mental-health/talking-therapies-medicine-treatments/medicines-and-psychiatry/
2025-07-27 13:24:08,243 - EnhancedCBTCollector - WARNING - Content from https://www.nhs.uk/mental-health/talking-therapies-medicine-treatments/medicines-and-psychiatry/ failed quality assessment (Score: 20)
2025-07-27 13:24:10,251 - EnhancedCBTCollector - INFO - Starting enhanced collection from nhs_cbt: https://www.nhs.uk/mental-health/talking-therapies-medicine-treatments/
2025-07-27 13:24:10,278 - EnhancedCBTCollector - WARNING - Content from https://www.nhs.uk/mental-health/talking-therapies-medicine-treatments/ failed quality assessment (Score: 20)
2025-07-27 13:24:12,287 - EnhancedCBTCollector - INFO - Starting enhanced collection from nhs_cbt: https://www.nhs.uk/mental-health/talking-therapies-medicine-treatments/talking-therapies-and-counselling/nhs-talking-therapies/
2025-07-27 13:24:12,318 - EnhancedCBTCollector - ERROR - Failed to collect from https://www.nhs.uk/mental-health/talking-therapies-medicine-treatments/talking-therapies-and-counselling/nhs-talking-therapies/: maximum recursion depth exceeded while calling a Python object
2025-07-27 13:24:14,328 - EnhancedCBTCollector - INFO - Starting enhanced collection from nhs_cbt: https://www.nhs.uk/mental-health/talking-therapies-medicine-treatments/talking-therapies-and-counselling/
2025-07-27 13:24:14,373 - EnhancedCBTCollector - ERROR - Failed to collect from https://www.nhs.uk/mental-health/talking-therapies-medicine-treatments/talking-therapies-and-counselling/: maximum recursion depth exceeded while calling a Python object
2025-07-27 13:24:16,379 - EnhancedCBTCollector - INFO - Starting enhanced collection from nhs_cbt: https://www.nhs.uk/mental-health/talking-therapies-medicine-treatments/medicines-and-psychiatry/
2025-07-27 13:24:16,418 - EnhancedCBTCollector - ERROR - Failed to collect from https://www.nhs.uk/mental-health/talking-therapies-medicine-treatments/medicines-and-psychiatry/: maximum recursion depth exceeded while calling a Python object
2025-07-27 13:24:18,428 - EnhancedCBTCollector - INFO - Starting enhanced collection from nhs_cbt: https://www.nhs.uk/mental-health/talking-therapies-medicine-treatments/medicines-and-psychiatry/psychiatry/
2025-07-27 13:24:18,496 - EnhancedCBTCollector - INFO - Collected high-quality content from https://www.nhs.uk/mental-health/talking-therapies-medicine-treatments/medicines-and-psychiatry/psychiatry/ (Score: 65)
2025-07-27 13:24:20,511 - EnhancedCBTCollector - INFO - Starting enhanced collection from nhs_cbt: https://www.nhs.uk/mental-health/talking-therapies-medicine-treatments/
2025-07-27 13:24:20,557 - EnhancedCBTCollector - ERROR - Failed to collect from https://www.nhs.uk/mental-health/talking-therapies-medicine-treatments/: maximum recursion depth exceeded while calling a Python object
2025-07-27 13:24:22,572 - EnhancedCBTCollector - INFO - Starting enhanced collection from nhs_cbt: https://www.nhs.uk/mental-health/talking-therapies-medicine-treatments/medicines-and-psychiatry/
2025-07-27 13:24:22,622 - EnhancedCBTCollector - ERROR - Failed to collect from https://www.nhs.uk/mental-health/talking-therapies-medicine-treatments/medicines-and-psychiatry/: maximum recursion depth exceeded while calling a Python object
2025-07-27 13:24:24,635 - EnhancedCBTCollector - INFO - Starting enhanced collection from nhs_cbt: https://www.nhs.uk/mental-health/talking-therapies-medicine-treatments/medicines-and-psychiatry/
2025-07-27 13:24:24,665 - EnhancedCBTCollector - WARNING - Content from https://www.nhs.uk/mental-health/talking-therapies-medicine-treatments/medicines-and-psychiatry/ failed quality assessment (Score: 20)
2025-07-27 13:24:26,680 - EnhancedCBTCollector - INFO - Starting enhanced collection from nhs_cbt: https://www.nhs.uk/mental-health/talking-therapies-medicine-treatments/
2025-07-27 13:24:26,710 - EnhancedCBTCollector - WARNING - Content from https://www.nhs.uk/mental-health/talking-therapies-medicine-treatments/ failed quality assessment (Score: 20)
2025-07-27 13:24:28,720 - EnhancedCBTCollector - INFO - Starting enhanced collection from nhs_cbt: https://www.nhs.uk/mental-health/talking-therapies-medicine-treatments/talking-therapies-and-counselling/nhs-talking-therapies/
2025-07-27 13:24:28,756 - EnhancedCBTCollector - INFO - Collected high-quality content from https://www.nhs.uk/mental-health/talking-therapies-medicine-treatments/talking-therapies-and-counselling/nhs-talking-therapies/ (Score: 70)
2025-07-27 13:24:30,771 - EnhancedCBTCollector - INFO - Starting enhanced collection from nhs_cbt: https://www.nhs.uk/mental-health/talking-therapies-medicine-treatments/
2025-07-27 13:24:30,802 - EnhancedCBTCollector - ERROR - Failed to collect from https://www.nhs.uk/mental-health/talking-therapies-medicine-treatments/: maximum recursion depth exceeded while calling a Python object
2025-07-27 13:24:32,815 - EnhancedCBTCollector - INFO - Starting enhanced collection from nhs_cbt: https://www.nhs.uk/mental-health/talking-therapies-medicine-treatments/talking-therapies-and-counselling/
2025-07-27 13:24:32,862 - EnhancedCBTCollector - ERROR - Failed to collect from https://www.nhs.uk/mental-health/talking-therapies-medicine-treatments/talking-therapies-and-counselling/: maximum recursion depth exceeded while calling a Python object
2025-07-27 13:24:34,868 - EnhancedCBTCollector - INFO - Starting enhanced collection from nhs_cbt: https://www.nhs.uk/mental-health/talking-therapies-medicine-treatments/talking-therapies-and-counselling/
2025-07-27 13:24:34,912 - EnhancedCBTCollector - WARNING - Content from https://www.nhs.uk/mental-health/talking-therapies-medicine-treatments/talking-therapies-and-counselling/ failed quality assessment (Score: 50)
2025-07-27 13:24:36,927 - EnhancedCBTCollector - INFO - Starting enhanced collection from nhs_cbt: https://www.nhs.uk/mental-health/talking-therapies-medicine-treatments/
2025-07-27 13:24:36,953 - EnhancedCBTCollector - ERROR - Failed to collect from https://www.nhs.uk/mental-health/talking-therapies-medicine-treatments/: maximum recursion depth exceeded while calling a Python object
2025-07-27 13:24:38,968 - EnhancedCBTCollector - INFO - Starting enhanced collection from nhs_cbt: https://www.nhs.uk/mental-health/talking-therapies-medicine-treatments/talking-therapies-and-counselling/benefits-of-talking-therapies/
2025-07-27 13:24:38,997 - EnhancedCBTCollector - ERROR - Failed to collect from https://www.nhs.uk/mental-health/talking-therapies-medicine-treatments/talking-therapies-and-counselling/benefits-of-talking-therapies/: maximum recursion depth exceeded while calling a Python object
2025-07-27 13:24:41,006 - EnhancedCBTCollector - INFO - Starting enhanced collection from nhs_cbt: https://www.nhs.uk/mental-health/talking-therapies-medicine-treatments/medicines-and-psychiatry/
2025-07-27 13:24:41,061 - EnhancedCBTCollector - WARNING - Content from https://www.nhs.uk/mental-health/talking-therapies-medicine-treatments/medicines-and-psychiatry/ failed quality assessment (Score: 20)
2025-07-27 13:24:43,063 - EnhancedCBTCollector - INFO - Starting enhanced collection from nhs_cbt: https://www.nhs.uk/mental-health/talking-therapies-medicine-treatments/
2025-07-27 13:24:43,084 - EnhancedCBTCollector - ERROR - Failed to collect from https://www.nhs.uk/mental-health/talking-therapies-medicine-treatments/: maximum recursion depth exceeded while calling a Python object
2025-07-27 13:24:45,096 - EnhancedCBTCollector - INFO - Starting enhanced collection from nhs_cbt: https://www.nhs.uk/mental-health/talking-therapies-medicine-treatments/medicines-and-psychiatry/psychiatry/
2025-07-27 13:24:45,130 - EnhancedCBTCollector - ERROR - Failed to collect from https://www.nhs.uk/mental-health/talking-therapies-medicine-treatments/medicines-and-psychiatry/psychiatry/: maximum recursion depth exceeded while calling a Python object
2025-07-27 13:24:47,139 - EnhancedCBTCollector - INFO - Starting enhanced collection from nhs_cbt: https://www.nhs.uk/mental-health/talking-therapies-medicine-treatments/medicines-and-psychiatry/psychiatry/
2025-07-27 13:24:47,171 - EnhancedCBTCollector - INFO - Collected high-quality content from https://www.nhs.uk/mental-health/talking-therapies-medicine-treatments/medicines-and-psychiatry/psychiatry/ (Score: 65)
2025-07-27 13:24:49,179 - EnhancedCBTCollector - INFO - Starting enhanced collection from nhs_cbt: https://www.nhs.uk/mental-health/talking-therapies-medicine-treatments/
2025-07-27 13:24:49,207 - EnhancedCBTCollector - WARNING - Content from https://www.nhs.uk/mental-health/talking-therapies-medicine-treatments/ failed quality assessment (Score: 20)
2025-07-27 13:24:51,210 - EnhancedCBTCollector - INFO - Starting enhanced collection from nhs_cbt: https://www.nhs.uk/mental-health/talking-therapies-medicine-treatments/talking-therapies-and-counselling/nhs-talking-therapies/
2025-07-27 13:24:51,231 - EnhancedCBTCollector - ERROR - Failed to collect from https://www.nhs.uk/mental-health/talking-therapies-medicine-treatments/talking-therapies-and-counselling/nhs-talking-therapies/: maximum recursion depth exceeded while calling a Python object
2025-07-27 13:24:53,233 - EnhancedCBTCollector - INFO - Starting enhanced collection from nhs_cbt: https://www.nhs.uk/mental-health/talking-therapies-medicine-treatments/talking-therapies-and-counselling/
2025-07-27 13:24:53,253 - EnhancedCBTCollector - ERROR - Failed to collect from https://www.nhs.uk/mental-health/talking-therapies-medicine-treatments/talking-therapies-and-counselling/: maximum recursion depth exceeded while calling a Python object
2025-07-27 13:24:55,258 - EnhancedCBTCollector - INFO - Starting enhanced collection from nhs_cbt: https://www.nhs.uk/mental-health/talking-therapies-medicine-treatments/medicines-and-psychiatry/
2025-07-27 13:24:55,280 - EnhancedCBTCollector - ERROR - Failed to collect from https://www.nhs.uk/mental-health/talking-therapies-medicine-treatments/medicines-and-psychiatry/: maximum recursion depth exceeded while calling a Python object
2025-07-27 13:24:57,292 - EnhancedCBTCollector - INFO - Starting enhanced collection from nhs_cbt: https://www.nhs.uk/mental-health/talking-therapies-medicine-treatments/medicines-and-psychiatry/
2025-07-27 13:24:57,327 - EnhancedCBTCollector - WARNING - Content from https://www.nhs.uk/mental-health/talking-therapies-medicine-treatments/medicines-and-psychiatry/ failed quality assessment (Score: 20)
2025-07-27 13:24:59,330 - EnhancedCBTCollector - INFO - Starting enhanced collection from nhs_cbt: https://www.nhs.uk/mental-health/talking-therapies-medicine-treatments/
2025-07-27 13:24:59,366 - EnhancedCBTCollector - ERROR - Failed to collect from https://www.nhs.uk/mental-health/talking-therapies-medicine-treatments/: maximum recursion depth exceeded while calling a Python object
2025-07-27 13:25:01,369 - EnhancedCBTCollector - INFO - Starting enhanced collection from nhs_cbt: https://www.nhs.uk/mental-health/talking-therapies-medicine-treatments/medicines-and-psychiatry/psychiatry/
2025-07-27 13:25:01,413 - EnhancedCBTCollector - ERROR - Failed to collect from https://www.nhs.uk/mental-health/talking-therapies-medicine-treatments/medicines-and-psychiatry/psychiatry/: maximum recursion depth exceeded while calling a Python object
2025-07-27 13:25:03,420 - EnhancedCBTCollector - INFO - Starting enhanced collection from nhs_cbt: https://www.nhs.uk/mental-health/talking-therapies-medicine-treatments/talking-therapies-and-counselling/benefits-of-talking-therapies/
2025-07-27 13:25:03,484 - EnhancedCBTCollector - WARNING - Content from https://www.nhs.uk/mental-health/talking-therapies-medicine-treatments/talking-therapies-and-counselling/benefits-of-talking-therapies/ failed quality assessment (Score: 45)
2025-07-27 13:25:05,501 - EnhancedCBTCollector - INFO - Starting enhanced collection from nhs_cbt: https://www.nhs.uk/mental-health/talking-therapies-medicine-treatments/
2025-07-27 13:25:05,552 - EnhancedCBTCollector - WARNING - Content from https://www.nhs.uk/mental-health/talking-therapies-medicine-treatments/ failed quality assessment (Score: 20)
2025-07-27 13:25:07,556 - EnhancedCBTCollector - INFO - Starting enhanced collection from nhs_cbt: https://www.nhs.uk/mental-health/talking-therapies-medicine-treatments/talking-therapies-and-counselling/nhs-talking-therapies/
2025-07-27 13:25:07,599 - EnhancedCBTCollector - INFO - Collected high-quality content from https://www.nhs.uk/mental-health/talking-therapies-medicine-treatments/talking-therapies-and-counselling/nhs-talking-therapies/ (Score: 70)
2025-07-27 13:25:09,609 - EnhancedCBTCollector - INFO - Starting enhanced collection from nhs_cbt: https://www.nhs.uk/mental-health/talking-therapies-medicine-treatments/
2025-07-27 13:25:09,648 - EnhancedCBTCollector - WARNING - Content from https://www.nhs.uk/mental-health/talking-therapies-medicine-treatments/ failed quality assessment (Score: 20)
2025-07-27 13:25:11,660 - EnhancedCBTCollector - INFO - Starting enhanced collection from nhs_cbt: https://www.nhs.uk/mental-health/talking-therapies-medicine-treatments/talking-therapies-and-counselling/nhs-talking-therapies/
2025-07-27 13:25:11,714 - EnhancedCBTCollector - INFO - Collected high-quality content from https://www.nhs.uk/mental-health/talking-therapies-medicine-treatments/talking-therapies-and-counselling/nhs-talking-therapies/ (Score: 70)
2025-07-27 13:25:13,730 - EnhancedCBTCollector - INFO - Starting enhanced collection from nhs_cbt: https://www.nhs.uk/mental-health/talking-therapies-medicine-treatments/
2025-07-27 13:25:13,791 - EnhancedCBTCollector - WARNING - Content from https://www.nhs.uk/mental-health/talking-therapies-medicine-treatments/ failed quality assessment (Score: 20)
2025-07-27 13:25:15,801 - EnhancedCBTCollector - INFO - Starting enhanced collection from nhs_cbt: https://www.nhs.uk/mental-health/talking-therapies-medicine-treatments/talking-therapies-and-counselling/nhs-talking-therapies/
2025-07-27 13:25:15,822 - EnhancedCBTCollector - ERROR - Failed to collect from https://www.nhs.uk/mental-health/talking-therapies-medicine-treatments/talking-therapies-and-counselling/nhs-talking-therapies/: maximum recursion depth exceeded while calling a Python object
2025-07-27 13:25:17,836 - EnhancedCBTCollector - INFO - Starting enhanced collection from nhs_cbt: https://www.nhs.uk/mental-health/talking-therapies-medicine-treatments/talking-therapies-and-counselling/
2025-07-27 13:25:17,858 - EnhancedCBTCollector - ERROR - Failed to collect from https://www.nhs.uk/mental-health/talking-therapies-medicine-treatments/talking-therapies-and-counselling/: maximum recursion depth exceeded while calling a Python object
2025-07-27 13:25:19,872 - EnhancedCBTCollector - INFO - Starting enhanced collection from nhs_cbt: https://www.nhs.uk/mental-health/talking-therapies-medicine-treatments/medicines-and-psychiatry/
2025-07-27 13:25:19,918 - EnhancedCBTCollector - ERROR - Failed to collect from https://www.nhs.uk/mental-health/talking-therapies-medicine-treatments/medicines-and-psychiatry/: maximum recursion depth exceeded while calling a Python object
2025-07-27 13:25:21,925 - EnhancedCBTCollector - INFO - Starting enhanced collection from nhs_cbt: https://www.nhs.uk/mental-health/talking-therapies-medicine-treatments/talking-therapies-and-counselling/
2025-07-27 13:25:21,961 - EnhancedCBTCollector - WARNING - Content from https://www.nhs.uk/mental-health/talking-therapies-medicine-treatments/talking-therapies-and-counselling/ failed quality assessment (Score: 50)
2025-07-27 13:25:23,963 - EnhancedCBTCollector - INFO - Starting enhanced collection from nhs_cbt: https://www.nhs.uk/mental-health/talking-therapies-medicine-treatments/
2025-07-27 13:25:23,988 - EnhancedCBTCollector - ERROR - Failed to collect from https://www.nhs.uk/mental-health/talking-therapies-medicine-treatments/: maximum recursion depth exceeded while calling a Python object
2025-07-27 13:25:26,004 - EnhancedCBTCollector - INFO - Starting enhanced collection from nhs_cbt: https://www.nhs.uk/mental-health/talking-therapies-medicine-treatments/talking-therapies-and-counselling/benefits-of-talking-therapies/
2025-07-27 13:25:26,032 - EnhancedCBTCollector - ERROR - Failed to collect from https://www.nhs.uk/mental-health/talking-therapies-medicine-treatments/talking-therapies-and-counselling/benefits-of-talking-therapies/: maximum recursion depth exceeded while calling a Python object
2025-07-27 13:25:28,038 - EnhancedCBTCollector - INFO - Starting enhanced collection from nhs_cbt: https://www.nhs.uk/mental-health/talking-therapies-medicine-treatments/talking-therapies-and-counselling/
2025-07-27 13:25:28,075 - EnhancedCBTCollector - WARNING - Content from https://www.nhs.uk/mental-health/talking-therapies-medicine-treatments/talking-therapies-and-counselling/ failed quality assessment (Score: 50)
2025-07-27 13:25:30,084 - EnhancedCBTCollector - INFO - Starting enhanced collection from nhs_cbt: https://www.nhs.uk/mental-health/talking-therapies-medicine-treatments/
2025-07-27 13:25:30,114 - EnhancedCBTCollector - WARNING - Content from https://www.nhs.uk/mental-health/talking-therapies-medicine-treatments/ failed quality assessment (Score: 20)
2025-07-27 13:25:32,127 - EnhancedCBTCollector - INFO - Starting enhanced collection from nhs_cbt: https://www.nhs.uk/mental-health/talking-therapies-medicine-treatments/talking-therapies-and-counselling/nhs-talking-therapies/
2025-07-27 13:25:32,149 - EnhancedCBTCollector - ERROR - Failed to collect from https://www.nhs.uk/mental-health/talking-therapies-medicine-treatments/talking-therapies-and-counselling/nhs-talking-therapies/: maximum recursion depth exceeded while calling a Python object
2025-07-27 13:25:34,152 - EnhancedCBTCollector - INFO - Starting enhanced collection from nhs_cbt: https://www.nhs.uk/mental-health/talking-therapies-medicine-treatments/talking-therapies-and-counselling/
2025-07-27 13:25:34,174 - EnhancedCBTCollector - ERROR - Failed to collect from https://www.nhs.uk/mental-health/talking-therapies-medicine-treatments/talking-therapies-and-counselling/: maximum recursion depth exceeded while calling a Python object
2025-07-27 13:25:36,175 - EnhancedCBTCollector - INFO - Starting enhanced collection from nhs_cbt: https://www.nhs.uk/mental-health/talking-therapies-medicine-treatments/medicines-and-psychiatry/
2025-07-27 13:25:36,200 - EnhancedCBTCollector - ERROR - Failed to collect from https://www.nhs.uk/mental-health/talking-therapies-medicine-treatments/medicines-and-psychiatry/: maximum recursion depth exceeded while calling a Python object
2025-07-27 13:25:38,211 - EnhancedCBTCollector - INFO - Starting enhanced collection from nhs_cbt: https://www.nhs.uk/mental-health/talking-therapies-medicine-treatments/talking-therapies-and-counselling/benefits-of-talking-therapies/
2025-07-27 13:25:38,269 - EnhancedCBTCollector - WARNING - Content from https://www.nhs.uk/mental-health/talking-therapies-medicine-treatments/talking-therapies-and-counselling/benefits-of-talking-therapies/ failed quality assessment (Score: 45)
2025-07-27 13:25:40,276 - EnhancedCBTCollector - INFO - Starting enhanced collection from nhs_cbt: https://www.nhs.uk/mental-health/talking-therapies-medicine-treatments/
2025-07-27 13:25:40,300 - EnhancedCBTCollector - ERROR - Failed to collect from https://www.nhs.uk/mental-health/talking-therapies-medicine-treatments/: maximum recursion depth exceeded while calling a Python object
2025-07-27 13:25:42,301 - EnhancedCBTCollector - INFO - Starting enhanced collection from nhs_cbt: https://www.nhs.uk/mental-health/talking-therapies-medicine-treatments/talking-therapies-and-counselling/
2025-07-27 13:25:42,334 - EnhancedCBTCollector - ERROR - Failed to collect from https://www.nhs.uk/mental-health/talking-therapies-medicine-treatments/talking-therapies-and-counselling/: maximum recursion depth exceeded while calling a Python object
2025-07-27 13:25:44,343 - EnhancedCBTCollector - INFO - Starting enhanced collection from nhs_cbt: https://www.nhs.uk/mental-health/talking-therapies-medicine-treatments/medicines-and-psychiatry/
2025-07-27 13:25:44,372 - EnhancedCBTCollector - WARNING - Content from https://www.nhs.uk/mental-health/talking-therapies-medicine-treatments/medicines-and-psychiatry/ failed quality assessment (Score: 20)
2025-07-27 13:25:46,388 - EnhancedCBTCollector - INFO - Starting enhanced collection from nhs_cbt: https://www.nhs.uk/mental-health/talking-therapies-medicine-treatments/
2025-07-27 13:25:46,418 - EnhancedCBTCollector - WARNING - Content from https://www.nhs.uk/mental-health/talking-therapies-medicine-treatments/ failed quality assessment (Score: 20)
2025-07-27 13:25:48,431 - EnhancedCBTCollector - INFO - Starting enhanced collection from nhs_cbt: https://www.nhs.uk/mental-health/talking-therapies-medicine-treatments/talking-therapies-and-counselling/nhs-talking-therapies/
2025-07-27 13:25:48,469 - EnhancedCBTCollector - ERROR - Failed to collect from https://www.nhs.uk/mental-health/talking-therapies-medicine-treatments/talking-therapies-and-counselling/nhs-talking-therapies/: maximum recursion depth exceeded while calling a Python object
2025-07-27 13:25:50,470 - EnhancedCBTCollector - INFO - Starting enhanced collection from nhs_cbt: https://www.nhs.uk/mental-health/talking-therapies-medicine-treatments/talking-therapies-and-counselling/
2025-07-27 13:25:50,492 - EnhancedCBTCollector - ERROR - Failed to collect from https://www.nhs.uk/mental-health/talking-therapies-medicine-treatments/talking-therapies-and-counselling/: maximum recursion depth exceeded while calling a Python object
2025-07-27 13:25:52,507 - EnhancedCBTCollector - INFO - Starting enhanced collection from nhs_cbt: https://www.nhs.uk/mental-health/talking-therapies-medicine-treatments/medicines-and-psychiatry/
2025-07-27 13:25:52,529 - EnhancedCBTCollector - ERROR - Failed to collect from https://www.nhs.uk/mental-health/talking-therapies-medicine-treatments/medicines-and-psychiatry/: maximum recursion depth exceeded while calling a Python object
2025-07-27 13:25:54,541 - EnhancedCBTCollector - INFO - Starting enhanced collection from nhs_cbt: https://www.nhs.uk/mental-health/talking-therapies-medicine-treatments/medicines-and-psychiatry/psychiatry/
2025-07-27 13:25:54,573 - EnhancedCBTCollector - INFO - Collected high-quality content from https://www.nhs.uk/mental-health/talking-therapies-medicine-treatments/medicines-and-psychiatry/psychiatry/ (Score: 65)
2025-07-27 13:25:56,581 - EnhancedCBTCollector - INFO - Starting enhanced collection from nhs_cbt: https://www.nhs.uk/mental-health/talking-therapies-medicine-treatments/
2025-07-27 13:25:56,601 - EnhancedCBTCollector - ERROR - Failed to collect from https://www.nhs.uk/mental-health/talking-therapies-medicine-treatments/: maximum recursion depth exceeded while calling a Python object
2025-07-27 13:25:58,612 - EnhancedCBTCollector - INFO - Starting enhanced collection from nhs_cbt: https://www.nhs.uk/mental-health/talking-therapies-medicine-treatments/medicines-and-psychiatry/
2025-07-27 13:25:58,642 - EnhancedCBTCollector - ERROR - Failed to collect from https://www.nhs.uk/mental-health/talking-therapies-medicine-treatments/medicines-and-psychiatry/: maximum recursion depth exceeded while calling a Python object
2025-07-27 13:26:00,653 - EnhancedCBTCollector - INFO - Starting enhanced collection from nhs_cbt: https://www.nhs.uk/mental-health/talking-therapies-medicine-treatments/talking-therapies-and-counselling/
2025-07-27 13:26:00,683 - EnhancedCBTCollector - WARNING - Content from https://www.nhs.uk/mental-health/talking-therapies-medicine-treatments/talking-therapies-and-counselling/ failed quality assessment (Score: 50)
2025-07-27 13:26:02,693 - EnhancedCBTCollector - INFO - Starting enhanced collection from nhs_cbt: https://www.nhs.uk/mental-health/talking-therapies-medicine-treatments/
2025-07-27 13:26:02,728 - EnhancedCBTCollector - WARNING - Content from https://www.nhs.uk/mental-health/talking-therapies-medicine-treatments/ failed quality assessment (Score: 20)
2025-07-27 13:26:04,736 - EnhancedCBTCollector - INFO - Starting enhanced collection from nhs_cbt: https://www.nhs.uk/mental-health/talking-therapies-medicine-treatments/talking-therapies-and-counselling/nhs-talking-therapies/
2025-07-27 13:26:04,775 - EnhancedCBTCollector - INFO - Collected high-quality content from https://www.nhs.uk/mental-health/talking-therapies-medicine-treatments/talking-therapies-and-counselling/nhs-talking-therapies/ (Score: 70)
2025-07-27 13:26:06,777 - EnhancedCBTCollector - INFO - Starting enhanced collection from nhs_cbt: https://www.nhs.uk/mental-health/talking-therapies-medicine-treatments/
2025-07-27 13:26:06,828 - EnhancedCBTCollector - ERROR - Failed to collect from https://www.nhs.uk/mental-health/talking-therapies-medicine-treatments/: maximum recursion depth exceeded while calling a Python object
2025-07-27 13:26:08,829 - EnhancedCBTCollector - INFO - Starting enhanced collection from nhs_cbt: https://www.nhs.uk/mental-health/talking-therapies-medicine-treatments/talking-therapies-and-counselling/
2025-07-27 13:26:08,850 - EnhancedCBTCollector - ERROR - Failed to collect from https://www.nhs.uk/mental-health/talking-therapies-medicine-treatments/talking-therapies-and-counselling/: maximum recursion depth exceeded while calling a Python object
2025-07-27 13:26:10,855 - EnhancedCBTCollector - INFO - Starting enhanced collection from nhs_cbt: https://www.nhs.uk/mental-health/talking-therapies-medicine-treatments/talking-therapies-and-counselling/
2025-07-27 13:26:10,882 - EnhancedCBTCollector - WARNING - Content from https://www.nhs.uk/mental-health/talking-therapies-medicine-treatments/talking-therapies-and-counselling/ failed quality assessment (Score: 50)
2025-07-27 13:26:12,889 - EnhancedCBTCollector - INFO - Starting enhanced collection from nhs_cbt: https://www.nhs.uk/mental-health/talking-therapies-medicine-treatments/
2025-07-27 13:26:12,933 - EnhancedCBTCollector - ERROR - Failed to collect from https://www.nhs.uk/mental-health/talking-therapies-medicine-treatments/: maximum recursion depth exceeded while calling a Python object
2025-07-27 13:26:14,939 - EnhancedCBTCollector - INFO - Starting enhanced collection from nhs_cbt: https://www.nhs.uk/mental-health/talking-therapies-medicine-treatments/talking-therapies-and-counselling/benefits-of-talking-therapies/
2025-07-27 13:26:15,036 - EnhancedCBTCollector - ERROR - Failed to collect from https://www.nhs.uk/mental-health/talking-therapies-medicine-treatments/talking-therapies-and-counselling/benefits-of-talking-therapies/: maximum recursion depth exceeded while calling a Python object
2025-07-27 13:26:17,038 - EnhancedCBTCollector - INFO - Starting enhanced collection from nhs_cbt: https://www.nhs.uk/mental-health/talking-therapies-medicine-treatments/medicines-and-psychiatry/
2025-07-27 13:26:17,067 - EnhancedCBTCollector - WARNING - Content from https://www.nhs.uk/mental-health/talking-therapies-medicine-treatments/medicines-and-psychiatry/ failed quality assessment (Score: 20)
2025-07-27 13:26:19,072 - EnhancedCBTCollector - INFO - Starting enhanced collection from nhs_cbt: https://www.nhs.uk/mental-health/talking-therapies-medicine-treatments/
2025-07-27 13:26:19,118 - EnhancedCBTCollector - ERROR - Failed to collect from https://www.nhs.uk/mental-health/talking-therapies-medicine-treatments/: maximum recursion depth exceeded while calling a Python object
2025-07-27 13:26:21,126 - EnhancedCBTCollector - INFO - Starting enhanced collection from nhs_cbt: https://www.nhs.uk/mental-health/talking-therapies-medicine-treatments/medicines-and-psychiatry/psychiatry/
2025-07-27 13:26:21,197 - EnhancedCBTCollector - ERROR - Failed to collect from https://www.nhs.uk/mental-health/talking-therapies-medicine-treatments/medicines-and-psychiatry/psychiatry/: maximum recursion depth exceeded while calling a Python object
2025-07-27 13:26:23,201 - EnhancedCBTCollector - INFO - Starting enhanced collection from nhs_cbt: https://www.nhs.uk/mental-health/talking-therapies-medicine-treatments/talking-therapies-and-counselling/benefits-of-talking-therapies/
2025-07-27 13:26:23,234 - EnhancedCBTCollector - WARNING - Content from https://www.nhs.uk/mental-health/talking-therapies-medicine-treatments/talking-therapies-and-counselling/benefits-of-talking-therapies/ failed quality assessment (Score: 45)
2025-07-27 13:26:25,250 - EnhancedCBTCollector - INFO - Starting enhanced collection from nhs_cbt: https://www.nhs.uk/mental-health/talking-therapies-medicine-treatments/
2025-07-27 13:26:25,285 - EnhancedCBTCollector - WARNING - Content from https://www.nhs.uk/mental-health/talking-therapies-medicine-treatments/ failed quality assessment (Score: 20)
2025-07-27 13:26:27,290 - EnhancedCBTCollector - INFO - Starting enhanced collection from nhs_cbt: https://www.nhs.uk/mental-health/talking-therapies-medicine-treatments/talking-therapies-and-counselling/nhs-talking-therapies/
2025-07-27 13:26:27,317 - EnhancedCBTCollector - ERROR - Failed to collect from https://www.nhs.uk/mental-health/talking-therapies-medicine-treatments/talking-therapies-and-counselling/nhs-talking-therapies/: maximum recursion depth exceeded while calling a Python object
2025-07-27 13:26:29,320 - EnhancedCBTCollector - INFO - Starting enhanced collection from nhs_cbt: https://www.nhs.uk/mental-health/talking-therapies-medicine-treatments/talking-therapies-and-counselling/
2025-07-27 13:26:29,347 - EnhancedCBTCollector - ERROR - Failed to collect from https://www.nhs.uk/mental-health/talking-therapies-medicine-treatments/talking-therapies-and-counselling/: maximum recursion depth exceeded while calling a Python object
2025-07-27 13:26:31,356 - EnhancedCBTCollector - INFO - Starting enhanced collection from nhs_cbt: https://www.nhs.uk/mental-health/talking-therapies-medicine-treatments/medicines-and-psychiatry/
2025-07-27 13:26:31,378 - EnhancedCBTCollector - ERROR - Failed to collect from https://www.nhs.uk/mental-health/talking-therapies-medicine-treatments/medicines-and-psychiatry/: maximum recursion depth exceeded while calling a Python object
2025-07-27 13:26:33,388 - EnhancedCBTCollector - INFO - Starting enhanced collection from nhs_cbt: https://www.nhs.uk/mental-health/talking-therapies-medicine-treatments/talking-therapies-and-counselling/
2025-07-27 13:26:33,418 - EnhancedCBTCollector - WARNING - Content from https://www.nhs.uk/mental-health/talking-therapies-medicine-treatments/talking-therapies-and-counselling/ failed quality assessment (Score: 50)
2025-07-27 13:26:35,425 - EnhancedCBTCollector - INFO - Starting enhanced collection from nhs_cbt: https://www.nhs.uk/mental-health/talking-therapies-medicine-treatments/
2025-07-27 13:26:35,445 - EnhancedCBTCollector - ERROR - Failed to collect from https://www.nhs.uk/mental-health/talking-therapies-medicine-treatments/: maximum recursion depth exceeded while calling a Python object
2025-07-27 13:26:37,452 - EnhancedCBTCollector - INFO - Starting enhanced collection from nhs_cbt: https://www.nhs.uk/mental-health/talking-therapies-medicine-treatments/talking-therapies-and-counselling/benefits-of-talking-therapies/
2025-07-27 13:26:37,473 - EnhancedCBTCollector - ERROR - Failed to collect from https://www.nhs.uk/mental-health/talking-therapies-medicine-treatments/talking-therapies-and-counselling/benefits-of-talking-therapies/: maximum recursion depth exceeded while calling a Python object
2025-07-27 13:26:39,476 - EnhancedCBTCollector - INFO - Starting enhanced collection from nhs_cbt: https://www.nhs.uk/mental-health/talking-therapies-medicine-treatments/talking-therapies-and-counselling/
2025-07-27 13:26:39,506 - EnhancedCBTCollector - WARNING - Content from https://www.nhs.uk/mental-health/talking-therapies-medicine-treatments/talking-therapies-and-counselling/ failed quality assessment (Score: 50)
2025-07-27 13:26:41,522 - EnhancedCBTCollector - INFO - Starting enhanced collection from nhs_cbt: https://www.nhs.uk/mental-health/talking-therapies-medicine-treatments/
2025-07-27 13:26:41,551 - EnhancedCBTCollector - WARNING - Content from https://www.nhs.uk/mental-health/talking-therapies-medicine-treatments/ failed quality assessment (Score: 20)
2025-07-27 13:26:43,562 - EnhancedCBTCollector - INFO - Starting enhanced collection from nhs_cbt: https://www.nhs.uk/mental-health/talking-therapies-medicine-treatments/talking-therapies-and-counselling/nhs-talking-therapies/
2025-07-27 13:26:43,596 - EnhancedCBTCollector - INFO - Collected high-quality content from https://www.nhs.uk/mental-health/talking-therapies-medicine-treatments/talking-therapies-and-counselling/nhs-talking-therapies/ (Score: 70)
2025-07-27 13:26:45,603 - EnhancedCBTCollector - INFO - Starting enhanced collection from nhs_cbt: https://www.nhs.uk/mental-health/talking-therapies-medicine-treatments/
2025-07-27 13:26:45,655 - EnhancedCBTCollector - WARNING - Content from https://www.nhs.uk/mental-health/talking-therapies-medicine-treatments/ failed quality assessment (Score: 20)
2025-07-27 13:26:47,657 - EnhancedCBTCollector - INFO - Starting enhanced collection from nhs_cbt: https://www.nhs.uk/mental-health/talking-therapies-medicine-treatments/talking-therapies-and-counselling/nhs-talking-therapies/
2025-07-27 13:26:47,683 - EnhancedCBTCollector - ERROR - Failed to collect from https://www.nhs.uk/mental-health/talking-therapies-medicine-treatments/talking-therapies-and-counselling/nhs-talking-therapies/: maximum recursion depth exceeded while calling a Python object
2025-07-27 13:26:49,695 - EnhancedCBTCollector - INFO - Starting enhanced collection from nhs_cbt: https://www.nhs.uk/mental-health/talking-therapies-medicine-treatments/talking-therapies-and-counselling/
2025-07-27 13:26:49,740 - EnhancedCBTCollector - ERROR - Failed to collect from https://www.nhs.uk/mental-health/talking-therapies-medicine-treatments/talking-therapies-and-counselling/: maximum recursion depth exceeded while calling a Python object
2025-07-27 13:26:51,745 - EnhancedCBTCollector - INFO - Starting enhanced collection from nhs_cbt: https://www.nhs.uk/mental-health/talking-therapies-medicine-treatments/medicines-and-psychiatry/
2025-07-27 13:26:51,767 - EnhancedCBTCollector - ERROR - Failed to collect from https://www.nhs.uk/mental-health/talking-therapies-medicine-treatments/medicines-and-psychiatry/: maximum recursion depth exceeded while calling a Python object
2025-07-27 13:26:53,771 - EnhancedCBTCollector - INFO - Starting enhanced collection from nhs_cbt: https://www.nhs.uk/mental-health/talking-therapies-medicine-treatments/talking-therapies-and-counselling/
2025-07-27 13:26:53,824 - EnhancedCBTCollector - WARNING - Content from https://www.nhs.uk/mental-health/talking-therapies-medicine-treatments/talking-therapies-and-counselling/ failed quality assessment (Score: 50)
2025-07-27 13:26:55,828 - EnhancedCBTCollector - INFO - Starting enhanced collection from nhs_cbt: https://www.nhs.uk/mental-health/talking-therapies-medicine-treatments/
2025-07-27 13:26:55,849 - EnhancedCBTCollector - ERROR - Failed to collect from https://www.nhs.uk/mental-health/talking-therapies-medicine-treatments/: maximum recursion depth exceeded while calling a Python object
2025-07-27 13:26:57,856 - EnhancedCBTCollector - INFO - Starting enhanced collection from nhs_cbt: https://www.nhs.uk/mental-health/talking-therapies-medicine-treatments/talking-therapies-and-counselling/benefits-of-talking-therapies/
2025-07-27 13:26:57,877 - EnhancedCBTCollector - ERROR - Failed to collect from https://www.nhs.uk/mental-health/talking-therapies-medicine-treatments/talking-therapies-and-counselling/benefits-of-talking-therapies/: maximum recursion depth exceeded while calling a Python object
2025-07-27 13:26:59,888 - EnhancedCBTCollector - INFO - Starting enhanced collection from nhs_cbt: https://www.nhs.uk/mental-health/talking-therapies-medicine-treatments/talking-therapies-and-counselling/
2025-07-27 13:26:59,921 - EnhancedCBTCollector - WARNING - Content from https://www.nhs.uk/mental-health/talking-therapies-medicine-treatments/talking-therapies-and-counselling/ failed quality assessment (Score: 50)
2025-07-27 13:27:01,925 - EnhancedCBTCollector - INFO - Starting enhanced collection from nhs_cbt: https://www.nhs.uk/mental-health/talking-therapies-medicine-treatments/
2025-07-27 13:27:01,978 - EnhancedCBTCollector - WARNING - Content from https://www.nhs.uk/mental-health/talking-therapies-medicine-treatments/ failed quality assessment (Score: 20)
2025-07-27 13:27:03,981 - EnhancedCBTCollector - INFO - Starting enhanced collection from nhs_cbt: https://www.nhs.uk/mental-health/talking-therapies-medicine-treatments/talking-therapies-and-counselling/nhs-talking-therapies/
2025-07-27 13:27:04,053 - EnhancedCBTCollector - ERROR - Failed to collect from https://www.nhs.uk/mental-health/talking-therapies-medicine-treatments/talking-therapies-and-counselling/nhs-talking-therapies/: maximum recursion depth exceeded while calling a Python object
2025-07-27 13:27:06,068 - EnhancedCBTCollector - INFO - Starting enhanced collection from nhs_cbt: https://www.nhs.uk/mental-health/talking-therapies-medicine-treatments/talking-therapies-and-counselling/
2025-07-27 13:27:06,087 - EnhancedCBTCollector - ERROR - Failed to collect from https://www.nhs.uk/mental-health/talking-therapies-medicine-treatments/talking-therapies-and-counselling/: maximum recursion depth exceeded while calling a Python object
2025-07-27 13:27:08,089 - EnhancedCBTCollector - INFO - Starting enhanced collection from nhs_cbt: https://www.nhs.uk/mental-health/talking-therapies-medicine-treatments/medicines-and-psychiatry/
2025-07-27 13:27:08,135 - EnhancedCBTCollector - ERROR - Failed to collect from https://www.nhs.uk/mental-health/talking-therapies-medicine-treatments/medicines-and-psychiatry/: maximum recursion depth exceeded while calling a Python object
2025-07-27 13:27:10,141 - EnhancedCBTCollector - INFO - Starting enhanced collection from nhs_cbt: https://www.nhs.uk/mental-health/talking-therapies-medicine-treatments/talking-therapies-and-counselling/benefits-of-talking-therapies/
2025-07-27 13:27:10,182 - EnhancedCBTCollector - WARNING - Content from https://www.nhs.uk/mental-health/talking-therapies-medicine-treatments/talking-therapies-and-counselling/benefits-of-talking-therapies/ failed quality assessment (Score: 45)
2025-07-27 13:27:12,192 - EnhancedCBTCollector - INFO - Starting enhanced collection from nhs_cbt: https://www.nhs.uk/mental-health/talking-therapies-medicine-treatments/
2025-07-27 13:27:12,212 - EnhancedCBTCollector - ERROR - Failed to collect from https://www.nhs.uk/mental-health/talking-therapies-medicine-treatments/: maximum recursion depth exceeded while calling a Python object
2025-07-27 13:27:14,219 - EnhancedCBTCollector - INFO - Starting enhanced collection from nhs_cbt: https://www.nhs.uk/mental-health/talking-therapies-medicine-treatments/talking-therapies-and-counselling/
2025-07-27 13:27:14,240 - EnhancedCBTCollector - ERROR - Failed to collect from https://www.nhs.uk/mental-health/talking-therapies-medicine-treatments/talking-therapies-and-counselling/: maximum recursion depth exceeded while calling a Python object
2025-07-27 13:27:16,245 - EnhancedCBTCollector - INFO - Starting enhanced collection from nhs_cbt: https://www.nhs.uk/mental-health/talking-therapies-medicine-treatments/medicines-and-psychiatry/
2025-07-27 13:27:16,277 - EnhancedCBTCollector - WARNING - Content from https://www.nhs.uk/mental-health/talking-therapies-medicine-treatments/medicines-and-psychiatry/ failed quality assessment (Score: 20)
2025-07-27 13:27:18,285 - EnhancedCBTCollector - INFO - Starting enhanced collection from nhs_cbt: https://www.nhs.uk/mental-health/talking-therapies-medicine-treatments/
2025-07-27 13:27:18,323 - EnhancedCBTCollector - WARNING - Content from https://www.nhs.uk/mental-health/talking-therapies-medicine-treatments/ failed quality assessment (Score: 20)
2025-07-27 13:27:20,339 - EnhancedCBTCollector - INFO - Starting enhanced collection from nhs_cbt: https://www.nhs.uk/mental-health/talking-therapies-medicine-treatments/talking-therapies-and-counselling/nhs-talking-therapies/
2025-07-27 13:27:20,386 - EnhancedCBTCollector - ERROR - Failed to collect from https://www.nhs.uk/mental-health/talking-therapies-medicine-treatments/talking-therapies-and-counselling/nhs-talking-therapies/: maximum recursion depth exceeded while calling a Python object
2025-07-27 13:27:22,402 - EnhancedCBTCollector - INFO - Starting enhanced collection from nhs_cbt: https://www.nhs.uk/mental-health/talking-therapies-medicine-treatments/talking-therapies-and-counselling/
2025-07-27 13:27:22,434 - EnhancedCBTCollector - ERROR - Failed to collect from https://www.nhs.uk/mental-health/talking-therapies-medicine-treatments/talking-therapies-and-counselling/: maximum recursion depth exceeded while calling a Python object
2025-07-27 13:27:24,437 - EnhancedCBTCollector - INFO - Starting enhanced collection from nhs_cbt: https://www.nhs.uk/mental-health/talking-therapies-medicine-treatments/medicines-and-psychiatry/
2025-07-27 13:27:24,458 - EnhancedCBTCollector - ERROR - Failed to collect from https://www.nhs.uk/mental-health/talking-therapies-medicine-treatments/medicines-and-psychiatry/: maximum recursion depth exceeded while calling a Python object
2025-07-27 13:27:26,464 - EnhancedCBTCollector - INFO - Starting enhanced collection from nhs_cbt: https://www.nhs.uk/mental-health/talking-therapies-medicine-treatments/medicines-and-psychiatry/psychiatry/
2025-07-27 13:27:26,497 - EnhancedCBTCollector - INFO - Collected high-quality content from https://www.nhs.uk/mental-health/talking-therapies-medicine-treatments/medicines-and-psychiatry/psychiatry/ (Score: 65)
2025-07-27 13:27:28,499 - EnhancedCBTCollector - INFO - Starting enhanced collection from nhs_cbt: https://www.nhs.uk/mental-health/talking-therapies-medicine-treatments/
2025-07-27 13:27:28,545 - EnhancedCBTCollector - ERROR - Failed to collect from https://www.nhs.uk/mental-health/talking-therapies-medicine-treatments/: maximum recursion depth exceeded while calling a Python object
2025-07-27 13:27:30,552 - EnhancedCBTCollector - INFO - Starting enhanced collection from nhs_cbt: https://www.nhs.uk/mental-health/talking-therapies-medicine-treatments/medicines-and-psychiatry/
2025-07-27 13:27:30,582 - EnhancedCBTCollector - ERROR - Failed to collect from https://www.nhs.uk/mental-health/talking-therapies-medicine-treatments/medicines-and-psychiatry/: maximum recursion depth exceeded while calling a Python object
2025-07-27 13:27:32,591 - EnhancedCBTCollector - INFO - Starting enhanced collection from nhs_cbt: https://www.nhs.uk/mental-health/talking-therapies-medicine-treatments/talking-therapies-and-counselling/benefits-of-talking-therapies/
2025-07-27 13:27:32,624 - EnhancedCBTCollector - WARNING - Content from https://www.nhs.uk/mental-health/talking-therapies-medicine-treatments/talking-therapies-and-counselling/benefits-of-talking-therapies/ failed quality assessment (Score: 45)
2025-07-27 13:27:34,641 - EnhancedCBTCollector - INFO - Starting enhanced collection from nhs_cbt: https://www.nhs.uk/mental-health/talking-therapies-medicine-treatments/
2025-07-27 13:27:34,668 - EnhancedCBTCollector - WARNING - Content from https://www.nhs.uk/mental-health/talking-therapies-medicine-treatments/ failed quality assessment (Score: 20)
2025-07-27 13:27:36,674 - EnhancedCBTCollector - INFO - Starting enhanced collection from nhs_cbt: https://www.nhs.uk/mental-health/talking-therapies-medicine-treatments/talking-therapies-and-counselling/nhs-talking-therapies/
2025-07-27 13:27:36,712 - EnhancedCBTCollector - INFO - Collected high-quality content from https://www.nhs.uk/mental-health/talking-therapies-medicine-treatments/talking-therapies-and-counselling/nhs-talking-therapies/ (Score: 70)
2025-07-27 13:27:38,715 - EnhancedCBTCollector - INFO - Starting enhanced collection from nhs_cbt: https://www.nhs.uk/mental-health/talking-therapies-medicine-treatments/
2025-07-27 13:27:38,736 - EnhancedCBTCollector - ERROR - Failed to collect from https://www.nhs.uk/mental-health/talking-therapies-medicine-treatments/: maximum recursion depth exceeded while calling a Python object
2025-07-27 13:27:40,740 - EnhancedCBTCollector - INFO - Starting enhanced collection from nhs_cbt: https://www.nhs.uk/mental-health/talking-therapies-medicine-treatments/talking-therapies-and-counselling/
2025-07-27 13:27:40,770 - EnhancedCBTCollector - ERROR - Failed to collect from https://www.nhs.uk/mental-health/talking-therapies-medicine-treatments/talking-therapies-and-counselling/: maximum recursion depth exceeded while calling a Python object
2025-07-27 13:27:42,779 - EnhancedCBTCollector - INFO - Starting enhanced collection from nhs_cbt: https://www.nhs.uk/mental-health/talking-therapies-medicine-treatments/talking-therapies-and-counselling/
2025-07-27 13:27:42,806 - EnhancedCBTCollector - WARNING - Content from https://www.nhs.uk/mental-health/talking-therapies-medicine-treatments/talking-therapies-and-counselling/ failed quality assessment (Score: 50)
2025-07-27 13:27:44,817 - EnhancedCBTCollector - INFO - Starting enhanced collection from nhs_cbt: https://www.nhs.uk/mental-health/talking-therapies-medicine-treatments/
2025-07-27 13:27:44,850 - EnhancedCBTCollector - ERROR - Failed to collect from https://www.nhs.uk/mental-health/talking-therapies-medicine-treatments/: maximum recursion depth exceeded while calling a Python object
2025-07-27 13:27:46,857 - EnhancedCBTCollector - INFO - Starting enhanced collection from nhs_cbt: https://www.nhs.uk/mental-health/talking-therapies-medicine-treatments/talking-therapies-and-counselling/benefits-of-talking-therapies/
2025-07-27 13:27:46,878 - EnhancedCBTCollector - ERROR - Failed to collect from https://www.nhs.uk/mental-health/talking-therapies-medicine-treatments/talking-therapies-and-counselling/benefits-of-talking-therapies/: maximum recursion depth exceeded while calling a Python object
2025-07-27 13:27:48,883 - EnhancedCBTCollector - INFO - Starting enhanced collection from nhs_cbt: https://www.nhs.uk/mental-health/talking-therapies-medicine-treatments/medicines-and-psychiatry/
2025-07-27 13:27:48,924 - EnhancedCBTCollector - WARNING - Content from https://www.nhs.uk/mental-health/talking-therapies-medicine-treatments/medicines-and-psychiatry/ failed quality assessment (Score: 20)
2025-07-27 13:27:50,939 - EnhancedCBTCollector - INFO - Starting enhanced collection from nhs_cbt: https://www.nhs.uk/mental-health/talking-therapies-medicine-treatments/
2025-07-27 13:27:50,965 - EnhancedCBTCollector - ERROR - Failed to collect from https://www.nhs.uk/mental-health/talking-therapies-medicine-treatments/: maximum recursion depth exceeded while calling a Python object
2025-07-27 13:27:52,965 - EnhancedCBTCollector - INFO - Starting enhanced collection from nhs_cbt: https://www.nhs.uk/mental-health/talking-therapies-medicine-treatments/medicines-and-psychiatry/psychiatry/
2025-07-27 13:27:52,992 - EnhancedCBTCollector - ERROR - Failed to collect from https://www.nhs.uk/mental-health/talking-therapies-medicine-treatments/medicines-and-psychiatry/psychiatry/: maximum recursion depth exceeded while calling a Python object
2025-07-27 13:27:55,006 - EnhancedCBTCollector - INFO - Starting enhanced collection from nhs_cbt: https://www.nhs.uk/mental-health/talking-therapies-medicine-treatments/talking-therapies-and-counselling/
2025-07-27 13:27:55,035 - EnhancedCBTCollector - WARNING - Content from https://www.nhs.uk/mental-health/talking-therapies-medicine-treatments/talking-therapies-and-counselling/ failed quality assessment (Score: 50)
2025-07-27 13:27:57,046 - EnhancedCBTCollector - INFO - Starting enhanced collection from nhs_cbt: https://www.nhs.uk/mental-health/talking-therapies-medicine-treatments/
2025-07-27 13:27:57,076 - EnhancedCBTCollector - WARNING - Content from https://www.nhs.uk/mental-health/talking-therapies-medicine-treatments/ failed quality assessment (Score: 20)
2025-07-27 13:27:59,092 - EnhancedCBTCollector - INFO - Starting enhanced collection from nhs_cbt: https://www.nhs.uk/mental-health/talking-therapies-medicine-treatments/talking-therapies-and-counselling/nhs-talking-therapies/
2025-07-27 13:27:59,114 - EnhancedCBTCollector - ERROR - Failed to collect from https://www.nhs.uk/mental-health/talking-therapies-medicine-treatments/talking-therapies-and-counselling/nhs-talking-therapies/: maximum recursion depth exceeded while calling a Python object
2025-07-27 13:28:01,117 - EnhancedCBTCollector - INFO - Starting enhanced collection from nhs_cbt: https://www.nhs.uk/mental-health/talking-therapies-medicine-treatments/talking-therapies-and-counselling/
2025-07-27 13:28:01,220 - EnhancedCBTCollector - ERROR - Failed to collect from https://www.nhs.uk/mental-health/talking-therapies-medicine-treatments/talking-therapies-and-counselling/: maximum recursion depth exceeded while calling a Python object
2025-07-27 13:28:03,235 - EnhancedCBTCollector - INFO - Starting enhanced collection from nhs_cbt: https://www.nhs.uk/mental-health/talking-therapies-medicine-treatments/medicines-and-psychiatry/
2025-07-27 13:28:03,258 - EnhancedCBTCollector - ERROR - Failed to collect from https://www.nhs.uk/mental-health/talking-therapies-medicine-treatments/medicines-and-psychiatry/: maximum recursion depth exceeded while calling a Python object
2025-07-27 13:28:05,271 - EnhancedCBTCollector - INFO - Starting enhanced collection from nhs_cbt: https://www.nhs.uk/mental-health/talking-therapies-medicine-treatments/talking-therapies-and-counselling/benefits-of-talking-therapies/
2025-07-27 13:28:05,309 - EnhancedCBTCollector - WARNING - Content from https://www.nhs.uk/mental-health/talking-therapies-medicine-treatments/talking-therapies-and-counselling/benefits-of-talking-therapies/ failed quality assessment (Score: 45)
2025-07-27 13:28:07,317 - EnhancedCBTCollector - INFO - Starting enhanced collection from nhs_cbt: https://www.nhs.uk/mental-health/talking-therapies-medicine-treatments/
2025-07-27 13:28:07,338 - EnhancedCBTCollector - ERROR - Failed to collect from https://www.nhs.uk/mental-health/talking-therapies-medicine-treatments/: maximum recursion depth exceeded while calling a Python object
2025-07-27 13:28:09,351 - EnhancedCBTCollector - INFO - Starting enhanced collection from nhs_cbt: https://www.nhs.uk/mental-health/talking-therapies-medicine-treatments/talking-therapies-and-counselling/
2025-07-27 13:28:09,375 - EnhancedCBTCollector - ERROR - Failed to collect from https://www.nhs.uk/mental-health/talking-therapies-medicine-treatments/talking-therapies-and-counselling/: maximum recursion depth exceeded while calling a Python object
2025-07-27 13:28:11,385 - EnhancedCBTCollector - INFO - Starting enhanced collection from nhs_cbt: https://www.nhs.uk/mental-health/talking-therapies-medicine-treatments/medicines-and-psychiatry/
2025-07-27 13:28:11,412 - EnhancedCBTCollector - WARNING - Content from https://www.nhs.uk/mental-health/talking-therapies-medicine-treatments/medicines-and-psychiatry/ failed quality assessment (Score: 20)
2025-07-27 13:28:13,419 - EnhancedCBTCollector - INFO - Starting enhanced collection from nhs_cbt: https://www.nhs.uk/mental-health/talking-therapies-medicine-treatments/
2025-07-27 13:28:13,457 - EnhancedCBTCollector - WARNING - Content from https://www.nhs.uk/mental-health/talking-therapies-medicine-treatments/ failed quality assessment (Score: 20)
2025-07-27 13:28:15,469 - EnhancedCBTCollector - INFO - Starting enhanced collection from nhs_cbt: https://www.nhs.uk/mental-health/talking-therapies-medicine-treatments/talking-therapies-and-counselling/nhs-talking-therapies/
2025-07-27 13:28:15,501 - EnhancedCBTCollector - INFO - Collected high-quality content from https://www.nhs.uk/mental-health/talking-therapies-medicine-treatments/talking-therapies-and-counselling/nhs-talking-therapies/ (Score: 70)
2025-07-27 13:28:17,503 - EnhancedCBTCollector - INFO - Starting enhanced collection from nhs_cbt: https://www.nhs.uk/mental-health/talking-therapies-medicine-treatments/
2025-07-27 13:28:17,535 - EnhancedCBTCollector - WARNING - Content from https://www.nhs.uk/mental-health/talking-therapies-medicine-treatments/ failed quality assessment (Score: 20)
2025-07-27 13:28:19,546 - EnhancedCBTCollector - INFO - Starting enhanced collection from nhs_cbt: https://www.nhs.uk/mental-health/talking-therapies-medicine-treatments/talking-therapies-and-counselling/nhs-talking-therapies/
2025-07-27 13:28:19,568 - EnhancedCBTCollector - ERROR - Failed to collect from https://www.nhs.uk/mental-health/talking-therapies-medicine-treatments/talking-therapies-and-counselling/nhs-talking-therapies/: maximum recursion depth exceeded while calling a Python object
2025-07-27 13:28:21,583 - EnhancedCBTCollector - INFO - Starting enhanced collection from nhs_cbt: https://www.nhs.uk/mental-health/talking-therapies-medicine-treatments/talking-therapies-and-counselling/
2025-07-27 13:28:21,603 - EnhancedCBTCollector - ERROR - Failed to collect from https://www.nhs.uk/mental-health/talking-therapies-medicine-treatments/talking-therapies-and-counselling/: maximum recursion depth exceeded while calling a Python object
2025-07-27 13:28:23,604 - EnhancedCBTCollector - INFO - Starting enhanced collection from nhs_cbt: https://www.nhs.uk/mental-health/talking-therapies-medicine-treatments/medicines-and-psychiatry/
2025-07-27 13:28:23,625 - EnhancedCBTCollector - ERROR - Failed to collect from https://www.nhs.uk/mental-health/talking-therapies-medicine-treatments/medicines-and-psychiatry/: maximum recursion depth exceeded while calling a Python object
2025-07-27 13:28:25,633 - EnhancedCBTCollector - INFO - Starting enhanced collection from nhs_cbt: https://www.nhs.uk/mental-health/talking-therapies-medicine-treatments/talking-therapies-and-counselling/
2025-07-27 13:28:25,741 - EnhancedCBTCollector - WARNING - Content from https://www.nhs.uk/mental-health/talking-therapies-medicine-treatments/talking-therapies-and-counselling/ failed quality assessment (Score: 50)
2025-07-27 13:28:27,754 - EnhancedCBTCollector - INFO - Starting enhanced collection from nhs_cbt: https://www.nhs.uk/mental-health/talking-therapies-medicine-treatments/
2025-07-27 13:28:27,774 - EnhancedCBTCollector - ERROR - Failed to collect from https://www.nhs.uk/mental-health/talking-therapies-medicine-treatments/: maximum recursion depth exceeded while calling a Python object
2025-07-27 13:28:29,777 - EnhancedCBTCollector - INFO - Starting enhanced collection from nhs_cbt: https://www.nhs.uk/mental-health/talking-therapies-medicine-treatments/talking-therapies-and-counselling/benefits-of-talking-therapies/
2025-07-27 13:28:29,797 - EnhancedCBTCollector - ERROR - Failed to collect from https://www.nhs.uk/mental-health/talking-therapies-medicine-treatments/talking-therapies-and-counselling/benefits-of-talking-therapies/: maximum recursion depth exceeded while calling a Python object
2025-07-27 13:28:31,804 - EnhancedCBTCollector - INFO - Starting enhanced collection from nhs_cbt: https://www.nhs.uk/mental-health/talking-therapies-medicine-treatments/talking-therapies-and-counselling/
2025-07-27 13:28:31,861 - EnhancedCBTCollector - WARNING - Content from https://www.nhs.uk/mental-health/talking-therapies-medicine-treatments/talking-therapies-and-counselling/ failed quality assessment (Score: 50)
2025-07-27 13:28:33,872 - EnhancedCBTCollector - INFO - Starting enhanced collection from nhs_cbt: https://www.nhs.uk/mental-health/talking-therapies-medicine-treatments/
2025-07-27 13:28:33,906 - EnhancedCBTCollector - WARNING - Content from https://www.nhs.uk/mental-health/talking-therapies-medicine-treatments/ failed quality assessment (Score: 20)
2025-07-27 13:28:35,908 - EnhancedCBTCollector - INFO - Starting enhanced collection from nhs_cbt: https://www.nhs.uk/mental-health/talking-therapies-medicine-treatments/talking-therapies-and-counselling/nhs-talking-therapies/
2025-07-27 13:28:36,040 - EnhancedCBTCollector - ERROR - Failed to collect from https://www.nhs.uk/mental-health/talking-therapies-medicine-treatments/talking-therapies-and-counselling/nhs-talking-therapies/: maximum recursion depth exceeded while calling a Python object
2025-07-27 13:28:38,052 - EnhancedCBTCollector - INFO - Starting enhanced collection from nhs_cbt: https://www.nhs.uk/mental-health/talking-therapies-medicine-treatments/talking-therapies-and-counselling/
2025-07-27 13:28:38,073 - EnhancedCBTCollector - ERROR - Failed to collect from https://www.nhs.uk/mental-health/talking-therapies-medicine-treatments/talking-therapies-and-counselling/: maximum recursion depth exceeded while calling a Python object
2025-07-27 13:28:40,084 - EnhancedCBTCollector - INFO - Starting enhanced collection from nhs_cbt: https://www.nhs.uk/mental-health/talking-therapies-medicine-treatments/medicines-and-psychiatry/
2025-07-27 13:28:40,105 - EnhancedCBTCollector - ERROR - Failed to collect from https://www.nhs.uk/mental-health/talking-therapies-medicine-treatments/medicines-and-psychiatry/: maximum recursion depth exceeded while calling a Python object
2025-07-27 13:28:42,107 - EnhancedCBTCollector - INFO - Starting enhanced collection from nhs_cbt: https://www.nhs.uk/mental-health/talking-therapies-medicine-treatments/talking-therapies-and-counselling/benefits-of-talking-therapies/
2025-07-27 13:28:42,155 - EnhancedCBTCollector - WARNING - Content from https://www.nhs.uk/mental-health/talking-therapies-medicine-treatments/talking-therapies-and-counselling/benefits-of-talking-therapies/ failed quality assessment (Score: 45)
2025-07-27 13:28:44,168 - EnhancedCBTCollector - INFO - Starting enhanced collection from nhs_cbt: https://www.nhs.uk/mental-health/talking-therapies-medicine-treatments/
2025-07-27 13:28:44,213 - EnhancedCBTCollector - ERROR - Failed to collect from https://www.nhs.uk/mental-health/talking-therapies-medicine-treatments/: maximum recursion depth exceeded while calling a Python object
2025-07-27 13:28:46,222 - EnhancedCBTCollector - INFO - Starting enhanced collection from nhs_cbt: https://www.nhs.uk/mental-health/talking-therapies-medicine-treatments/talking-therapies-and-counselling/
2025-07-27 13:28:46,246 - EnhancedCBTCollector - ERROR - Failed to collect from https://www.nhs.uk/mental-health/talking-therapies-medicine-treatments/talking-therapies-and-counselling/: maximum recursion depth exceeded while calling a Python object
2025-07-27 13:28:48,250 - EnhancedCBTCollector - INFO - Starting enhanced collection from nhs_cbt: https://www.nhs.uk/mental-health/talking-therapies-medicine-treatments/medicines-and-psychiatry/
2025-07-27 13:28:48,286 - EnhancedCBTCollector - WARNING - Content from https://www.nhs.uk/mental-health/talking-therapies-medicine-treatments/medicines-and-psychiatry/ failed quality assessment (Score: 20)
2025-07-27 13:28:50,295 - EnhancedCBTCollector - INFO - Starting enhanced collection from nhs_cbt: https://www.nhs.uk/mental-health/talking-therapies-medicine-treatments/
2025-07-27 13:28:50,324 - EnhancedCBTCollector - WARNING - Content from https://www.nhs.uk/mental-health/talking-therapies-medicine-treatments/ failed quality assessment (Score: 20)
2025-07-27 13:28:52,337 - EnhancedCBTCollector - INFO - Starting enhanced collection from nhs_cbt: https://www.nhs.uk/mental-health/talking-therapies-medicine-treatments/talking-therapies-and-counselling/nhs-talking-therapies/
2025-07-27 13:28:52,381 - EnhancedCBTCollector - ERROR - Failed to collect from https://www.nhs.uk/mental-health/talking-therapies-medicine-treatments/talking-therapies-and-counselling/nhs-talking-therapies/: maximum recursion depth exceeded while calling a Python object
2025-07-27 13:28:54,394 - EnhancedCBTCollector - INFO - Starting enhanced collection from nhs_cbt: https://www.nhs.uk/mental-health/talking-therapies-medicine-treatments/talking-therapies-and-counselling/
2025-07-27 13:28:54,414 - EnhancedCBTCollector - ERROR - Failed to collect from https://www.nhs.uk/mental-health/talking-therapies-medicine-treatments/talking-therapies-and-counselling/: maximum recursion depth exceeded while calling a Python object
2025-07-27 13:28:56,428 - EnhancedCBTCollector - INFO - Starting enhanced collection from nhs_cbt: https://www.nhs.uk/mental-health/talking-therapies-medicine-treatments/medicines-and-psychiatry/
2025-07-27 13:28:56,456 - EnhancedCBTCollector - ERROR - Failed to collect from https://www.nhs.uk/mental-health/talking-therapies-medicine-treatments/medicines-and-psychiatry/: maximum recursion depth exceeded while calling a Python object
2025-07-27 13:28:58,470 - EnhancedCBTCollector - INFO - Starting enhanced collection from nhs_cbt: https://www.nhs.uk/mental-health/talking-therapies-medicine-treatments/medicines-and-psychiatry/psychiatry/
2025-07-27 13:28:58,510 - EnhancedCBTCollector - INFO - Collected high-quality content from https://www.nhs.uk/mental-health/talking-therapies-medicine-treatments/medicines-and-psychiatry/psychiatry/ (Score: 65)
2025-07-27 13:29:00,512 - EnhancedCBTCollector - INFO - Starting enhanced collection from nhs_cbt: https://www.nhs.uk/mental-health/talking-therapies-medicine-treatments/
2025-07-27 13:29:00,533 - EnhancedCBTCollector - ERROR - Failed to collect from https://www.nhs.uk/mental-health/talking-therapies-medicine-treatments/: maximum recursion depth exceeded while calling a Python object
2025-07-27 13:29:02,537 - EnhancedCBTCollector - INFO - Starting enhanced collection from nhs_cbt: https://www.nhs.uk/mental-health/talking-therapies-medicine-treatments/medicines-and-psychiatry/
2025-07-27 13:29:02,566 - EnhancedCBTCollector - ERROR - Failed to collect from https://www.nhs.uk/mental-health/talking-therapies-medicine-treatments/medicines-and-psychiatry/: maximum recursion depth exceeded while calling a Python object
2025-07-27 13:29:04,575 - EnhancedCBTCollector - INFO - Starting enhanced collection from nhs_cbt: https://www.nhs.uk/mental-health/talking-therapies-medicine-treatments/medicines-and-psychiatry/psychiatry/
2025-07-27 13:29:04,613 - EnhancedCBTCollector - INFO - Collected high-quality content from https://www.nhs.uk/mental-health/talking-therapies-medicine-treatments/medicines-and-psychiatry/psychiatry/ (Score: 65)
2025-07-27 13:29:06,620 - EnhancedCBTCollector - INFO - Starting enhanced collection from nhs_cbt: https://www.nhs.uk/mental-health/talking-therapies-medicine-treatments/
2025-07-27 13:29:06,675 - EnhancedCBTCollector - WARNING - Content from https://www.nhs.uk/mental-health/talking-therapies-medicine-treatments/ failed quality assessment (Score: 20)
2025-07-27 13:29:08,682 - EnhancedCBTCollector - INFO - Starting enhanced collection from nhs_cbt: https://www.nhs.uk/mental-health/talking-therapies-medicine-treatments/talking-therapies-and-counselling/nhs-talking-therapies/
2025-07-27 13:29:08,714 - EnhancedCBTCollector - INFO - Collected high-quality content from https://www.nhs.uk/mental-health/talking-therapies-medicine-treatments/talking-therapies-and-counselling/nhs-talking-therapies/ (Score: 70)
2025-07-27 13:29:10,724 - EnhancedCBTCollector - INFO - Starting enhanced collection from nhs_cbt: https://www.nhs.uk/mental-health/talking-therapies-medicine-treatments/
2025-07-27 13:29:10,771 - EnhancedCBTCollector - ERROR - Failed to collect from https://www.nhs.uk/mental-health/talking-therapies-medicine-treatments/: maximum recursion depth exceeded while calling a Python object
2025-07-27 13:32:08,805 - EnhancedCBTCollector - INFO - Collecting from nhs_cbt (Priority: 1)
2025-07-27 13:32:08,805 - EnhancedCBTCollector - INFO - Starting enhanced collection from nhs_cbt: https://www.nhs.uk/mental-health/talking-therapies-medicine-treatments/talking-therapies-and-counselling/cognitive-behavioural-therapy-cbt/ (depth: 0)
2025-07-27 13:32:08,849 - EnhancedCBTCollector - INFO - Collected high-quality content from https://www.nhs.uk/mental-health/talking-therapies-medicine-treatments/talking-therapies-and-counselling/cognitive-behavioural-therapy-cbt/ (Score: 90)
2025-07-27 13:32:10,861 - EnhancedCBTCollector - INFO - Starting enhanced collection from nhs_cbt: https://www.nhs.uk/mental-health/talking-therapies-medicine-treatments/ (depth: 1)
2025-07-27 13:32:10,891 - EnhancedCBTCollector - WARNING - Content from https://www.nhs.uk/mental-health/talking-therapies-medicine-treatments/ failed quality assessment (Score: 50)
2025-07-27 13:32:12,897 - EnhancedCBTCollector - INFO - Starting enhanced collection from nhs_cbt: https://www.nhs.uk/mental-health/talking-therapies-medicine-treatments/talking-therapies-and-counselling/nhs-talking-therapies/ (depth: 2)
2025-07-27 13:32:12,929 - EnhancedCBTCollector - INFO - Collected high-quality content from https://www.nhs.uk/mental-health/talking-therapies-medicine-treatments/talking-therapies-and-counselling/nhs-talking-therapies/ (Score: 80)
2025-07-27 13:32:18,952 - EnhancedCBTCollector - INFO - Starting enhanced collection from nhs_cbt: https://www.nhs.uk/mental-health/talking-therapies-medicine-treatments/talking-therapies-and-counselling/ (depth: 2)
2025-07-27 13:32:18,980 - EnhancedCBTCollector - INFO - Collected high-quality content from https://www.nhs.uk/mental-health/talking-therapies-medicine-treatments/talking-therapies-and-counselling/ (Score: 60)
2025-07-27 13:32:25,015 - EnhancedCBTCollector - INFO - Starting enhanced collection from nhs_cbt: https://www.nhs.uk/mental-health/talking-therapies-medicine-treatments/medicines-and-psychiatry/ (depth: 2)
2025-07-27 13:32:25,069 - EnhancedCBTCollector - WARNING - Content from https://www.nhs.uk/mental-health/talking-therapies-medicine-treatments/medicines-and-psychiatry/ failed quality assessment (Score: 20)
2025-07-27 13:32:31,085 - EnhancedCBTCollector - INFO - Starting enhanced collection from nhs_cbt: https://www.nhs.uk/mental-health/talking-therapies-medicine-treatments/talking-therapies-and-counselling/ (depth: 1)
2025-07-27 13:32:31,138 - EnhancedCBTCollector - INFO - Collected high-quality content from https://www.nhs.uk/mental-health/talking-therapies-medicine-treatments/talking-therapies-and-counselling/ (Score: 60)
2025-07-27 13:32:33,148 - EnhancedCBTCollector - INFO - Starting enhanced collection from nhs_cbt: https://www.nhs.uk/mental-health/talking-therapies-medicine-treatments/ (depth: 2)
2025-07-27 13:32:33,175 - EnhancedCBTCollector - WARNING - Content from https://www.nhs.uk/mental-health/talking-therapies-medicine-treatments/ failed quality assessment (Score: 50)
2025-07-27 13:32:41,200 - EnhancedCBTCollector - INFO - Starting enhanced collection from nhs_cbt: https://www.nhs.uk/mental-health/talking-therapies-medicine-treatments/talking-therapies-and-counselling/benefits-of-talking-therapies/ (depth: 2)
2025-07-27 13:32:41,250 - EnhancedCBTCollector - WARNING - Content from https://www.nhs.uk/mental-health/talking-therapies-medicine-treatments/talking-therapies-and-counselling/benefits-of-talking-therapies/ failed quality assessment (Score: 55)
2025-07-27 13:32:45,262 - EnhancedCBTCollector - INFO - Saved 4 items to cbt_data\raw_data\government\nhs_cbt_20250727_133245.json
2025-07-27 13:32:50,271 - EnhancedCBTCollector - INFO - Collecting from cci_australia (Priority: 1)
2025-07-27 13:32:50,271 - EnhancedCBTCollector - INFO - Starting enhanced collection from cci_australia: https://www.cci.health.wa.gov.au/Resources/Looking-After-Yourself (depth: 0)
2025-07-27 13:32:55,127 - EnhancedCBTCollector - WARNING - Content from https://www.cci.health.wa.gov.au/Resources/Looking-After-Yourself failed quality assessment (Score: 45)
2025-07-27 13:35:09,346 - EnhancedCBTCollector - INFO - Collecting from nhs_cbt (Priority: 1)
2025-07-27 13:35:09,346 - EnhancedCBTCollector - INFO - Starting enhanced collection from nhs_cbt: https://www.nhs.uk/mental-health/talking-therapies-medicine-treatments/talking-therapies-and-counselling/cognitive-behavioural-therapy-cbt/ (depth: 0)
2025-07-27 13:35:09,389 - EnhancedCBTCollector - INFO - Collected high-quality content from https://www.nhs.uk/mental-health/talking-therapies-medicine-treatments/talking-therapies-and-counselling/cognitive-behavioural-therapy-cbt/ (Score: 90)
2025-07-27 13:35:11,402 - EnhancedCBTCollector - INFO - Starting enhanced collection from nhs_cbt: https://www.nhs.uk/mental-health/talking-therapies-medicine-treatments/ (depth: 1)
2025-07-27 13:35:11,431 - EnhancedCBTCollector - INFO - Collected high-quality content from https://www.nhs.uk/mental-health/talking-therapies-medicine-treatments/ (Score: 60)
2025-07-27 13:35:13,439 - EnhancedCBTCollector - INFO - Starting enhanced collection from nhs_cbt: https://www.nhs.uk/mental-health/talking-therapies-medicine-treatments/talking-therapies-and-counselling/nhs-talking-therapies/ (depth: 2)
2025-07-27 13:35:13,541 - EnhancedCBTCollector - INFO - Collected high-quality content from https://www.nhs.uk/mental-health/talking-therapies-medicine-treatments/talking-therapies-and-counselling/nhs-talking-therapies/ (Score: 100)
2025-07-27 13:35:19,569 - EnhancedCBTCollector - INFO - Starting enhanced collection from nhs_cbt: https://www.nhs.uk/mental-health/talking-therapies-medicine-treatments/talking-therapies-and-counselling/ (depth: 2)
2025-07-27 13:35:19,606 - EnhancedCBTCollector - INFO - Collected high-quality content from https://www.nhs.uk/mental-health/talking-therapies-medicine-treatments/talking-therapies-and-counselling/ (Score: 60)
2025-07-27 13:35:25,627 - EnhancedCBTCollector - INFO - Starting enhanced collection from nhs_cbt: https://www.nhs.uk/mental-health/talking-therapies-medicine-treatments/medicines-and-psychiatry/ (depth: 2)
2025-07-27 13:35:25,666 - EnhancedCBTCollector - INFO - Collected high-quality content from https://www.nhs.uk/mental-health/talking-therapies-medicine-treatments/medicines-and-psychiatry/ (Score: 50)
2025-07-27 13:35:31,690 - EnhancedCBTCollector - INFO - Starting enhanced collection from nhs_cbt: https://www.nhs.uk/mental-health/talking-therapies-medicine-treatments/talking-therapies-and-counselling/ (depth: 1)
2025-07-27 13:35:31,727 - EnhancedCBTCollector - INFO - Collected high-quality content from https://www.nhs.uk/mental-health/talking-therapies-medicine-treatments/talking-therapies-and-counselling/ (Score: 60)
2025-07-27 13:35:33,740 - EnhancedCBTCollector - INFO - Starting enhanced collection from nhs_cbt: https://www.nhs.uk/mental-health/talking-therapies-medicine-treatments/ (depth: 2)
2025-07-27 13:35:33,794 - EnhancedCBTCollector - INFO - Collected high-quality content from https://www.nhs.uk/mental-health/talking-therapies-medicine-treatments/ (Score: 60)
2025-07-27 13:35:41,838 - EnhancedCBTCollector - INFO - Starting enhanced collection from nhs_cbt: https://www.nhs.uk/mental-health/talking-therapies-medicine-treatments/talking-therapies-and-counselling/benefits-of-talking-therapies/ (depth: 2)
2025-07-27 13:35:41,880 - EnhancedCBTCollector - INFO - Collected high-quality content from https://www.nhs.uk/mental-health/talking-therapies-medicine-treatments/talking-therapies-and-counselling/benefits-of-talking-therapies/ (Score: 75)
2025-07-27 13:35:45,907 - EnhancedCBTCollector - INFO - Saved 8 items to cbt_data\raw_data\government\nhs_cbt_20250727_133545.json
2025-07-27 13:35:50,913 - EnhancedCBTCollector - INFO - Collecting from cci_australia (Priority: 1)
2025-07-27 13:35:50,913 - EnhancedCBTCollector - INFO - Starting enhanced collection from cci_australia: https://www.cci.health.wa.gov.au/Resources/Looking-After-Yourself (depth: 0)
2025-07-27 13:35:52,386 - EnhancedCBTCollector - INFO - Collected high-quality content from https://www.cci.health.wa.gov.au/Resources/Looking-After-Yourself (Score: 85)
2025-07-27 13:35:54,403 - EnhancedCBTCollector - INFO - Starting enhanced collection from cci_australia: https://www.cci.health.wa.gov.au/Treatment/Overview (depth: 1)
2025-07-27 13:35:56,220 - EnhancedCBTCollector - INFO - Collected high-quality content from https://www.cci.health.wa.gov.au/Treatment/Overview (Score: 85)
2025-07-27 13:35:58,231 - EnhancedCBTCollector - INFO - Starting enhanced collection from cci_australia: https://www.cci.health.wa.gov.au/Treatment/Overview (depth: 2)
2025-07-27 13:36:00,009 - EnhancedCBTCollector - INFO - Collected high-quality content from https://www.cci.health.wa.gov.au/Treatment/Overview (Score: 85)
2025-07-27 13:36:08,047 - EnhancedCBTCollector - INFO - Starting enhanced collection from cci_australia: https://www.cci.health.wa.gov.au/Treatment/Mood-Management-Course (depth: 2)
2025-07-27 13:36:09,565 - EnhancedCBTCollector - INFO - Collected high-quality content from https://www.cci.health.wa.gov.au/Treatment/Mood-Management-Course (Score: 85)
2025-07-27 13:36:17,597 - EnhancedCBTCollector - INFO - Starting enhanced collection from cci_australia: https://www.cci.health.wa.gov.au/Treatment/Bipolar-Course (depth: 2)
2025-07-27 13:36:19,106 - EnhancedCBTCollector - INFO - Collected high-quality content from https://www.cci.health.wa.gov.au/Treatment/Bipolar-Course (Score: 85)
2025-07-27 13:36:27,137 - EnhancedCBTCollector - INFO - Starting enhanced collection from cci_australia: https://www.cci.health.wa.gov.au/Treatment/Mood-Management-Course (depth: 1)
2025-07-27 13:36:28,626 - EnhancedCBTCollector - INFO - Collected high-quality content from https://www.cci.health.wa.gov.au/Treatment/Mood-Management-Course (Score: 85)
2025-07-27 13:36:30,633 - EnhancedCBTCollector - INFO - Starting enhanced collection from cci_australia: https://www.cci.health.wa.gov.au/Treatment/Overview (depth: 2)
2025-07-27 13:36:32,121 - EnhancedCBTCollector - INFO - Collected high-quality content from https://www.cci.health.wa.gov.au/Treatment/Overview (Score: 85)
2025-07-27 13:36:40,155 - EnhancedCBTCollector - INFO - Starting enhanced collection from cci_australia: https://www.cci.health.wa.gov.au/Treatment/Mood-Management-Course (depth: 2)
2025-07-27 13:36:41,626 - EnhancedCBTCollector - INFO - Collected high-quality content from https://www.cci.health.wa.gov.au/Treatment/Mood-Management-Course (Score: 85)
2025-07-27 13:36:49,658 - EnhancedCBTCollector - INFO - Starting enhanced collection from cci_australia: https://www.cci.health.wa.gov.au/Treatment/Bipolar-Course (depth: 2)
2025-07-27 13:36:50,846 - EnhancedCBTCollector - INFO - Collected high-quality content from https://www.cci.health.wa.gov.au/Treatment/Bipolar-Course (Score: 85)
2025-07-27 13:36:58,867 - EnhancedCBTCollector - INFO - Starting enhanced collection from cci_australia: https://www.cci.health.wa.gov.au/Treatment/Bipolar-Course (depth: 1)
2025-07-27 13:37:00,095 - EnhancedCBTCollector - INFO - Collected high-quality content from https://www.cci.health.wa.gov.au/Treatment/Bipolar-Course (Score: 85)
2025-07-27 13:37:02,101 - EnhancedCBTCollector - INFO - Starting enhanced collection from cci_australia: https://www.cci.health.wa.gov.au/Treatment/Overview (depth: 2)
2025-07-27 13:37:03,597 - EnhancedCBTCollector - INFO - Collected high-quality content from https://www.cci.health.wa.gov.au/Treatment/Overview (Score: 85)
2025-07-27 13:37:11,631 - EnhancedCBTCollector - INFO - Starting enhanced collection from cci_australia: https://www.cci.health.wa.gov.au/Treatment/Mood-Management-Course (depth: 2)
2025-07-27 13:37:13,142 - EnhancedCBTCollector - INFO - Collected high-quality content from https://www.cci.health.wa.gov.au/Treatment/Mood-Management-Course (Score: 85)
2025-07-27 13:37:21,173 - EnhancedCBTCollector - INFO - Starting enhanced collection from cci_australia: https://www.cci.health.wa.gov.au/Treatment/Bipolar-Course (depth: 2)
2025-07-27 13:37:23,305 - EnhancedCBTCollector - INFO - Collected high-quality content from https://www.cci.health.wa.gov.au/Treatment/Bipolar-Course (Score: 85)
2025-07-27 13:37:29,335 - EnhancedCBTCollector - INFO - Saved 13 items to cbt_data\raw_data\government\cci_australia_20250727_133729.json
2025-07-27 13:37:34,347 - EnhancedCBTCollector - INFO - Collecting from nimh_psychotherapy (Priority: 1)
2025-07-27 13:37:34,347 - EnhancedCBTCollector - INFO - Starting enhanced collection from nimh_psychotherapy: https://www.nimh.nih.gov/health/topics/psychotherapies (depth: 0)
2025-07-27 13:37:34,750 - EnhancedCBTCollector - INFO - Collected high-quality content from https://www.nimh.nih.gov/health/topics/psychotherapies (Score: 80)
2025-07-27 13:37:36,760 - EnhancedCBTCollector - INFO - Starting enhanced collection from nimh_psychotherapy: https://www.nimh.nih.gov/health/statistics (depth: 1)
2025-07-27 13:37:37,088 - EnhancedCBTCollector - INFO - Collected high-quality content from https://www.nimh.nih.gov/health/statistics (Score: 80)
2025-07-27 13:37:39,107 - EnhancedCBTCollector - INFO - Starting enhanced collection from nimh_psychotherapy: https://www.nimh.nih.gov/health/statistics (depth: 2)
2025-07-27 13:37:39,412 - EnhancedCBTCollector - INFO - Collected high-quality content from https://www.nimh.nih.gov/health/statistics (Score: 80)
2025-07-27 13:37:47,434 - EnhancedCBTCollector - INFO - Starting enhanced collection from nimh_psychotherapy: https://www.nimh.nih.gov/health/statistics/any-anxiety-disorder (depth: 2)
2025-07-27 13:37:47,948 - EnhancedCBTCollector - INFO - Collected high-quality content from https://www.nimh.nih.gov/health/statistics/any-anxiety-disorder (Score: 75)
2025-07-27 13:37:55,978 - EnhancedCBTCollector - INFO - Starting enhanced collection from nimh_psychotherapy: https://www.nimh.nih.gov/health/statistics/generalized-anxiety-disorder (depth: 2)
2025-07-27 13:37:56,375 - EnhancedCBTCollector - INFO - Collected high-quality content from https://www.nimh.nih.gov/health/statistics/generalized-anxiety-disorder (Score: 65)
2025-07-27 13:38:04,402 - EnhancedCBTCollector - INFO - Starting enhanced collection from nimh_psychotherapy: https://www.nimh.nih.gov/health/topics/anxiety-disorders#part_2225 (depth: 1)
2025-07-27 13:38:04,705 - EnhancedCBTCollector - INFO - Collected high-quality content from https://www.nimh.nih.gov/health/topics/anxiety-disorders#part_2225 (Score: 100)
2025-07-27 13:38:06,714 - EnhancedCBTCollector - INFO - Starting enhanced collection from nimh_psychotherapy: https://www.nimh.nih.gov/health/statistics (depth: 2)
2025-07-27 13:38:07,038 - EnhancedCBTCollector - INFO - Collected high-quality content from https://www.nimh.nih.gov/health/statistics (Score: 80)
2025-07-27 13:38:15,072 - EnhancedCBTCollector - INFO - Starting enhanced collection from nimh_psychotherapy: https://www.facebook.com/dialog/share?app_id=1086499805165807&display=popup&href=https://www.nimh.nih.gov%2Fhealth%2Ftopics%2Fanxiety-disorders&redirect_uri=https://www.nimh.nih.gov%2Fhealth%2Ftopics%2Fanxiety-disorders (depth: 2)
2025-07-27 13:38:15,352 - EnhancedCBTCollector - WARNING - Content from https://www.facebook.com/dialog/share?app_id=1086499805165807&display=popup&href=https://www.nimh.nih.gov%2Fhealth%2Ftopics%2Fanxiety-disorders&redirect_uri=https://www.nimh.nih.gov%2Fhealth%2Ftopics%2Fanxiety-disorders failed quality assessment (Score: 0)
2025-07-27 13:38:17,361 - EnhancedCBTCollector - INFO - Starting enhanced collection from nimh_psychotherapy: https://x.com/intent/post?url=https://www.nimh.nih.gov%2Fhealth%2Ftopics%2Fanxiety-disorders&text=Anxiety%20Disorders (depth: 2)
2025-07-27 13:38:17,514 - EnhancedCBTCollector - ERROR - Failed to collect from https://x.com/intent/post?url=https://www.nimh.nih.gov%2Fhealth%2Ftopics%2Fanxiety-disorders&text=Anxiety%20Disorders: 400 Client Error: Bad Request for url: https://x.com/intent/post?url=https://www.nimh.nih.gov%2Fhealth%2Ftopics%2Fanxiety-disorders&text=Anxiety%20Disorders
2025-07-27 13:38:19,523 - EnhancedCBTCollector - INFO - Starting enhanced collection from nimh_psychotherapy: https://www.nimh.nih.gov/health/topics/anxiety-disorders (depth: 1)
2025-07-27 13:38:19,854 - EnhancedCBTCollector - INFO - Collected high-quality content from https://www.nimh.nih.gov/health/topics/anxiety-disorders (Score: 100)
2025-07-27 13:38:21,866 - EnhancedCBTCollector - INFO - Starting enhanced collection from nimh_psychotherapy: https://www.nimh.nih.gov/health/statistics (depth: 2)
2025-07-27 13:38:22,169 - EnhancedCBTCollector - INFO - Collected high-quality content from https://www.nimh.nih.gov/health/statistics (Score: 80)
2025-07-27 13:38:30,198 - EnhancedCBTCollector - INFO - Starting enhanced collection from nimh_psychotherapy: https://www.facebook.com/dialog/share?app_id=1086499805165807&display=popup&href=https://www.nimh.nih.gov%2Fhealth%2Ftopics%2Fanxiety-disorders&redirect_uri=https://www.nimh.nih.gov%2Fhealth%2Ftopics%2Fanxiety-disorders (depth: 2)
2025-07-27 13:38:30,488 - EnhancedCBTCollector - WARNING - Content from https://www.facebook.com/dialog/share?app_id=1086499805165807&display=popup&href=https://www.nimh.nih.gov%2Fhealth%2Ftopics%2Fanxiety-disorders&redirect_uri=https://www.nimh.nih.gov%2Fhealth%2Ftopics%2Fanxiety-disorders failed quality assessment (Score: 0)
2025-07-27 13:38:32,503 - EnhancedCBTCollector - INFO - Starting enhanced collection from nimh_psychotherapy: https://x.com/intent/post?url=https://www.nimh.nih.gov%2Fhealth%2Ftopics%2Fanxiety-disorders&text=Anxiety%20Disorders (depth: 2)
2025-07-27 13:38:32,667 - EnhancedCBTCollector - ERROR - Failed to collect from https://x.com/intent/post?url=https://www.nimh.nih.gov%2Fhealth%2Ftopics%2Fanxiety-disorders&text=Anxiety%20Disorders: 400 Client Error: Bad Request for url: https://x.com/intent/post?url=https://www.nimh.nih.gov%2Fhealth%2Ftopics%2Fanxiety-disorders&text=Anxiety%20Disorders
2025-07-27 13:38:32,668 - EnhancedCBTCollector - INFO - Saved 9 items to cbt_data\raw_data\government\nimh_psychotherapy_20250727_133832.json
2025-07-27 13:38:37,683 - EnhancedCBTCollector - INFO - Collecting from who_mental_health (Priority: 1)
2025-07-27 13:38:37,683 - EnhancedCBTCollector - INFO - Starting enhanced collection from who_mental_health: https://www.who.int/mental_disorders/management/en/ (depth: 0)
2025-07-27 13:38:38,051 - EnhancedCBTCollector - ERROR - Failed to collect from https://www.who.int/mental_disorders/management/en/: 404 Client Error: not found for url: https://www.who.int/mental_disorders/management/en/
2025-07-27 13:38:43,054 - EnhancedCBTCollector - INFO - Collecting from who_self_help (Priority: 1)
2025-07-27 13:38:43,054 - EnhancedCBTCollector - INFO - Starting enhanced collection from who_self_help: https://www.who.int/publications/i/item/9789240003927 (depth: 0)
2025-07-27 13:38:43,704 - EnhancedCBTCollector - INFO - Collected high-quality content from https://www.who.int/publications/i/item/9789240003927 (Score: 60)
2025-07-27 13:38:43,710 - EnhancedCBTCollector - INFO - Saved 1 items to cbt_data\raw_data\international_orgs\who_self_help_20250727_133843.json
2025-07-27 13:38:48,720 - EnhancedCBTCollector - INFO - Collecting from nice_depression (Priority: 1)
2025-07-27 13:38:48,720 - EnhancedCBTCollector - INFO - Starting enhanced collection from nice_depression: https://www.nice.org.uk/guidance/ng222 (depth: 0)
2025-07-27 13:38:48,839 - EnhancedCBTCollector - INFO - Collected high-quality content from https://www.nice.org.uk/guidance/ng222 (Score: 85)
2025-07-27 13:38:50,855 - EnhancedCBTCollector - INFO - Starting enhanced collection from nice_depression: https://www.nice.org.uk/guidance/ng222/resources/depression-in-adults-treatment-and-management-pdf-66143832307909 (depth: 1)
2025-07-27 13:38:53,243 - EnhancedCBTCollector - INFO - Starting enhanced collection from nice_depression: http://www.nice.org.uk/guidance/CG91 (depth: 1)
2025-07-27 13:38:53,500 - EnhancedCBTCollector - INFO - Collected high-quality content from http://www.nice.org.uk/guidance/CG91 (Score: 85)
2025-07-27 13:38:55,504 - EnhancedCBTCollector - INFO - Starting enhanced collection from nice_depression: http://www.nice.org.uk/guidance/cg91/resources/depression-in-adults-with-a-chronic-physical-health-problem-recognition-and-management-pdf-975744316357 (depth: 2)
2025-07-27 13:38:57,836 - EnhancedCBTCollector - INFO - Starting enhanced collection from nice_depression: https://www.nice.org.uk/guidance/ng222 (depth: 2)
2025-07-27 13:38:57,963 - EnhancedCBTCollector - INFO - Collected high-quality content from https://www.nice.org.uk/guidance/ng222 (Score: 85)
2025-07-27 13:41:33,500 - EnhancedCBTCollector - INFO - Collecting from nhs_cbt (Priority: 1)
2025-07-27 13:41:33,500 - EnhancedCBTCollector - INFO - Starting enhanced collection from nhs_cbt: https://www.nhs.uk/mental-health/talking-therapies-medicine-treatments/talking-therapies-and-counselling/cognitive-behavioural-therapy-cbt/ (depth: 0)
2025-07-27 13:41:33,550 - EnhancedCBTCollector - INFO - Collected high-quality content from https://www.nhs.uk/mental-health/talking-therapies-medicine-treatments/talking-therapies-and-counselling/cognitive-behavioural-therapy-cbt/ (Score: 90)
2025-07-27 13:41:35,568 - EnhancedCBTCollector - INFO - Starting enhanced collection from nhs_cbt: https://www.nhs.uk/health-a-to-z/ (depth: 1)
2025-07-27 13:41:35,600 - EnhancedCBTCollector - INFO - Collected high-quality content from https://www.nhs.uk/health-a-to-z/ (Score: 60)
2025-07-27 13:41:37,616 - EnhancedCBTCollector - INFO - Starting enhanced collection from nhs_cbt: https://www.nhs.uk/health-a-to-z/ (depth: 2)
2025-07-27 13:41:37,648 - EnhancedCBTCollector - INFO - Collected high-quality content from https://www.nhs.uk/health-a-to-z/ (Score: 60)
2025-07-27 13:41:45,666 - EnhancedCBTCollector - INFO - Starting enhanced collection from nhs_cbt: https://www.nhs.uk/mental-health/ (depth: 2)
2025-07-27 13:41:45,700 - EnhancedCBTCollector - INFO - Collected high-quality content from https://www.nhs.uk/mental-health/ (Score: 60)
2025-07-27 13:41:53,724 - EnhancedCBTCollector - INFO - Starting enhanced collection from nhs_cbt: https://www.nhs.uk/health-a-to-z/conditions/ (depth: 2)
2025-07-27 13:41:53,789 - EnhancedCBTCollector - INFO - Collected high-quality content from https://www.nhs.uk/health-a-to-z/conditions/ (Score: 50)
2025-07-27 13:41:59,825 - EnhancedCBTCollector - INFO - Starting enhanced collection from nhs_cbt: https://www.nhs.uk/mental-health/ (depth: 1)
2025-07-27 13:41:59,864 - EnhancedCBTCollector - INFO - Collected high-quality content from https://www.nhs.uk/mental-health/ (Score: 60)
2025-07-27 13:42:01,877 - EnhancedCBTCollector - INFO - Starting enhanced collection from nhs_cbt: https://www.nhs.uk/health-a-to-z/ (depth: 2)
2025-07-27 13:42:01,908 - EnhancedCBTCollector - INFO - Collected high-quality content from https://www.nhs.uk/health-a-to-z/ (Score: 60)
2025-07-27 13:42:09,933 - EnhancedCBTCollector - INFO - Starting enhanced collection from nhs_cbt: https://www.nhs.uk/mental-health/ (depth: 2)
2025-07-27 13:42:09,990 - EnhancedCBTCollector - INFO - Collected high-quality content from https://www.nhs.uk/mental-health/ (Score: 60)
2025-07-27 13:42:18,033 - EnhancedCBTCollector - INFO - Starting enhanced collection from nhs_cbt: https://www.nhs.uk/nhs-services/mental-health-services/get-urgent-help-for-mental-health/ (depth: 2)
2025-07-27 13:42:18,099 - EnhancedCBTCollector - INFO - Collected high-quality content from https://www.nhs.uk/nhs-services/mental-health-services/get-urgent-help-for-mental-health/ (Score: 90)
2025-07-27 13:42:24,107 - EnhancedCBTCollector - INFO - Saved 9 items to cbt_data\raw_data\government\nhs_cbt_20250727_134224.json
2025-07-27 13:42:29,114 - EnhancedCBTCollector - INFO - Collecting from cci_australia (Priority: 1)
2025-07-27 13:42:29,114 - EnhancedCBTCollector - INFO - Starting enhanced collection from cci_australia: https://www.cci.health.wa.gov.au/Resources/Looking-After-Yourself (depth: 0)
2025-07-27 13:42:32,340 - EnhancedCBTCollector - INFO - Collected high-quality content from https://www.cci.health.wa.gov.au/Resources/Looking-After-Yourself (Score: 85)
2025-07-27 13:42:34,347 - EnhancedCBTCollector - INFO - Starting enhanced collection from cci_australia: https://www.cci.health.wa.gov.au/Treatment/Overview (depth: 1)
2025-07-27 13:42:36,106 - EnhancedCBTCollector - INFO - Collected high-quality content from https://www.cci.health.wa.gov.au/Treatment/Overview (Score: 85)
2025-07-27 13:42:38,116 - EnhancedCBTCollector - INFO - Starting enhanced collection from cci_australia: https://www.cci.health.wa.gov.au/Treatment/Overview (depth: 2)
2025-07-27 13:42:39,725 - EnhancedCBTCollector - INFO - Collected high-quality content from https://www.cci.health.wa.gov.au/Treatment/Overview (Score: 85)
2025-07-27 13:42:47,740 - EnhancedCBTCollector - INFO - Starting enhanced collection from cci_australia: https://www.cci.health.wa.gov.au/Treatment/Mood-Management-Course (depth: 2)
2025-07-27 13:42:49,497 - EnhancedCBTCollector - INFO - Collected high-quality content from https://www.cci.health.wa.gov.au/Treatment/Mood-Management-Course (Score: 85)
2025-07-27 13:42:57,526 - EnhancedCBTCollector - INFO - Starting enhanced collection from cci_australia: https://www.cci.health.wa.gov.au/Treatment/Bipolar-Course (depth: 2)
2025-07-27 13:42:59,286 - EnhancedCBTCollector - INFO - Collected high-quality content from https://www.cci.health.wa.gov.au/Treatment/Bipolar-Course (Score: 85)
2025-07-27 13:43:07,327 - EnhancedCBTCollector - INFO - Starting enhanced collection from cci_australia: https://www.cci.health.wa.gov.au/Treatment/Mood-Management-Course (depth: 1)
2025-07-27 13:43:09,087 - EnhancedCBTCollector - INFO - Collected high-quality content from https://www.cci.health.wa.gov.au/Treatment/Mood-Management-Course (Score: 85)
2025-07-27 13:43:11,102 - EnhancedCBTCollector - INFO - Starting enhanced collection from cci_australia: https://www.cci.health.wa.gov.au/Treatment/Overview (depth: 2)
2025-07-27 13:43:12,877 - EnhancedCBTCollector - INFO - Collected high-quality content from https://www.cci.health.wa.gov.au/Treatment/Overview (Score: 85)
2025-07-27 13:43:20,897 - EnhancedCBTCollector - INFO - Starting enhanced collection from cci_australia: https://www.cci.health.wa.gov.au/Treatment/Mood-Management-Course (depth: 2)
2025-07-27 13:43:22,434 - EnhancedCBTCollector - INFO - Collected high-quality content from https://www.cci.health.wa.gov.au/Treatment/Mood-Management-Course (Score: 85)
2025-07-27 13:43:30,456 - EnhancedCBTCollector - INFO - Starting enhanced collection from cci_australia: https://www.cci.health.wa.gov.au/Treatment/Bipolar-Course (depth: 2)
2025-07-27 13:43:31,957 - EnhancedCBTCollector - INFO - Collected high-quality content from https://www.cci.health.wa.gov.au/Treatment/Bipolar-Course (Score: 85)
2025-07-27 13:43:39,982 - EnhancedCBTCollector - INFO - Starting enhanced collection from cci_australia: https://www.cci.health.wa.gov.au/Treatment/Bipolar-Course (depth: 1)
2025-07-27 13:43:41,751 - EnhancedCBTCollector - INFO - Collected high-quality content from https://www.cci.health.wa.gov.au/Treatment/Bipolar-Course (Score: 85)
2025-07-27 13:43:43,760 - EnhancedCBTCollector - INFO - Starting enhanced collection from cci_australia: https://www.cci.health.wa.gov.au/Treatment/Overview (depth: 2)
2025-07-27 13:43:44,948 - EnhancedCBTCollector - INFO - Collected high-quality content from https://www.cci.health.wa.gov.au/Treatment/Overview (Score: 85)
2025-07-27 13:43:52,974 - EnhancedCBTCollector - INFO - Starting enhanced collection from cci_australia: https://www.cci.health.wa.gov.au/Treatment/Mood-Management-Course (depth: 2)
2025-07-27 13:43:54,468 - EnhancedCBTCollector - INFO - Collected high-quality content from https://www.cci.health.wa.gov.au/Treatment/Mood-Management-Course (Score: 85)
2025-07-27 13:44:02,508 - EnhancedCBTCollector - INFO - Starting enhanced collection from cci_australia: https://www.cci.health.wa.gov.au/Treatment/Bipolar-Course (depth: 2)
2025-07-27 13:44:03,698 - EnhancedCBTCollector - INFO - Collected high-quality content from https://www.cci.health.wa.gov.au/Treatment/Bipolar-Course (Score: 85)
2025-07-27 13:44:09,723 - EnhancedCBTCollector - INFO - Saved 13 items to cbt_data\raw_data\government\cci_australia_20250727_134409.json
2025-07-27 13:44:14,732 - EnhancedCBTCollector - INFO - Collecting from nimh_psychotherapy (Priority: 1)
2025-07-27 13:44:14,732 - EnhancedCBTCollector - INFO - Starting enhanced collection from nimh_psychotherapy: https://www.nimh.nih.gov/health/topics/psychotherapies (depth: 0)
2025-07-27 13:44:15,135 - EnhancedCBTCollector - INFO - Collected high-quality content from https://www.nimh.nih.gov/health/topics/psychotherapies (Score: 80)
2025-07-27 13:44:17,153 - EnhancedCBTCollector - INFO - Starting enhanced collection from nimh_psychotherapy: https://www.nimh.nih.gov/health/find-help (depth: 1)
2025-07-27 13:44:17,705 - EnhancedCBTCollector - INFO - Collected high-quality content from https://www.nimh.nih.gov/health/find-help (Score: 90)
2025-07-27 13:44:19,718 - EnhancedCBTCollector - INFO - Starting enhanced collection from nimh_psychotherapy: https://www.nimh.nih.gov/health/find-help (depth: 2)
2025-07-27 13:44:20,035 - EnhancedCBTCollector - INFO - Collected high-quality content from https://www.nimh.nih.gov/health/find-help (Score: 90)
2025-07-27 13:44:28,068 - EnhancedCBTCollector - INFO - Starting enhanced collection from nimh_psychotherapy: https://www.nimh.nih.gov/health/topics/espanol (depth: 2)
2025-07-27 13:44:28,373 - EnhancedCBTCollector - INFO - Collected high-quality content from https://www.nimh.nih.gov/health/topics/espanol (Score: 50)
2025-07-27 13:44:36,406 - EnhancedCBTCollector - INFO - Starting enhanced collection from nimh_psychotherapy: https://www.nimh.nih.gov/health (depth: 2)
2025-07-27 13:44:36,728 - EnhancedCBTCollector - INFO - Collected high-quality content from https://www.nimh.nih.gov/health (Score: 100)
2025-07-27 13:44:44,774 - EnhancedCBTCollector - INFO - Starting enhanced collection from nimh_psychotherapy: https://www.nimh.nih.gov/health/topics/espanol (depth: 1)
2025-07-27 13:44:45,090 - EnhancedCBTCollector - INFO - Collected high-quality content from https://www.nimh.nih.gov/health/topics/espanol (Score: 50)
2025-07-27 13:44:47,103 - EnhancedCBTCollector - INFO - Starting enhanced collection from nimh_psychotherapy: https://www.nimh.nih.gov/health/find-help (depth: 2)
2025-07-27 13:44:47,421 - EnhancedCBTCollector - INFO - Collected high-quality content from https://www.nimh.nih.gov/health/find-help (Score: 90)
2025-07-27 13:44:55,453 - EnhancedCBTCollector - INFO - Starting enhanced collection from nimh_psychotherapy: https://www.nimh.nih.gov/health/topics/espanol (depth: 2)
2025-07-27 13:44:55,753 - EnhancedCBTCollector - INFO - Collected high-quality content from https://www.nimh.nih.gov/health/topics/espanol (Score: 50)
2025-07-27 13:45:03,790 - EnhancedCBTCollector - INFO - Starting enhanced collection from nimh_psychotherapy: https://www.nimh.nih.gov/health (depth: 2)
2025-07-27 13:45:04,108 - EnhancedCBTCollector - INFO - Collected high-quality content from https://www.nimh.nih.gov/health (Score: 100)
2025-07-27 13:45:12,144 - EnhancedCBTCollector - INFO - Starting enhanced collection from nimh_psychotherapy: https://www.nimh.nih.gov/health (depth: 1)
2025-07-27 13:45:12,463 - EnhancedCBTCollector - INFO - Collected high-quality content from https://www.nimh.nih.gov/health (Score: 100)
2025-07-27 13:45:14,480 - EnhancedCBTCollector - INFO - Starting enhanced collection from nimh_psychotherapy: https://www.nimh.nih.gov/health/find-help (depth: 2)
2025-07-27 13:45:14,791 - EnhancedCBTCollector - INFO - Collected high-quality content from https://www.nimh.nih.gov/health/find-help (Score: 90)
2025-07-27 13:45:22,825 - EnhancedCBTCollector - INFO - Starting enhanced collection from nimh_psychotherapy: https://www.nimh.nih.gov/health/topics/espanol (depth: 2)
2025-07-27 13:45:23,131 - EnhancedCBTCollector - INFO - Collected high-quality content from https://www.nimh.nih.gov/health/topics/espanol (Score: 50)
2025-07-27 13:45:31,161 - EnhancedCBTCollector - INFO - Starting enhanced collection from nimh_psychotherapy: https://www.nimh.nih.gov/health (depth: 2)
2025-07-27 13:45:31,467 - EnhancedCBTCollector - INFO - Collected high-quality content from https://www.nimh.nih.gov/health (Score: 100)
2025-07-27 13:45:37,505 - EnhancedCBTCollector - INFO - Saved 13 items to cbt_data\raw_data\government\nimh_psychotherapy_20250727_134537.json
2025-07-27 13:45:42,518 - EnhancedCBTCollector - INFO - Collecting from who_mental_health (Priority: 1)
2025-07-27 13:45:42,518 - EnhancedCBTCollector - INFO - Starting enhanced collection from who_mental_health: https://www.who.int/news-room/fact-sheets/detail/mental-disorders (depth: 0)
2025-07-27 13:45:42,686 - EnhancedCBTCollector - INFO - Collected high-quality content from https://www.who.int/news-room/fact-sheets/detail/mental-disorders (Score: 80)
2025-07-27 13:45:44,701 - EnhancedCBTCollector - INFO - Starting enhanced collection from who_mental_health: https://www.who.int/mega-menu/health-topics (depth: 1)
2025-07-27 13:45:44,948 - EnhancedCBTCollector - INFO - Collected high-quality content from https://www.who.int/mega-menu/health-topics (Score: 55)
2025-07-27 13:45:46,972 - EnhancedCBTCollector - INFO - Starting enhanced collection from who_mental_health: https://www.who.int/ (depth: 2)
2025-07-27 13:45:47,080 - EnhancedCBTCollector - WARNING - Content from https://www.who.int/ failed quality assessment (Score: 0)
2025-07-27 13:45:55,130 - EnhancedCBTCollector - INFO - Starting enhanced collection from who_mental_health: https://www.who.int/mega-menu/health-topics (depth: 2)
2025-07-27 13:45:55,518 - EnhancedCBTCollector - INFO - Collected high-quality content from https://www.who.int/mega-menu/health-topics (Score: 55)
2025-07-27 13:46:03,561 - EnhancedCBTCollector - INFO - Starting enhanced collection from who_mental_health: https://www.who.int/health-topics/ (depth: 2)
2025-07-27 13:46:03,805 - EnhancedCBTCollector - INFO - Collected high-quality content from https://www.who.int/health-topics/ (Score: 55)
2025-07-27 13:46:11,858 - EnhancedCBTCollector - INFO - Starting enhanced collection from who_mental_health: https://www.who.int/health-topics/ (depth: 1)
2025-07-27 13:46:12,747 - EnhancedCBTCollector - INFO - Collected high-quality content from https://www.who.int/health-topics/ (Score: 55)
2025-07-27 13:46:14,779 - EnhancedCBTCollector - INFO - Starting enhanced collection from who_mental_health: https://www.who.int/mega-menu/health-topics (depth: 2)
2025-07-27 13:46:15,040 - EnhancedCBTCollector - INFO - Collected high-quality content from https://www.who.int/mega-menu/health-topics (Score: 55)
2025-07-27 13:46:23,103 - EnhancedCBTCollector - INFO - Starting enhanced collection from who_mental_health: https://www.who.int/health-topics/ (depth: 2)
2025-07-27 13:46:23,361 - EnhancedCBTCollector - INFO - Collected high-quality content from https://www.who.int/health-topics/ (Score: 55)
2025-07-27 13:46:31,424 - EnhancedCBTCollector - INFO - Starting enhanced collection from who_mental_health: https://www.who.int/mega-menu/health-topics/resources (depth: 2)
2025-07-27 13:46:31,632 - EnhancedCBTCollector - INFO - Collected high-quality content from https://www.who.int/mega-menu/health-topics/resources (Score: 65)
2025-07-27 13:46:39,663 - EnhancedCBTCollector - INFO - Starting enhanced collection from who_mental_health: https://www.who.int/mega-menu/health-topics/resources (depth: 1)
2025-07-27 13:46:39,831 - EnhancedCBTCollector - INFO - Collected high-quality content from https://www.who.int/mega-menu/health-topics/resources (Score: 65)
2025-07-27 13:46:41,847 - EnhancedCBTCollector - INFO - Starting enhanced collection from who_mental_health: https://www.who.int/mega-menu/health-topics (depth: 2)
2025-07-27 13:46:42,245 - EnhancedCBTCollector - INFO - Collected high-quality content from https://www.who.int/mega-menu/health-topics (Score: 55)
2025-07-27 13:46:50,312 - EnhancedCBTCollector - INFO - Starting enhanced collection from who_mental_health: https://www.who.int/health-topics/ (depth: 2)
2025-07-27 13:46:50,526 - EnhancedCBTCollector - INFO - Collected high-quality content from https://www.who.int/health-topics/ (Score: 55)
2025-07-27 13:46:58,602 - EnhancedCBTCollector - INFO - Starting enhanced collection from who_mental_health: https://www.who.int/mega-menu/health-topics/resources (depth: 2)
2025-07-27 13:46:58,783 - EnhancedCBTCollector - INFO - Collected high-quality content from https://www.who.int/mega-menu/health-topics/resources (Score: 65)
2025-07-27 13:47:04,810 - EnhancedCBTCollector - INFO - Saved 12 items to cbt_data\raw_data\international_orgs\who_mental_health_20250727_134704.json
2025-07-27 13:47:09,812 - EnhancedCBTCollector - INFO - Collecting from who_self_help (Priority: 1)
2025-07-27 13:47:09,812 - EnhancedCBTCollector - INFO - Starting enhanced collection from who_self_help: https://www.who.int/publications/i/item/9789240003927 (depth: 0)
2025-07-27 13:47:10,279 - EnhancedCBTCollector - INFO - Collected high-quality content from https://www.who.int/publications/i/item/9789240003927 (Score: 60)
2025-07-27 13:47:12,299 - EnhancedCBTCollector - INFO - Starting enhanced collection from who_self_help: https://www.who.int/ (depth: 1)
2025-07-27 13:47:12,410 - EnhancedCBTCollector - WARNING - Content from https://www.who.int/ failed quality assessment (Score: 0)
2025-07-27 13:47:14,426 - EnhancedCBTCollector - INFO - Starting enhanced collection from who_self_help: https://www.who.int/mega-menu/health-topics (depth: 2)
2025-07-27 13:47:14,691 - EnhancedCBTCollector - INFO - Collected high-quality content from https://www.who.int/mega-menu/health-topics (Score: 55)
2025-07-27 13:47:22,752 - EnhancedCBTCollector - INFO - Starting enhanced collection from who_self_help: https://www.who.int/health-topics/ (depth: 2)
2025-07-27 13:47:23,008 - EnhancedCBTCollector - INFO - Collected high-quality content from https://www.who.int/health-topics/ (Score: 55)
2025-07-27 13:47:31,065 - EnhancedCBTCollector - INFO - Starting enhanced collection from who_self_help: https://www.who.int/mega-menu/health-topics/resources (depth: 2)
2025-07-27 13:47:31,244 - EnhancedCBTCollector - INFO - Collected high-quality content from https://www.who.int/mega-menu/health-topics/resources (Score: 65)
2025-07-27 13:47:39,291 - EnhancedCBTCollector - INFO - Starting enhanced collection from who_self_help: https://www.who.int/mega-menu/health-topics (depth: 1)
2025-07-27 13:47:39,590 - EnhancedCBTCollector - INFO - Collected high-quality content from https://www.who.int/mega-menu/health-topics (Score: 55)
2025-07-27 13:47:41,632 - EnhancedCBTCollector - INFO - Starting enhanced collection from who_self_help: https://www.who.int/ (depth: 2)
2025-07-27 13:47:41,764 - EnhancedCBTCollector - WARNING - Content from https://www.who.int/ failed quality assessment (Score: 0)
2025-07-27 13:47:49,879 - EnhancedCBTCollector - INFO - Starting enhanced collection from who_self_help: https://www.who.int/mega-menu/health-topics (depth: 2)
2025-07-27 13:47:50,186 - EnhancedCBTCollector - INFO - Collected high-quality content from https://www.who.int/mega-menu/health-topics (Score: 55)
2025-07-27 13:47:58,252 - EnhancedCBTCollector - INFO - Starting enhanced collection from who_self_help: https://www.who.int/health-topics/ (depth: 2)
2025-07-27 13:47:58,527 - EnhancedCBTCollector - INFO - Collected high-quality content from https://www.who.int/health-topics/ (Score: 55)
2025-07-27 13:48:06,588 - EnhancedCBTCollector - INFO - Starting enhanced collection from who_self_help: https://www.who.int/health-topics/ (depth: 1)
2025-07-27 13:48:07,121 - EnhancedCBTCollector - INFO - Collected high-quality content from https://www.who.int/health-topics/ (Score: 55)
2025-07-27 13:48:09,147 - EnhancedCBTCollector - INFO - Starting enhanced collection from who_self_help: https://www.who.int/mega-menu/health-topics (depth: 2)
2025-07-27 13:48:09,436 - EnhancedCBTCollector - INFO - Collected high-quality content from https://www.who.int/mega-menu/health-topics (Score: 55)
2025-07-27 13:48:17,492 - EnhancedCBTCollector - INFO - Starting enhanced collection from who_self_help: https://www.who.int/health-topics/ (depth: 2)
2025-07-27 13:48:17,731 - EnhancedCBTCollector - INFO - Collected high-quality content from https://www.who.int/health-topics/ (Score: 55)
2025-07-27 13:48:25,792 - EnhancedCBTCollector - INFO - Starting enhanced collection from who_self_help: https://www.who.int/mega-menu/health-topics/resources (depth: 2)
2025-07-27 13:48:25,972 - EnhancedCBTCollector - INFO - Collected high-quality content from https://www.who.int/mega-menu/health-topics/resources (Score: 65)
2025-07-27 13:48:32,025 - EnhancedCBTCollector - INFO - Saved 11 items to cbt_data\raw_data\international_orgs\who_self_help_20250727_134832.json
2025-07-27 13:48:37,034 - EnhancedCBTCollector - INFO - Collecting from nice_depression (Priority: 1)
2025-07-27 13:48:37,034 - EnhancedCBTCollector - INFO - Starting enhanced collection from nice_depression: https://www.nice.org.uk/guidance/ng222 (depth: 0)
2025-07-27 13:48:37,177 - EnhancedCBTCollector - INFO - Collected high-quality content from https://www.nice.org.uk/guidance/ng222 (Score: 85)
2025-07-27 13:48:39,183 - EnhancedCBTCollector - INFO - Starting enhanced collection from nice_depression: http://www.nice.org.uk/guidance/CG91 (depth: 1)
2025-07-27 13:48:39,331 - EnhancedCBTCollector - INFO - Collected high-quality content from http://www.nice.org.uk/guidance/CG91 (Score: 85)
2025-07-27 13:48:41,347 - EnhancedCBTCollector - INFO - Starting enhanced collection from nice_depression: https://www.nice.org.uk/guidance/ng222 (depth: 2)
2025-07-27 13:48:41,469 - EnhancedCBTCollector - INFO - Collected high-quality content from https://www.nice.org.uk/guidance/ng222 (Score: 85)
2025-07-27 13:48:49,503 - EnhancedCBTCollector - INFO - Starting enhanced collection from nice_depression: https://www.nice.org.uk/guidance/cg136 (depth: 2)
2025-07-27 13:48:49,611 - EnhancedCBTCollector - INFO - Collected high-quality content from https://www.nice.org.uk/guidance/cg136 (Score: 85)
2025-07-27 13:48:57,642 - EnhancedCBTCollector - INFO - Starting enhanced collection from nice_depression: https://www.nice.org.uk/about/who-we-are/sustainability (depth: 2)
2025-07-27 13:48:57,742 - EnhancedCBTCollector - INFO - Collected high-quality content from https://www.nice.org.uk/about/who-we-are/sustainability (Score: 100)
2025-07-27 13:49:05,781 - EnhancedCBTCollector - INFO - Starting enhanced collection from nice_depression: https://www.nice.org.uk/guidance/cg136 (depth: 1)
2025-07-27 13:49:05,879 - EnhancedCBTCollector - INFO - Collected high-quality content from https://www.nice.org.uk/guidance/cg136 (Score: 85)
2025-07-27 13:49:07,886 - EnhancedCBTCollector - INFO - Starting enhanced collection from nice_depression: https://www.nice.org.uk/guidance/cg136/resources/2021-surveillance-of-service-user-experience-in-adult-mental-health-improving-the-experience-of-care-for-people-using-adult-nhs-mental-health-services-nice-guideline-cg136-8962432237/chapter/Surveillance-decision?tab=evidence (depth: 2)
2025-07-27 13:49:08,184 - EnhancedCBTCollector - INFO - Collected high-quality content from https://www.nice.org.uk/guidance/cg136/resources/2021-surveillance-of-service-user-experience-in-adult-mental-health-improving-the-experience-of-care-for-people-using-adult-nhs-mental-health-services-nice-guideline-cg136-8962432237/chapter/Surveillance-decision?tab=evidence (Score: 75)
2025-07-27 13:49:16,218 - EnhancedCBTCollector - INFO - Starting enhanced collection from nice_depression: https://www.nice.org.uk/about/who-we-are/sustainability (depth: 2)
2025-07-27 13:49:16,309 - EnhancedCBTCollector - INFO - Collected high-quality content from https://www.nice.org.uk/about/who-we-are/sustainability (Score: 100)
2025-07-27 13:49:24,326 - EnhancedCBTCollector - INFO - Starting enhanced collection from nice_depression: https://www.nice.org.uk/guidance/qs14 (depth: 2)
2025-07-27 13:49:24,627 - EnhancedCBTCollector - INFO - Collected high-quality content from https://www.nice.org.uk/guidance/qs14 (Score: 75)
2025-07-27 13:49:32,656 - EnhancedCBTCollector - INFO - Starting enhanced collection from nice_depression: https://www.nice.org.uk/about/who-we-are/sustainability (depth: 1)
2025-07-27 13:49:32,747 - EnhancedCBTCollector - INFO - Collected high-quality content from https://www.nice.org.uk/about/who-we-are/sustainability (Score: 100)
2025-07-27 13:49:34,759 - EnhancedCBTCollector - INFO - Starting enhanced collection from nice_depression: https://www.who.int/news-room/fact-sheets/detail/climate-change-and-health (depth: 2)
2025-07-27 13:49:34,871 - EnhancedCBTCollector - INFO - Collected high-quality content from https://www.who.int/news-room/fact-sheets/detail/climate-change-and-health (Score: 70)
2025-07-27 13:49:42,911 - EnhancedCBTCollector - INFO - Starting enhanced collection from nice_depression: https://www.legislation.gov.uk/ukpga/2022/31/contents/enacted (depth: 2)
2025-07-27 13:49:43,665 - EnhancedCBTCollector - WARNING - Content from https://www.legislation.gov.uk/ukpga/2022/31/contents/enacted failed quality assessment (Score: 0)
2025-07-27 13:49:51,812 - EnhancedCBTCollector - INFO - Starting enhanced collection from nice_depression: https://www.nice.org.uk/about/what-we-do/our-research-work/hta-lab (depth: 2)
2025-07-27 13:49:51,906 - EnhancedCBTCollector - WARNING - Content from https://www.nice.org.uk/about/what-we-do/our-research-work/hta-lab failed quality assessment (Score: 0)
2025-07-27 13:49:51,912 - EnhancedCBTCollector - INFO - Saved 11 items to cbt_data\raw_data\clinical_guidelines\nice_depression_20250727_134951.json
2025-07-27 13:49:56,927 - EnhancedCBTCollector - INFO - Collecting from nice_anxiety (Priority: 1)
2025-07-27 13:49:56,927 - EnhancedCBTCollector - INFO - Starting enhanced collection from nice_anxiety: https://www.nice.org.uk/guidance/cg113 (depth: 0)
2025-07-27 13:49:57,211 - EnhancedCBTCollector - INFO - Collected high-quality content from https://www.nice.org.uk/guidance/cg113 (Score: 85)
2025-07-27 13:49:59,216 - EnhancedCBTCollector - INFO - Starting enhanced collection from nice_anxiety: https://www.nice.org.uk/guidance/cg136 (depth: 1)
2025-07-27 13:49:59,311 - EnhancedCBTCollector - INFO - Collected high-quality content from https://www.nice.org.uk/guidance/cg136 (Score: 85)
2025-07-27 13:50:01,318 - EnhancedCBTCollector - INFO - Starting enhanced collection from nice_anxiety: https://www.nice.org.uk/guidance/cg136/resources/2021-surveillance-of-service-user-experience-in-adult-mental-health-improving-the-experience-of-care-for-people-using-adult-nhs-mental-health-services-nice-guideline-cg136-8962432237/chapter/Surveillance-decision?tab=evidence (depth: 2)
2025-07-27 13:50:01,420 - EnhancedCBTCollector - INFO - Collected high-quality content from https://www.nice.org.uk/guidance/cg136/resources/2021-surveillance-of-service-user-experience-in-adult-mental-health-improving-the-experience-of-care-for-people-using-adult-nhs-mental-health-services-nice-guideline-cg136-8962432237/chapter/Surveillance-decision?tab=evidence (Score: 75)
2025-07-27 13:50:09,462 - EnhancedCBTCollector - INFO - Starting enhanced collection from nice_anxiety: https://www.nice.org.uk/about/who-we-are/sustainability (depth: 2)
2025-07-27 13:50:09,561 - EnhancedCBTCollector - INFO - Collected high-quality content from https://www.nice.org.uk/about/who-we-are/sustainability (Score: 100)
2025-07-27 13:50:17,593 - EnhancedCBTCollector - INFO - Starting enhanced collection from nice_anxiety: https://www.nice.org.uk/guidance/qs14 (depth: 2)
2025-07-27 13:50:17,701 - EnhancedCBTCollector - INFO - Collected high-quality content from https://www.nice.org.uk/guidance/qs14 (Score: 75)
2025-07-27 13:50:25,724 - EnhancedCBTCollector - INFO - Starting enhanced collection from nice_anxiety: https://www.nice.org.uk/about/who-we-are/sustainability (depth: 1)
2025-07-27 13:50:25,812 - EnhancedCBTCollector - INFO - Collected high-quality content from https://www.nice.org.uk/about/who-we-are/sustainability (Score: 100)
2025-07-27 13:50:27,826 - EnhancedCBTCollector - INFO - Starting enhanced collection from nice_anxiety: https://www.who.int/news-room/fact-sheets/detail/climate-change-and-health (depth: 2)
2025-07-27 13:50:27,933 - EnhancedCBTCollector - INFO - Collected high-quality content from https://www.who.int/news-room/fact-sheets/detail/climate-change-and-health (Score: 70)
2025-07-27 13:50:35,990 - EnhancedCBTCollector - INFO - Starting enhanced collection from nice_anxiety: https://www.legislation.gov.uk/ukpga/2022/31/contents/enacted (depth: 2)
2025-07-27 13:50:36,733 - EnhancedCBTCollector - WARNING - Content from https://www.legislation.gov.uk/ukpga/2022/31/contents/enacted failed quality assessment (Score: 0)
2025-07-27 13:50:44,853 - EnhancedCBTCollector - INFO - Starting enhanced collection from nice_anxiety: https://www.nice.org.uk/about/what-we-do/our-research-work/hta-lab (depth: 2)
2025-07-27 13:50:44,949 - EnhancedCBTCollector - WARNING - Content from https://www.nice.org.uk/about/what-we-do/our-research-work/hta-lab failed quality assessment (Score: 0)
2025-07-27 13:50:46,958 - EnhancedCBTCollector - INFO - Starting enhanced collection from nice_anxiety: https://www.nice.org.uk/guidance/qs53 (depth: 1)
2025-07-27 13:50:47,057 - EnhancedCBTCollector - INFO - Collected high-quality content from https://www.nice.org.uk/guidance/qs53 (Score: 65)
2025-07-27 13:50:49,072 - EnhancedCBTCollector - INFO - Starting enhanced collection from nice_anxiety: https://gov.wales/national-institute-health-and-care-excellence-nice-guidelines (depth: 2)
2025-07-27 13:50:49,306 - EnhancedCBTCollector - INFO - Collected high-quality content from https://gov.wales/national-institute-health-and-care-excellence-nice-guidelines (Score: 90)
2025-07-27 13:50:57,337 - EnhancedCBTCollector - INFO - Starting enhanced collection from nice_anxiety: http://www.anxietyuk.org.uk (depth: 2)
2025-07-27 13:50:59,273 - EnhancedCBTCollector - INFO - Collected high-quality content from http://www.anxietyuk.org.uk (Score: 60)
2025-07-27 13:51:05,302 - EnhancedCBTCollector - INFO - Starting enhanced collection from nice_anxiety: http://www.cmhp.org.uk/ (depth: 2)
2025-07-27 13:51:07,162 - EnhancedCBTCollector - INFO - Collected high-quality content from http://www.cmhp.org.uk/ (Score: 50)
2025-07-27 13:51:13,199 - EnhancedCBTCollector - INFO - Saved 11 items to cbt_data\raw_data\clinical_guidelines\nice_anxiety_20250727_135113.json
2025-07-27 13:51:18,208 - EnhancedCBTCollector - INFO - Collection report saved to cbt_data\quality_reports\collection_report_20250727_135118.json
2025-07-27 13:51:18,208 - EnhancedCBTCollector - INFO - Collection summary: 80 items from 7/7 sources
